2026-09-14 11:30:54,450 INFO asdec.enrichers.lists.service: Adding domains from the Majestic_Million feed.
2026-09-14 11:33:54,410 INFO asdec.enrichers.lists.service: Finished adding domains from the Majestic_Million feed.
2026-09-14 11:33:54,411 INFO asdec.enrichers.lists.service: Feed Majestic_Million had 1000000 new domains added to the database!
2026-09-14 11:33:54,411 INFO asdec.enrichers.lists.service: Adding domains from the IOClist feed.
2026-09-14 11:33:56,425 INFO asdec.enrichers.lists.service: Finished adding domains from the IOClist feed.
2026-09-14 11:33:56,425 INFO asdec.enrichers.lists.service: Feed IOClist had 2 new domains added to the database!
2026-09-14 11:33:56,425 INFO asdec.enrichers.lists.service: Adding domains from the DNSBunker-Malware feed.
2026-09-14 11:33:57,694 INFO asdec.enrichers.lists.service: Finished adding domains from the DNSBunker-Malware feed.
2026-09-14 11:33:57,694 INFO asdec.enrichers.lists.service: Feed DNSBunker-Malware had 699 new domains added to the database!
2026-09-14 11:33:57,694 INFO asdec.enrichers.lists.service: Adding domains from the NoTrack feed.
2026-09-14 11:33:58,070 INFO asdec.enrichers.lists.service: Finished adding domains from the NoTrack feed.
2026-09-14 11:33:58,070 INFO asdec.enrichers.lists.service: Feed NoTrack had 105 new domains added to the database!
2026-09-14 11:33:58,070 INFO asdec.enrichers.lists.service: Adding domains from the Spyware_Filters feed.
2026-09-14 11:33:58,804 INFO asdec.enrichers.lists.service: Finished adding domains from the Spyware_Filters feed.
2026-09-14 11:33:58,804 INFO asdec.enrichers.lists.service: Feed Spyware_Filters had 1141 new domains added to the database!
2026-09-14 11:33:58,804 INFO asdec.enrichers.lists.service: Adding domains from the Stalkerware_Indicators-1 feed.
2026-09-14 11:33:59,248 INFO asdec.enrichers.lists.service: Finished adding domains from the Stalkerware_Indicators-1 feed.
2026-09-14 11:33:59,248 INFO asdec.enrichers.lists.service: Feed Stalkerware_Indicators-1 had 916 new domains added to the database!
2026-09-14 11:33:59,248 INFO asdec.enrichers.lists.service: Adding domains from the Stalkerware_Indicators-2 feed.
2026-09-14 11:33:59,906 INFO asdec.enrichers.lists.service: Finished adding domains from the Stalkerware_Indicators-2 feed.
2026-09-14 11:33:59,906 INFO asdec.enrichers.lists.service: Feed Stalkerware_Indicators-2 had 32 new domains added to the database!
2026-09-14 11:33:59,907 INFO asdec.enrichers.lists.service: Adding domains from the Anti-Malware_Domains-1 feed.
2026-09-14 11:34:03,862 INFO asdec.enrichers.lists.service: Finished adding domains from the Anti-Malware_Domains-1 feed.
2026-09-14 11:34:03,862 INFO asdec.enrichers.lists.service: Feed Anti-Malware_Domains-1 had 11670 new domains added to the database!
2026-09-14 11:34:03,862 INFO asdec.enrichers.lists.service: Adding domains from the Anti-Malware_Domains-2 feed.
2026-09-14 11:34:06,383 INFO asdec.enrichers.lists.service: Finished adding domains from the Anti-Malware_Domains-2 feed.
2026-09-14 11:34:06,384 INFO asdec.enrichers.lists.service: Feed Anti-Malware_Domains-2 had 6302 new domains added to the database!
2026-09-14 11:34:06,384 INFO asdec.enrichers.lists.service: Adding domains from the Malware_Domains-1 feed.
2026-09-14 11:34:07,463 INFO asdec.enrichers.lists.service: Finished adding domains from the Malware_Domains-1 feed.
2026-09-14 11:34:07,463 INFO asdec.enrichers.lists.service: Feed Malware_Domains-1 had 1385 new domains added to the database!
2026-09-14 11:34:07,463 INFO asdec.enrichers.lists.service: Adding domains from the Maltrail_Malware_Domains feed.
2026-09-14 11:39:23,896 INFO asdec.enrichers.lists.service: Finished adding domains from the Maltrail_Malware_Domains feed.
2026-09-14 11:39:23,896 INFO asdec.enrichers.lists.service: Feed Maltrail_Malware_Domains had 980377 new domains added to the database!
2026-09-14 11:39:23,897 INFO asdec.enrichers.lists.service: Adding domains from the uBlockFilters feed.
2026-09-14 11:39:26,513 INFO asdec.enrichers.lists.service: Finished adding domains from the uBlockFilters feed.
2026-09-14 11:39:26,513 INFO asdec.enrichers.lists.service: Feed uBlockFilters had 2610 new domains added to the database!
2026-09-14 11:39:26,514 INFO asdec.enrichers.lists.service: Adding domains from the Miguel_de_Moura_Malware_List feed.
2026-09-14 11:40:09,670 INFO asdec.enrichers.lists.service: Finished adding domains from the Miguel_de_Moura_Malware_List feed.
2026-09-14 11:40:09,670 INFO asdec.enrichers.lists.service: Feed Miguel_de_Moura_Malware_List had 154059 new domains added to the database!
2026-09-14 11:40:09,670 INFO asdec.enrichers.lists.service: Adding domains from the ShadowWhisperer_Blocklist-malware feed.
2026-09-14 11:40:24,953 INFO asdec.enrichers.lists.service: Finished adding domains from the ShadowWhisperer_Blocklist-malware feed.
2026-09-14 11:40:24,953 INFO asdec.enrichers.lists.service: Feed ShadowWhisperer_Blocklist-malware had 38942 new domains added to the database!
2026-09-14 11:40:24,953 INFO asdec.enrichers.lists.service: Adding domains from the Pegasus-Related_Domains feed.
2026-09-14 11:40:26,190 INFO asdec.enrichers.lists.service: Feed Pegasus-Related_Domains had 0 new domains added to the database!
2026-09-14 11:40:26,190 INFO asdec.enrichers.lists.service: Adding domains from the Indian-Made_Spyware feed.
2026-09-14 11:40:26,514 INFO asdec.enrichers.lists.service: Finished adding domains from the Indian-Made_Spyware feed.
2026-09-14 11:40:26,515 INFO asdec.enrichers.lists.service: Feed Indian-Made_Spyware had 13 new domains added to the database!
2026-09-14 11:40:26,515 INFO asdec.enrichers.lists.service: Adding domains from the Wintego_Helios_Spyware_Domains feed.
2026-09-14 11:40:27,019 INFO asdec.enrichers.lists.service: Finished adding domains from the Wintego_Helios_Spyware_Domains feed.
2026-09-14 11:40:27,019 INFO asdec.enrichers.lists.service: Feed Wintego_Helios_Spyware_Domains had 175 new domains added to the database!
2026-09-14 11:40:27,019 INFO asdec.enrichers.lists.service: Adding domains from the Cytrox_Spyware_Domains feed.
2026-09-14 11:40:27,507 INFO asdec.enrichers.lists.service: Finished adding domains from the Cytrox_Spyware_Domains feed.
2026-09-14 11:40:27,507 INFO asdec.enrichers.lists.service: Feed Cytrox_Spyware_Domains had 10 new domains added to the database!
2026-09-14 11:40:27,507 INFO asdec.enrichers.lists.service: Adding domains from the FinSpy_Domains feed.
2026-09-14 11:40:27,854 INFO asdec.enrichers.lists.service: Finished adding domains from the FinSpy_Domains feed.
2026-09-14 11:40:27,854 INFO asdec.enrichers.lists.service: Feed FinSpy_Domains had 3 new domains added to the database!
2026-09-14 11:40:27,855 INFO asdec.enrichers.lists.service: Adding domains from the Android_Hacking_Campaign_Linked_to_Mercenary_Spyware_Company feed.
2026-09-14 11:40:28,942 INFO asdec.enrichers.lists.service: Finished adding domains from the Android_Hacking_Campaign_Linked_to_Mercenary_Spyware_Company feed.
2026-09-14 11:40:28,942 INFO asdec.enrichers.lists.service: Feed Android_Hacking_Campaign_Linked_to_Mercenary_Spyware_Company had 2179 new domains added to the database!
2026-09-14 11:40:28,942 INFO asdec.enrichers.lists.service: Adding domains from the Malware_Domains-2 feed.
2026-09-14 11:41:58,516 INFO asdec.enrichers.lists.service: Finished adding domains from the Malware_Domains-2 feed.
2026-09-14 11:41:58,517 INFO asdec.enrichers.lists.service: Feed Malware_Domains-2 had 229015 new domains added to the database!
2026-09-14 11:41:58,517 INFO asdec.enrichers.lists.service: Adding domains from the Stalkerware_Domains feed.
2026-09-14 11:41:59,376 INFO asdec.enrichers.lists.service: Finished adding domains from the Stalkerware_Domains feed.
2026-09-14 11:41:59,376 INFO asdec.enrichers.lists.service: Feed Stalkerware_Domains had 15 new domains added to the database!
2026-09-14 11:41:59,376 INFO asdec.enrichers.lists.service: Adding domains from the Dandelion_Sprout's_Anti-Malware_List feed.
2026-09-14 11:42:03,721 INFO asdec.enrichers.lists.service: Finished adding domains from the Dandelion_Sprout's_Anti-Malware_List feed.
2026-09-14 11:42:03,722 INFO asdec.enrichers.lists.service: Feed Dandelion_Sprout's_Anti-Malware_List had 59 new domains added to the database!
2026-09-14 11:42:03,722 INFO asdec.enrichers.lists.service: Adding domains from the Malware_List feed.
2026-09-14 11:44:29,972 INFO asdec.enrichers.lists.service: Finished adding domains from the Malware_List feed.
2026-09-14 11:44:29,972 INFO asdec.enrichers.lists.service: Feed Malware_List had 421969 new domains added to the database!
2026-09-14 11:44:29,973 INFO asdec.enrichers.lists.service: Adding domains from the Ransomware_List feed.
2026-09-14 11:44:31,712 INFO asdec.enrichers.lists.service: Finished adding domains from the Ransomware_List feed.
2026-09-14 11:44:31,712 INFO asdec.enrichers.lists.service: Feed Ransomware_List had 2 new domains added to the database!
2026-09-14 11:44:31,712 INFO asdec.enrichers.lists.service: Adding domains from the Malware_Domains-3 feed.
2026-09-14 11:44:32,502 INFO asdec.enrichers.lists.service: Feed Malware_Domains-3 had 0 new domains added to the database!
2026-09-14 11:44:32,502 INFO asdec.enrichers.lists.service: Adding domains from the Badware_List feed.
2026-09-14 11:44:33,677 INFO asdec.enrichers.lists.service: Feed Badware_List had 0 new domains added to the database!
2026-09-14 11:44:33,678 INFO asdec.enrichers.lists.service: Adding domains from the Kushari feed.
2026-09-14 11:44:34,480 INFO asdec.enrichers.lists.service: Finished adding domains from the Kushari feed.
2026-09-14 11:44:34,480 INFO asdec.enrichers.lists.service: Feed Kushari had 117 new domains added to the database!
2026-09-14 11:44:34,480 INFO asdec.enrichers.lists.service: Adding domains from the DNSBunker-Phishing feed.
2026-09-14 11:44:35,394 INFO asdec.enrichers.lists.service: Finished adding domains from the DNSBunker-Phishing feed.
2026-09-14 11:44:35,394 INFO asdec.enrichers.lists.service: Feed DNSBunker-Phishing had 14 new domains added to the database!
2026-09-14 11:44:35,394 INFO asdec.enrichers.lists.service: Adding domains from the DNSBunker-Fake feed.
2026-09-14 11:44:36,564 INFO asdec.enrichers.lists.service: Finished adding domains from the DNSBunker-Fake feed.
2026-09-14 11:44:36,564 INFO asdec.enrichers.lists.service: Feed DNSBunker-Fake had 484 new domains added to the database!
2026-09-14 11:44:36,564 INFO asdec.enrichers.lists.service: Adding domains from the DNSBunker-Scam feed.
2026-09-14 11:44:38,950 INFO asdec.enrichers.lists.service: Finished adding domains from the DNSBunker-Scam feed.
2026-09-14 11:44:38,951 INFO asdec.enrichers.lists.service: Feed DNSBunker-Scam had 78 new domains added to the database!
2026-09-14 11:44:38,951 INFO asdec.enrichers.lists.service: Adding domains from the Phishing_Database feed.
2026-09-14 11:44:40,352 INFO asdec.enrichers.lists.service: Finished adding domains from the Phishing_Database feed.
2026-09-14 11:44:40,352 INFO asdec.enrichers.lists.service: Feed Phishing_Database had 3025 new domains added to the database!
2026-09-14 11:44:40,352 INFO asdec.enrichers.lists.service: Adding domains from the Phishing_Database-Active feed.
2026-09-14 11:46:50,804 INFO asdec.enrichers.lists.service: Finished adding domains from the Phishing_Database-Active feed.
2026-09-14 11:46:50,804 INFO asdec.enrichers.lists.service: Feed Phishing_Database-Active had 375375 new domains added to the database!
2026-09-14 11:46:50,804 INFO asdec.enrichers.lists.service: Adding domains from the Phishing_Database-Wildcards feed.
2026-09-14 11:46:53,656 INFO asdec.enrichers.lists.service: Finished adding domains from the Phishing_Database-Wildcards feed.
2026-09-14 11:46:53,657 INFO asdec.enrichers.lists.service: Feed Phishing_Database-Wildcards had 1827 new domains added to the database!
2026-09-14 11:46:53,657 INFO asdec.enrichers.lists.service: Adding domains from the Phishing_Army feed.
2026-09-14 11:47:45,605 INFO asdec.enrichers.lists.service: Finished adding domains from the Phishing_Army feed.
2026-09-14 11:47:45,605 INFO asdec.enrichers.lists.service: Feed Phishing_Army had 39419 new domains added to the database!
2026-09-14 11:47:45,605 INFO asdec.enrichers.lists.service: Adding domains from the Phishing_Hosts feed.
2026-09-14 11:47:59,798 INFO asdec.enrichers.lists.service: Finished adding domains from the Phishing_Hosts feed.
2026-09-14 11:47:59,798 INFO asdec.enrichers.lists.service: Feed Phishing_Hosts had 16605 new domains added to the database!
2026-09-14 11:47:59,798 INFO asdec.enrichers.lists.service: Adding domains from the SinkingYachts feed.
2026-09-14 11:48:15,977 INFO asdec.enrichers.lists.service: Finished adding domains from the SinkingYachts feed.
2026-09-14 11:48:15,977 INFO asdec.enrichers.lists.service: Feed SinkingYachts had 41240 new domains added to the database!
2026-09-14 11:48:15,977 INFO asdec.enrichers.lists.service: Adding domains from the Phishing_Blocklist feed.
2026-09-14 11:48:16,826 INFO asdec.enrichers.lists.service: Finished adding domains from the Phishing_Blocklist feed.
2026-09-14 11:48:16,826 INFO asdec.enrichers.lists.service: Feed Phishing_Blocklist had 1254 new domains added to the database!
2026-09-14 11:48:16,827 INFO asdec.enrichers.lists.service: Adding domains from the eth-phishing-detect feed.
2026-09-14 11:48:17,652 INFO asdec.enrichers.lists.service: Finished adding domains from the eth-phishing-detect feed.
2026-09-14 11:48:17,652 INFO asdec.enrichers.lists.service: Feed eth-phishing-detect had 1055 new domains added to the database!
2026-09-14 11:48:17,652 INFO asdec.enrichers.lists.service: Adding domains from the Valdini_Phish_Feed feed.
2026-09-14 11:48:49,315 INFO asdec.enrichers.lists.service: Finished adding domains from the Valdini_Phish_Feed feed.
2026-09-14 11:48:49,315 INFO asdec.enrichers.lists.service: Feed Valdini_Phish_Feed had 83178 new domains added to the database!
2026-09-14 11:48:49,315 INFO asdec.enrichers.lists.service: Adding domains from the Valdini_Phish_feed-1 feed.
2026-09-14 11:49:32,983 INFO asdec.enrichers.lists.service: Finished adding domains from the Valdini_Phish_feed-1 feed.
2026-09-14 11:49:32,983 INFO asdec.enrichers.lists.service: Feed Valdini_Phish_feed-1 had 105308 new domains added to the database!
2026-09-14 11:49:32,983 INFO asdec.enrichers.lists.service: Adding domains from the Valdini_Phish_feed-2 feed.
2026-09-14 11:50:05,061 INFO asdec.enrichers.lists.service: Finished adding domains from the Valdini_Phish_feed-2 feed.
2026-09-14 11:50:05,061 INFO asdec.enrichers.lists.service: Feed Valdini_Phish_feed-2 had 82550 new domains added to the database!
2026-09-14 11:50:05,061 INFO asdec.enrichers.lists.service: Adding domains from the Valdini_Phish_feed-3 feed.
2026-09-14 11:50:48,282 INFO asdec.enrichers.lists.service: Finished adding domains from the Valdini_Phish_feed-3 feed.
2026-09-14 11:50:48,282 INFO asdec.enrichers.lists.service: Feed Valdini_Phish_feed-3 had 116077 new domains added to the database!
2026-09-14 11:50:48,282 INFO asdec.enrichers.lists.service: Adding domains from the Valdini_Phish_feed-4 feed.
2026-09-14 11:51:36,663 INFO asdec.enrichers.lists.service: Finished adding domains from the Valdini_Phish_feed-4 feed.
2026-09-14 11:51:36,663 INFO asdec.enrichers.lists.service: Feed Valdini_Phish_feed-4 had 122886 new domains added to the database!
2026-09-14 11:51:36,663 INFO asdec.enrichers.lists.service: Adding domains from the Valdini_Phish_feed-5 feed.
2026-09-14 11:52:24,376 INFO asdec.enrichers.lists.service: Finished adding domains from the Valdini_Phish_feed-5 feed.
2026-09-14 11:52:24,376 INFO asdec.enrichers.lists.service: Feed Valdini_Phish_feed-5 had 127591 new domains added to the database!
2026-09-14 11:52:24,376 INFO asdec.enrichers.lists.service: Adding domains from the Valdini_Phish_feed-6 feed.
2026-09-14 11:53:16,842 INFO asdec.enrichers.lists.service: Finished adding domains from the Valdini_Phish_feed-6 feed.
2026-09-14 11:53:16,843 INFO asdec.enrichers.lists.service: Feed Valdini_Phish_feed-6 had 115522 new domains added to the database!
2026-09-14 11:53:16,843 INFO asdec.enrichers.lists.service: Adding domains from the OpenPhish_Community_Phishing_Feed feed.
2026-09-14 11:53:17,284 INFO asdec.enrichers.lists.service: Finished adding domains from the OpenPhish_Community_Phishing_Feed feed.
2026-09-14 11:53:17,284 INFO asdec.enrichers.lists.service: Feed OpenPhish_Community_Phishing_Feed had 161 new domains added to the database!
2026-09-14 11:53:17,284 INFO asdec.enrichers.lists.service: Adding domains from the Destroylist:Phishing feed.
2026-09-14 11:54:31,244 INFO asdec.enrichers.lists.service: Finished adding domains from the Destroylist:Phishing feed.
2026-09-14 11:54:31,244 INFO asdec.enrichers.lists.service: Feed Destroylist:Phishing had 177786 new domains added to the database!
2026-09-14 11:54:31,245 INFO asdec.enrichers.lists.service: Adding domains from the ScamSniffer feed.
2026-09-14 11:56:55,313 INFO asdec.enrichers.lists.service: Finished adding domains from the ScamSniffer feed.
2026-09-14 11:56:55,313 INFO asdec.enrichers.lists.service: Feed ScamSniffer had 322059 new domains added to the database!
2026-09-14 11:56:55,313 INFO asdec.enrichers.lists.service: Adding domains from the Scam_Blocklist feed.
2026-09-14 11:56:57,828 INFO asdec.enrichers.lists.service: Finished adding domains from the Scam_Blocklist feed.
2026-09-14 11:56:57,828 INFO asdec.enrichers.lists.service: Feed Scam_Blocklist had 1765 new domains added to the database!
2026-09-14 11:56:57,828 INFO asdec.enrichers.lists.service: Adding domains from the Globa_Anti-Scam_Organization_Blocklist feed.
2026-09-14 11:57:02,370 INFO asdec.enrichers.lists.service: Finished adding domains from the Globa_Anti-Scam_Organization_Blocklist feed.
2026-09-14 11:57:02,371 INFO asdec.enrichers.lists.service: Feed Globa_Anti-Scam_Organization_Blocklist had 11026 new domains added to the database!
2026-09-14 11:57:02,371 INFO asdec.enrichers.lists.service: Adding domains from the ShadowWhisperer_Blocklist-phishing feed.
2026-09-14 11:57:07,317 INFO asdec.enrichers.lists.service: Finished adding domains from the ShadowWhisperer_Blocklist-phishing feed.
2026-09-14 11:57:07,318 INFO asdec.enrichers.lists.service: Feed ShadowWhisperer_Blocklist-phishing had 6934 new domains added to the database!
2026-09-14 11:57:07,318 INFO asdec.enrichers.lists.service: Adding domains from the Liste_Fake_shops feed.
2026-09-14 11:57:36,371 INFO asdec.enrichers.lists.service: Finished adding domains from the Liste_Fake_shops feed.
2026-09-14 11:57:36,372 INFO asdec.enrichers.lists.service: Feed Liste_Fake_shops had 35123 new domains added to the database!
2026-09-14 11:57:36,372 INFO asdec.enrichers.lists.service: Adding domains from the IOC_Repository-1 feed.
2026-09-14 11:57:39,782 INFO asdec.enrichers.lists.service: Finished adding domains from the IOC_Repository-1 feed.
2026-09-14 11:57:39,782 INFO asdec.enrichers.lists.service: Feed IOC_Repository-1 had 3685 new domains added to the database!
2026-09-14 11:57:39,782 INFO asdec.enrichers.lists.service: Adding domains from the IOC_Repository-2 feed.
2026-09-14 11:57:40,254 INFO asdec.enrichers.lists.service: Finished adding domains from the IOC_Repository-2 feed.
2026-09-14 11:57:40,254 INFO asdec.enrichers.lists.service: Feed IOC_Repository-2 had 31 new domains added to the database!
2026-09-14 11:57:40,255 INFO asdec.enrichers.lists.service: Adding domains from the IOC_Repository-3 feed.
2026-09-14 11:57:40,992 INFO asdec.enrichers.lists.service: Finished adding domains from the IOC_Repository-3 feed.
2026-09-14 11:57:40,992 INFO asdec.enrichers.lists.service: Feed IOC_Repository-3 had 416 new domains added to the database!
2026-09-14 11:57:40,992 INFO asdec.enrichers.lists.service: Adding domains from the Phishing_Domains feed.
2026-09-14 11:59:13,148 INFO asdec.enrichers.lists.service: Finished adding domains from the Phishing_Domains feed.
2026-09-14 11:59:13,148 INFO asdec.enrichers.lists.service: Feed Phishing_Domains had 1390 new domains added to the database!
2026-09-14 11:59:13,148 INFO asdec.enrichers.lists.service: Adding domains from the Scam_List feed.
2026-09-14 11:59:13,647 INFO asdec.enrichers.lists.service: Finished adding domains from the Scam_List feed.
2026-09-14 11:59:13,647 INFO asdec.enrichers.lists.service: Feed Scam_List had 224 new domains added to the database!
2026-09-14 11:59:13,647 INFO asdec.enrichers.lists.service: Adding domains from the Phishing_List feed.
2026-09-14 12:00:34,210 INFO asdec.enrichers.lists.service: Finished adding domains from the Phishing_List feed.
2026-09-14 12:00:34,210 INFO asdec.enrichers.lists.service: Feed Phishing_List had 178249 new domains added to the database!
2026-09-14 12:00:34,210 INFO asdec.enrichers.lists.service: Adding domains from the Fraud_List feed.
2026-09-14 12:01:47,323 INFO asdec.enrichers.lists.service: Finished adding domains from the Fraud_List feed.
2026-09-14 12:01:47,324 INFO asdec.enrichers.lists.service: Feed Fraud_List had 193718 new domains added to the database!
2026-09-14 12:01:47,324 INFO asdec.enrichers.lists.service: Adding domains from the Fake_Shop_Blocklist feed.
2026-09-14 12:01:49,963 INFO asdec.enrichers.lists.service: Finished adding domains from the Fake_Shop_Blocklist feed.
2026-09-14 12:01:49,963 INFO asdec.enrichers.lists.service: Feed Fake_Shop_Blocklist had 2315 new domains added to the database!
2026-09-14 12:01:49,963 INFO asdec.enrichers.lists.service: Adding domains from the Crypto_Scam_and_Crypto_Phishing_Threat_Intel_Feed feed.
2026-09-14 12:01:50,815 INFO asdec.enrichers.lists.service: Finished adding domains from the Crypto_Scam_and_Crypto_Phishing_Threat_Intel_Feed feed.
2026-09-14 12:01:50,815 INFO asdec.enrichers.lists.service: Feed Crypto_Scam_and_Crypto_Phishing_Threat_Intel_Feed had 797 new domains added to the database!
2026-09-14 12:01:50,815 INFO asdec.enrichers.lists.service: Adding domains from the Antispam-It feed.
2026-09-14 12:01:51,903 INFO asdec.enrichers.lists.service: Finished adding domains from the Antispam-It feed.
2026-09-14 12:01:51,903 INFO asdec.enrichers.lists.service: Feed Antispam-It had 1543 new domains added to the database!
2026-09-14 12:01:51,903 INFO asdec.enrichers.lists.service: Adding domains from the Spam_List-1 feed.
2026-09-14 12:01:52,370 INFO asdec.enrichers.lists.service: Finished adding domains from the Spam_List-1 feed.
2026-09-14 12:01:52,370 INFO asdec.enrichers.lists.service: Feed Spam_List-1 had 218 new domains added to the database!
2026-09-14 12:01:52,370 INFO asdec.enrichers.lists.service: Adding domains from the Stop_Forum_Spam feed.
2026-09-14 12:02:21,921 INFO asdec.enrichers.lists.service: Finished adding domains from the Stop_Forum_Spam feed.
2026-09-14 12:02:21,922 INFO asdec.enrichers.lists.service: Feed Stop_Forum_Spam had 74491 new domains added to the database!
2026-09-14 12:02:21,922 INFO asdec.enrichers.lists.service: Adding domains from the Spam_List-2 feed.
2026-09-14 12:02:23,753 INFO asdec.enrichers.lists.service: Finished adding domains from the Spam_List-2 feed.
2026-09-14 12:02:23,753 INFO asdec.enrichers.lists.service: Feed Spam_List-2 had 1025 new domains added to the database!
2026-09-14 12:02:23,753 INFO asdec.enrichers.lists.service: Adding domains from the OISD_Big feed.
2026-09-14 12:03:53,200 INFO asdec.enrichers.lists.service: Finished adding domains from the OISD_Big feed.
2026-09-14 12:03:53,200 INFO asdec.enrichers.lists.service: Feed OISD_Big had 88951 new domains added to the database!
2026-09-14 12:03:53,200 INFO asdec.enrichers.lists.service: Adding domains from the Slovenian_List feed.
2026-09-14 12:03:53,958 INFO asdec.enrichers.lists.service: Finished adding domains from the Slovenian_List feed.
2026-09-14 12:03:53,958 INFO asdec.enrichers.lists.service: Feed Slovenian_List had 135 new domains added to the database!
2026-09-14 12:03:53,958 INFO asdec.enrichers.lists.service: Adding domains from the EasyList_abpindo feed.
2026-09-14 12:03:57,050 INFO asdec.enrichers.lists.service: Finished adding domains from the EasyList_abpindo feed.
2026-09-14 12:03:57,050 INFO asdec.enrichers.lists.service: Feed EasyList_abpindo had 711 new domains added to the database!
2026-09-14 12:03:57,050 INFO asdec.enrichers.lists.service: Adding domains from the EasyList_antiadblockfilters feed.
2026-09-14 12:04:00,538 INFO asdec.enrichers.lists.service: Finished adding domains from the EasyList_antiadblockfilters feed.
2026-09-14 12:04:00,538 INFO asdec.enrichers.lists.service: Feed EasyList_antiadblockfilters had 458 new domains added to the database!
2026-09-14 12:04:00,538 INFO asdec.enrichers.lists.service: Adding domains from the EasyList_Bulgarian feed.
2026-09-14 12:04:02,926 INFO asdec.enrichers.lists.service: Finished adding domains from the EasyList_Bulgarian feed.
2026-09-14 12:04:02,926 INFO asdec.enrichers.lists.service: Feed EasyList_Bulgarian had 204 new domains added to the database!
2026-09-14 12:04:02,926 INFO asdec.enrichers.lists.service: Adding domains from the EasyList_China feed.
2026-09-14 12:04:10,894 INFO asdec.enrichers.lists.service: Finished adding domains from the EasyList_China feed.
2026-09-14 12:04:10,894 INFO asdec.enrichers.lists.service: Feed EasyList_China had 4601 new domains added to the database!
2026-09-14 12:04:10,894 INFO asdec.enrichers.lists.service: Adding domains from the EasyList_Czechslovak feed.
2026-09-14 12:04:11,728 INFO asdec.enrichers.lists.service: Finished adding domains from the EasyList_Czechslovak feed.
2026-09-14 12:04:11,728 INFO asdec.enrichers.lists.service: Feed EasyList_Czechslovak had 156 new domains added to the database!
2026-09-14 12:04:11,728 INFO asdec.enrichers.lists.service: Adding domains from the EasyList_Dutch feed.
2026-09-14 12:04:14,738 INFO asdec.enrichers.lists.service: Finished adding domains from the EasyList_Dutch feed.
2026-09-14 12:04:14,739 INFO asdec.enrichers.lists.service: Feed EasyList_Dutch had 482 new domains added to the database!
2026-09-14 12:04:14,739 INFO asdec.enrichers.lists.service: Adding domains from the EasyList_Germany feed.
2026-09-14 12:04:19,225 INFO asdec.enrichers.lists.service: Finished adding domains from the EasyList_Germany feed.
2026-09-14 12:04:19,226 INFO asdec.enrichers.lists.service: Feed EasyList_Germany had 1252 new domains added to the database!
2026-09-14 12:04:19,226 INFO asdec.enrichers.lists.service: Adding domains from the EasyList_Italy feed.
2026-09-14 12:04:23,493 INFO asdec.enrichers.lists.service: Finished adding domains from the EasyList_Italy feed.
2026-09-14 12:04:23,494 INFO asdec.enrichers.lists.service: Feed EasyList_Italy had 1928 new domains added to the database!
2026-09-14 12:04:23,494 INFO asdec.enrichers.lists.service: Adding domains from the EasyList_Lithuania feed.
2026-09-14 12:04:25,850 INFO asdec.enrichers.lists.service: Finished adding domains from the EasyList_Lithuania feed.
2026-09-14 12:04:25,851 INFO asdec.enrichers.lists.service: Feed EasyList_Lithuania had 387 new domains added to the database!
2026-09-14 12:04:25,851 INFO asdec.enrichers.lists.service: Adding domains from the EasyList_Polish feed.
2026-09-14 12:04:29,635 INFO asdec.enrichers.lists.service: Finished adding domains from the EasyList_Polish feed.
2026-09-14 12:04:29,635 INFO asdec.enrichers.lists.service: Feed EasyList_Polish had 1787 new domains added to the database!
2026-09-14 12:04:29,635 INFO asdec.enrichers.lists.service: Adding domains from the EasyList_Portuguese feed.
2026-09-14 12:04:32,333 INFO asdec.enrichers.lists.service: Finished adding domains from the EasyList_Portuguese feed.
2026-09-14 12:04:32,333 INFO asdec.enrichers.lists.service: Feed EasyList_Portuguese had 500 new domains added to the database!
2026-09-14 12:04:32,333 INFO asdec.enrichers.lists.service: Adding domains from the EasyList_Spanish feed.
2026-09-14 12:04:34,667 INFO asdec.enrichers.lists.service: Finished adding domains from the EasyList_Spanish feed.
2026-09-14 12:04:34,668 INFO asdec.enrichers.lists.service: Feed EasyList_Spanish had 687 new domains added to the database!
2026-09-14 12:04:34,668 INFO asdec.enrichers.lists.service: Adding domains from the EasyList feed.
2026-09-14 12:05:05,838 INFO asdec.enrichers.lists.service: Finished adding domains from the EasyList feed.
2026-09-14 12:05:05,838 INFO asdec.enrichers.lists.service: Feed EasyList had 16148 new domains added to the database!
2026-09-14 12:05:05,838 INFO asdec.enrichers.lists.service: Adding domains from the EasyPrivacy feed.
2026-09-14 12:05:26,560 INFO asdec.enrichers.lists.service: Finished adding domains from the EasyPrivacy feed.
2026-09-14 12:05:26,560 INFO asdec.enrichers.lists.service: Feed EasyPrivacy had 40877 new domains added to the database!
2026-09-14 12:05:26,561 INFO asdec.enrichers.lists.service: Adding domains from the EasyList_Indian feed.
2026-09-14 12:05:34,097 INFO asdec.enrichers.lists.service: Finished adding domains from the EasyList_Indian feed.
2026-09-14 12:05:34,097 INFO asdec.enrichers.lists.service: Feed EasyList_Indian had 6504 new domains added to the database!
2026-09-14 12:05:34,097 INFO asdec.enrichers.lists.service: Adding domains from the EasyList_Israel feed.
2026-09-14 12:05:35,655 INFO asdec.enrichers.lists.service: Finished adding domains from the EasyList_Israel feed.
2026-09-14 12:05:35,655 INFO asdec.enrichers.lists.service: Feed EasyList_Israel had 347 new domains added to the database!
2026-09-14 12:05:35,655 INFO asdec.enrichers.lists.service: Adding domains from the EasyList_Korean feed.
2026-09-14 12:05:37,939 INFO asdec.enrichers.lists.service: Finished adding domains from the EasyList_Korean feed.
2026-09-14 12:05:37,939 INFO asdec.enrichers.lists.service: Feed EasyList_Korean had 420 new domains added to the database!
2026-09-14 12:05:37,940 INFO asdec.enrichers.lists.service: Adding domains from the EasyList_Latvian feed.
2026-09-14 12:05:40,000 INFO asdec.enrichers.lists.service: Finished adding domains from the EasyList_Latvian feed.
2026-09-14 12:05:40,000 INFO asdec.enrichers.lists.service: Feed EasyList_Latvian had 98 new domains added to the database!
2026-09-14 12:05:40,000 INFO asdec.enrichers.lists.service: Adding domains from the EasyList_AR feed.
2026-09-14 12:05:41,655 INFO asdec.enrichers.lists.service: Finished adding domains from the EasyList_AR feed.
2026-09-14 12:05:41,655 INFO asdec.enrichers.lists.service: Feed EasyList_AR had 387 new domains added to the database!
2026-09-14 12:05:41,655 INFO asdec.enrichers.lists.service: Adding domains from the EasyList_FR feed.
2026-09-14 12:05:48,029 INFO asdec.enrichers.lists.service: Finished adding domains from the EasyList_FR feed.
2026-09-14 12:05:48,029 INFO asdec.enrichers.lists.service: Feed EasyList_FR had 3787 new domains added to the database!
2026-09-14 12:05:48,029 INFO asdec.enrichers.lists.service: Adding domains from the EasyList_RU feed.
2026-09-14 12:05:59,466 INFO asdec.enrichers.lists.service: Finished adding domains from the EasyList_RU feed.
2026-09-14 12:05:59,466 INFO asdec.enrichers.lists.service: Feed EasyList_RU had 12190 new domains added to the database!
2026-09-14 12:05:59,467 INFO asdec.enrichers.lists.service: Adding domains from the AdblockList_PeterLowe feed.
2026-09-14 12:06:03,391 INFO asdec.enrichers.lists.service: Finished adding domains from the AdblockList_PeterLowe feed.
2026-09-14 12:06:03,391 INFO asdec.enrichers.lists.service: Feed AdblockList_PeterLowe had 697 new domains added to the database!
2026-09-14 12:06:03,391 INFO asdec.enrichers.lists.service: Adding domains from the 1Hosts feed.
2026-09-14 12:06:41,576 INFO asdec.enrichers.lists.service: Finished adding domains from the 1Hosts feed.
2026-09-14 12:06:41,576 INFO asdec.enrichers.lists.service: Feed 1Hosts had 41962 new domains added to the database!
2026-09-14 12:06:41,576 INFO asdec.enrichers.lists.service: Adding domains from the HostsVN_Vietna feed.
2026-09-14 12:06:42,211 INFO asdec.enrichers.lists.service: Finished adding domains from the HostsVN_Vietna feed.
2026-09-14 12:06:42,211 INFO asdec.enrichers.lists.service: Feed HostsVN_Vietna had 106 new domains added to the database!
2026-09-14 12:06:42,211 INFO asdec.enrichers.lists.service: Adding domains from the Turk-AdList feed.
2026-09-14 12:06:42,922 INFO asdec.enrichers.lists.service: Finished adding domains from the Turk-AdList feed.
2026-09-14 12:06:42,922 INFO asdec.enrichers.lists.service: Feed Turk-AdList had 552 new domains added to the database!
2026-09-14 12:06:42,922 INFO asdec.enrichers.lists.service: Adding domains from the SwedishList feed.
2026-09-14 12:06:44,228 INFO asdec.enrichers.lists.service: Finished adding domains from the SwedishList feed.
2026-09-14 12:06:44,228 INFO asdec.enrichers.lists.service: Feed SwedishList had 917 new domains added to the database!
2026-09-14 12:06:44,228 INFO asdec.enrichers.lists.service: Adding domains from the Macedonian_Adblock_Filters feed.
2026-09-14 12:06:44,905 INFO asdec.enrichers.lists.service: Finished adding domains from the Macedonian_Adblock_Filters feed.
2026-09-14 12:06:44,905 INFO asdec.enrichers.lists.service: Feed Macedonian_Adblock_Filters had 181 new domains added to the database!
2026-09-14 12:06:44,905 INFO asdec.enrichers.lists.service: Adding domains from the EasyList_Adult_server_popup feed.
2026-09-14 12:06:45,241 INFO asdec.enrichers.lists.service: Feed EasyList_Adult_server_popup had 0 new domains added to the database!
2026-09-14 12:06:45,241 INFO asdec.enrichers.lists.service: Adding domains from the EasyList_Adservers_popup feed.
2026-09-14 12:06:46,742 INFO asdec.enrichers.lists.service: Feed EasyList_Adservers_popup had 0 new domains added to the database!
2026-09-14 12:06:46,742 INFO asdec.enrichers.lists.service: Adding domains from the jpgpi250 feed.
2026-09-14 12:06:48,643 INFO asdec.enrichers.lists.service: Finished adding domains from the jpgpi250 feed.
2026-09-14 12:06:48,643 INFO asdec.enrichers.lists.service: Feed jpgpi250 had 4004 new domains added to the database!
2026-09-14 12:06:48,643 INFO asdec.enrichers.lists.service: Adding domains from the HiltopAds_Domains_List feed.
2026-09-14 12:06:48,945 INFO asdec.enrichers.lists.service: Feed HiltopAds_Domains_List had 0 new domains added to the database!
2026-09-14 12:06:48,945 INFO asdec.enrichers.lists.service: Adding domains from the PopAds_Domains_Filter_List feed.
2026-09-14 12:06:49,260 INFO asdec.enrichers.lists.service: Feed PopAds_Domains_Filter_List had 0 new domains added to the database!
2026-09-14 12:06:49,260 INFO asdec.enrichers.lists.service: Adding domains from the PropellerAds_Domains feed.
2026-09-14 12:06:49,579 INFO asdec.enrichers.lists.service: Feed PropellerAds_Domains had 0 new domains added to the database!
2026-09-14 12:06:49,579 INFO asdec.enrichers.lists.service: Adding domains from the Polish_filters feed.
2026-09-14 12:06:50,224 INFO asdec.enrichers.lists.service: Finished adding domains from the Polish_filters feed.
2026-09-14 12:06:50,224 INFO asdec.enrichers.lists.service: Feed Polish_filters had 872 new domains added to the database!
2026-09-14 12:06:50,224 INFO asdec.enrichers.lists.service: Adding domains from the PersianBlockerAds feed.
2026-09-14 12:06:50,582 INFO asdec.enrichers.lists.service: Finished adding domains from the PersianBlockerAds feed.
2026-09-14 12:06:50,583 INFO asdec.enrichers.lists.service: Feed PersianBlockerAds had 7 new domains added to the database!
2026-09-14 12:06:50,583 INFO asdec.enrichers.lists.service: Adding domains from the Miguel_de_Mour's_Ads_List feed.
2026-09-14 12:06:57,019 INFO asdec.enrichers.lists.service: Finished adding domains from the Miguel_de_Mour's_Ads_List feed.
2026-09-14 12:06:57,020 INFO asdec.enrichers.lists.service: Feed Miguel_de_Mour's_Ads_List had 12091 new domains added to the database!
2026-09-14 12:06:57,020 INFO asdec.enrichers.lists.service: Adding domains from the AdBlockID_realodix feed.
2026-09-14 12:06:59,616 INFO asdec.enrichers.lists.service: Finished adding domains from the AdBlockID_realodix feed.
2026-09-14 12:06:59,616 INFO asdec.enrichers.lists.service: Feed AdBlockID_realodix had 3607 new domains added to the database!
2026-09-14 12:06:59,616 INFO asdec.enrichers.lists.service: Adding domains from the ShadowWhisperer_Blocklist-ad feed.
2026-09-14 12:07:14,067 INFO asdec.enrichers.lists.service: Finished adding domains from the ShadowWhisperer_Blocklist-ad feed.
2026-09-14 12:07:14,067 INFO asdec.enrichers.lists.service: Feed ShadowWhisperer_Blocklist-ad had 16679 new domains added to the database!
2026-09-14 12:07:14,067 INFO asdec.enrichers.lists.service: Adding domains from the AdBlock_List-tofukko feed.
2026-09-14 12:07:15,899 INFO asdec.enrichers.lists.service: Finished adding domains from the AdBlock_List-tofukko feed.
2026-09-14 12:07:15,899 INFO asdec.enrichers.lists.service: Feed AdBlock_List-tofukko had 1004 new domains added to the database!
2026-09-14 12:07:15,899 INFO asdec.enrichers.lists.service: Adding domains from the Ukrainian_Filters feed.
2026-09-14 12:07:16,767 INFO asdec.enrichers.lists.service: Finished adding domains from the Ukrainian_Filters feed.
2026-09-14 12:07:16,768 INFO asdec.enrichers.lists.service: Feed Ukrainian_Filters had 113 new domains added to the database!
2026-09-14 12:07:16,768 INFO asdec.enrichers.lists.service: Adding domains from the AdGuard_DNS_Filter feed.
2026-09-14 12:08:17,763 INFO asdec.enrichers.lists.service: Finished adding domains from the AdGuard_DNS_Filter feed.
2026-09-14 12:08:17,763 INFO asdec.enrichers.lists.service: Feed AdGuard_DNS_Filter had 76362 new domains added to the database!
2026-09-14 12:08:17,763 INFO asdec.enrichers.lists.service: Adding domains from the SurgeList_geekdada feed.
2026-09-14 12:08:36,897 INFO asdec.enrichers.lists.service: Finished adding domains from the SurgeList_geekdada feed.
2026-09-14 12:08:36,897 INFO asdec.enrichers.lists.service: Feed SurgeList_geekdada had 4490 new domains added to the database!
2026-09-14 12:08:36,897 INFO asdec.enrichers.lists.service: Adding domains from the HufilterDNS feed.
2026-09-14 12:08:37,082 INFO asdec.enrichers.lists.service: Feed HufilterDNS had 0 new domains added to the database!
2026-09-14 12:08:37,082 INFO asdec.enrichers.lists.service: Adding domains from the FiltersShare-1st feed.
2026-09-14 12:08:37,271 INFO asdec.enrichers.lists.service: Finished adding domains from the FiltersShare-1st feed.
2026-09-14 12:08:37,271 INFO asdec.enrichers.lists.service: Feed FiltersShare-1st had 1 new domains added to the database!
2026-09-14 12:08:37,271 INFO asdec.enrichers.lists.service: Adding domains from the FiltersShare-3rd feed.
2026-09-14 12:08:37,526 INFO asdec.enrichers.lists.service: Finished adding domains from the FiltersShare-3rd feed.
2026-09-14 12:08:37,526 INFO asdec.enrichers.lists.service: Feed FiltersShare-3rd had 9 new domains added to the database!
2026-09-14 12:08:37,526 INFO asdec.enrichers.lists.service: Adding domains from the DNSBunker-AD feed.
2026-09-14 12:08:38,485 INFO asdec.enrichers.lists.service: Feed DNSBunker-AD had 0 new domains added to the database!
2026-09-14 12:08:38,486 INFO asdec.enrichers.lists.service: Adding domains from the DNSBunker-Popup feed.
2026-09-14 12:08:39,381 INFO asdec.enrichers.lists.service: Finished adding domains from the DNSBunker-Popup feed.
2026-09-14 12:08:39,381 INFO asdec.enrichers.lists.service: Feed DNSBunker-Popup had 3 new domains added to the database!
2026-09-14 12:08:39,381 INFO asdec.enrichers.lists.service: Adding domains from the NoTrack_Blocklist feed.
2026-09-14 12:08:40,188 INFO asdec.enrichers.lists.service: Finished adding domains from the NoTrack_Blocklist feed.
2026-09-14 12:08:40,189 INFO asdec.enrichers.lists.service: Feed NoTrack_Blocklist had 9 new domains added to the database!
2026-09-14 12:08:40,189 INFO asdec.enrichers.lists.service: Adding domains from the AdBlockPlus_abpvn feed.
2026-09-14 12:08:40,624 INFO asdec.enrichers.lists.service: Finished adding domains from the AdBlockPlus_abpvn feed.
2026-09-14 12:08:40,624 INFO asdec.enrichers.lists.service: Feed AdBlockPlus_abpvn had 275 new domains added to the database!
2026-09-14 12:08:40,625 INFO asdec.enrichers.lists.service: Adding domains from the AdGuardFilter feed.
2026-09-14 12:08:41,135 INFO asdec.enrichers.lists.service: Finished adding domains from the AdGuardFilter feed.
2026-09-14 12:08:41,135 INFO asdec.enrichers.lists.service: Feed AdGuardFilter had 8 new domains added to the database!
2026-09-14 12:08:41,136 INFO asdec.enrichers.lists.service: Adding domains from the Publicite_Domains-cbuijs feed.
2026-09-14 12:08:42,786 INFO asdec.enrichers.lists.service: Finished adding domains from the Publicite_Domains-cbuijs feed.
2026-09-14 12:08:42,786 INFO asdec.enrichers.lists.service: Feed Publicite_Domains-cbuijs had 1171 new domains added to the database!
2026-09-14 12:08:42,786 INFO asdec.enrichers.lists.service: Adding domains from the AdBlockPlus_damengzhu feed.
2026-09-14 12:08:45,378 INFO asdec.enrichers.lists.service: Finished adding domains from the AdBlockPlus_damengzhu feed.
2026-09-14 12:08:45,378 INFO asdec.enrichers.lists.service: Feed AdBlockPlus_damengzhu had 4022 new domains added to the database!
2026-09-14 12:08:45,378 INFO asdec.enrichers.lists.service: Adding domains from the Dandelion_Sprout's_All_Nordic_Filters feed.
2026-09-14 12:08:47,563 INFO asdec.enrichers.lists.service: Finished adding domains from the Dandelion_Sprout's_All_Nordic_Filters feed.
2026-09-14 12:08:47,563 INFO asdec.enrichers.lists.service: Feed Dandelion_Sprout's_All_Nordic_Filters had 733 new domains added to the database!
2026-09-14 12:08:47,563 INFO asdec.enrichers.lists.service: Adding domains from the Dandelion_Sprout's_Serbo_Croatian_filters feed.
2026-09-14 12:08:47,877 INFO asdec.enrichers.lists.service: Finished adding domains from the Dandelion_Sprout's_Serbo_Croatian_filters feed.
2026-09-14 12:08:47,877 INFO asdec.enrichers.lists.service: Feed Dandelion_Sprout's_Serbo_Croatian_filters had 72 new domains added to the database!
2026-09-14 12:08:47,877 INFO asdec.enrichers.lists.service: Adding domains from the Adversiment_Providers feed.
2026-09-14 12:08:48,457 INFO asdec.enrichers.lists.service: Finished adding domains from the Adversiment_Providers feed.
2026-09-14 12:08:48,457 INFO asdec.enrichers.lists.service: Feed Adversiment_Providers had 255 new domains added to the database!
2026-09-14 12:08:48,458 INFO asdec.enrichers.lists.service: Adding domains from the EasyPrivacy feed.
2026-09-14 12:08:49,374 INFO asdec.enrichers.lists.service: Feed EasyPrivacy had 0 new domains added to the database!
2026-09-14 12:08:49,374 INFO asdec.enrichers.lists.service: Adding domains from the EasyList_Thailand feed.
2026-09-14 12:08:49,877 INFO asdec.enrichers.lists.service: Finished adding domains from the EasyList_Thailand feed.
2026-09-14 12:08:49,877 INFO asdec.enrichers.lists.service: Feed EasyList_Thailand had 444 new domains added to the database!
2026-09-14 12:08:49,877 INFO asdec.enrichers.lists.service: Adding domains from the AdList_Entree3k feed.
2026-09-14 12:09:42,559 INFO asdec.enrichers.lists.service: Finished adding domains from the AdList_Entree3k feed.
2026-09-14 12:09:42,559 INFO asdec.enrichers.lists.service: Feed AdList_Entree3k had 103358 new domains added to the database!
2026-09-14 12:09:42,559 INFO asdec.enrichers.lists.service: Adding domains from the AdBlock_List_for_Finland feed.
2026-09-14 12:09:43,216 INFO asdec.enrichers.lists.service: Finished adding domains from the AdBlock_List_for_Finland feed.
2026-09-14 12:09:43,216 INFO asdec.enrichers.lists.service: Feed AdBlock_List_for_Finland had 3 new domains added to the database!
2026-09-14 12:09:43,216 INFO asdec.enrichers.lists.service: Adding domains from the AdBlockPlus_gioxx feed.
2026-09-14 12:09:44,508 INFO asdec.enrichers.lists.service: Finished adding domains from the AdBlockPlus_gioxx feed.
2026-09-14 12:09:44,508 INFO asdec.enrichers.lists.service: Feed AdBlockPlus_gioxx had 519 new domains added to the database!
2026-09-14 12:09:44,508 INFO asdec.enrichers.lists.service: Adding domains from the PersianBlocker feed.
2026-09-14 12:09:44,895 INFO asdec.enrichers.lists.service: Finished adding domains from the PersianBlocker feed.
2026-09-14 12:09:44,895 INFO asdec.enrichers.lists.service: Feed PersianBlocker had 2 new domains added to the database!
2026-09-14 12:09:44,895 INFO asdec.enrichers.lists.service: Adding domains from the Turkish_ad_Blocker feed.
2026-09-14 12:09:46,005 INFO asdec.enrichers.lists.service: Finished adding domains from the Turkish_ad_Blocker feed.
2026-09-14 12:09:46,006 INFO asdec.enrichers.lists.service: Feed Turkish_ad_Blocker had 578 new domains added to the database!
2026-09-14 12:09:46,006 INFO asdec.enrichers.lists.service: Adding domains from the Romanian_ad_Blocker feed.
2026-09-14 12:09:46,536 INFO asdec.enrichers.lists.service: Finished adding domains from the Romanian_ad_Blocker feed.
2026-09-14 12:09:46,536 INFO asdec.enrichers.lists.service: Feed Romanian_ad_Blocker had 337 new domains added to the database!
2026-09-14 12:09:46,536 INFO asdec.enrichers.lists.service: Adding domains from the YousList feed.
2026-09-14 12:09:48,213 INFO asdec.enrichers.lists.service: Finished adding domains from the YousList feed.
2026-09-14 12:09:48,213 INFO asdec.enrichers.lists.service: Feed YousList had 827 new domains added to the database!
2026-09-14 12:09:48,214 INFO asdec.enrichers.lists.service: Adding domains from the EstonianList feed.
2026-09-14 12:09:48,679 INFO asdec.enrichers.lists.service: Finished adding domains from the EstonianList feed.
2026-09-14 12:09:48,680 INFO asdec.enrichers.lists.service: Feed EstonianList had 38 new domains added to the database!
2026-09-14 12:09:48,680 INFO asdec.enrichers.lists.service: Adding domains from the Void_gr_Filters feed.
2026-09-14 12:09:51,002 INFO asdec.enrichers.lists.service: Finished adding domains from the Void_gr_Filters feed.
2026-09-14 12:09:51,002 INFO asdec.enrichers.lists.service: Feed Void_gr_Filters had 147 new domains added to the database!
2026-09-14 12:09:51,002 INFO asdec.enrichers.lists.service: Adding domains from the ROLIST feed.
2026-09-14 12:09:53,913 INFO asdec.enrichers.lists.service: Finished adding domains from the ROLIST feed.
2026-09-14 12:09:53,914 INFO asdec.enrichers.lists.service: Feed ROLIST had 37 new domains added to the database!
2026-09-14 12:09:53,914 INFO asdec.enrichers.lists.service: Adding domains from the HostsVN_Gambling-1 feed.
2026-09-14 12:10:17,429 INFO asdec.enrichers.lists.service: Finished adding domains from the HostsVN_Gambling-1 feed.
2026-09-14 12:10:17,430 INFO asdec.enrichers.lists.service: Feed HostsVN_Gambling-1 had 64487 new domains added to the database!
2026-09-14 12:10:17,430 INFO asdec.enrichers.lists.service: Adding domains from the Gambling_List-1 feed.
2026-09-14 12:10:19,345 INFO asdec.enrichers.lists.service: Finished adding domains from the Gambling_List-1 feed.
2026-09-14 12:10:19,346 INFO asdec.enrichers.lists.service: Feed Gambling_List-1 had 947 new domains added to the database!
2026-09-14 12:10:19,346 INFO asdec.enrichers.lists.service: Adding domains from the Anti-Gambling_Domain_List feed.
2026-09-14 12:10:20,056 INFO asdec.enrichers.lists.service: Finished adding domains from the Anti-Gambling_Domain_List feed.
2026-09-14 12:10:20,056 INFO asdec.enrichers.lists.service: Feed Anti-Gambling_Domain_List had 473 new domains added to the database!
2026-09-14 12:10:20,056 INFO asdec.enrichers.lists.service: Adding domains from the Gambling_Blocklist-1 feed.
2026-09-14 12:10:21,557 INFO asdec.enrichers.lists.service: Finished adding domains from the Gambling_Blocklist-1 feed.
2026-09-14 12:10:21,557 INFO asdec.enrichers.lists.service: Feed Gambling_Blocklist-1 had 3221 new domains added to the database!
2026-09-14 12:10:21,557 INFO asdec.enrichers.lists.service: Adding domains from the Bet-Blocker feed.
2026-09-14 12:10:22,750 INFO asdec.enrichers.lists.service: Finished adding domains from the Bet-Blocker feed.
2026-09-14 12:10:22,750 INFO asdec.enrichers.lists.service: Feed Bet-Blocker had 2120 new domains added to the database!
2026-09-14 12:10:22,750 INFO asdec.enrichers.lists.service: Adding domains from the HostsVN_Gambling-2 feed.
2026-09-14 12:10:43,169 INFO asdec.enrichers.lists.service: Feed HostsVN_Gambling-2 had 0 new domains added to the database!
2026-09-14 12:10:43,169 INFO asdec.enrichers.lists.service: Adding domains from the HostsVN_Gambling-3 feed.
2026-09-14 12:10:44,638 INFO asdec.enrichers.lists.service: Feed HostsVN_Gambling-3 had 0 new domains added to the database!
2026-09-14 12:10:44,638 INFO asdec.enrichers.lists.service: Adding domains from the ACMA_Blocked_Gambling feed.
2026-09-14 12:10:45,634 INFO asdec.enrichers.lists.service: Finished adding domains from the ACMA_Blocked_Gambling feed.
2026-09-14 12:10:45,634 INFO asdec.enrichers.lists.service: Feed ACMA_Blocked_Gambling had 1534 new domains added to the database!
2026-09-14 12:10:45,634 INFO asdec.enrichers.lists.service: Adding domains from the Estonia_Blocked_Gambling_Websites feed.
2026-09-14 12:10:46,565 INFO asdec.enrichers.lists.service: Finished adding domains from the Estonia_Blocked_Gambling_Websites feed.
2026-09-14 12:10:46,565 INFO asdec.enrichers.lists.service: Feed Estonia_Blocked_Gambling_Websites had 1087 new domains added to the database!
2026-09-14 12:10:46,565 INFO asdec.enrichers.lists.service: Adding domains from the Polish_Pihole_filters feed.
2026-09-14 12:10:47,752 INFO asdec.enrichers.lists.service: Finished adding domains from the Polish_Pihole_filters feed.
2026-09-14 12:10:47,752 INFO asdec.enrichers.lists.service: Feed Polish_Pihole_filters had 1257 new domains added to the database!
2026-09-14 12:10:47,752 INFO asdec.enrichers.lists.service: Adding domains from the ShadowWhisperer_Blocklist-gambling feed.
2026-09-14 12:10:50,840 INFO asdec.enrichers.lists.service: Finished adding domains from the ShadowWhisperer_Blocklist-gambling feed.
2026-09-14 12:10:50,840 INFO asdec.enrichers.lists.service: Feed ShadowWhisperer_Blocklist-gambling had 8411 new domains added to the database!
2026-09-14 12:10:50,840 INFO asdec.enrichers.lists.service: Adding domains from the Gambling_Blocklist-2 feed.
2026-09-14 12:10:51,883 INFO asdec.enrichers.lists.service: Feed Gambling_Blocklist-2 had 0 new domains added to the database!
2026-09-14 12:10:51,883 INFO asdec.enrichers.lists.service: Adding domains from the Gambling_Domains feed.
2026-09-14 12:11:04,671 INFO asdec.enrichers.lists.service: Finished adding domains from the Gambling_Domains feed.
2026-09-14 12:11:04,672 INFO asdec.enrichers.lists.service: Feed Gambling_Domains had 24563 new domains added to the database!
2026-09-14 12:11:04,672 INFO asdec.enrichers.lists.service: Adding domains from the Gambling_List-2 feed.
2026-09-14 12:11:17,967 INFO asdec.enrichers.lists.service: Finished adding domains from the Gambling_List-2 feed.
2026-09-14 12:11:17,967 INFO asdec.enrichers.lists.service: Feed Gambling_List-2 had 25626 new domains added to the database!
2026-09-16 16:49:27,013 INFO asdec.enrichers.lists.service: Adding domains from the Majestic_Million feed.
2026-09-16 16:52:29,477 INFO asdec.enrichers.lists.service: Adding domains from the Majestic_Million feed.
2026-09-16 16:53:46,910 INFO asdec.enrichers.lists.service: Adding domains from the Majestic_Million feed.
2026-09-16 16:54:41,341 INFO asdec.enrichers.lists.service: Adding domains from the Majestic_Million feed.
2026-09-16 16:56:44,199 INFO asdec.enrichers.lists.service: Adding domains from the Majestic_Million feed.
2026-09-16 16:59:31,472 INFO asdec.enrichers.lists.service: Finished adding domains from the Majestic_Million feed.
2026-09-16 17:44:43,458 INFO asdec.enrichers.lists.service: Adding domains from the Majestic_Million feed.
2026-09-16 17:47:37,049 INFO asdec.enrichers.lists.service: Finished adding domains from the Majestic_Million feed.
2026-09-16 17:57:03,462 INFO asdec.enrichers.lists.service: Adding domains from the Majestic_Million feed.
2026-09-16 17:59:48,550 INFO asdec.enrichers.lists.service: Finished adding domains from the Majestic_Million feed.
2026-09-16 18:02:47,757 INFO asdec.enrichers.lists.service: Feed Majestic_Million had 1000000 new domains added to the database!
2026-09-16 18:02:47,764 INFO asdec.enrichers.lists.service: Adding domains from the IOClist feed.
2026-09-16 18:02:49,683 INFO asdec.enrichers.lists.service: Finished adding domains from the IOClist feed.
2026-09-16 18:02:49,715 INFO asdec.enrichers.lists.service: Feed IOClist had 2 new domains added to the database!
2026-09-16 18:02:49,715 INFO asdec.enrichers.lists.service: Adding domains from the DNSBunker-Malware feed.
2026-09-16 18:02:51,162 INFO asdec.enrichers.lists.service: Finished adding domains from the DNSBunker-Malware feed.
2026-09-16 18:02:51,286 INFO asdec.enrichers.lists.service: Feed DNSBunker-Malware had 699 new domains added to the database!
2026-09-16 18:02:51,286 INFO asdec.enrichers.lists.service: Adding domains from the NoTrack feed.
2026-09-16 18:02:51,760 INFO asdec.enrichers.lists.service: Finished adding domains from the NoTrack feed.
2026-09-16 18:02:51,784 INFO asdec.enrichers.lists.service: Feed NoTrack had 105 new domains added to the database!
2026-09-16 18:02:51,784 INFO asdec.enrichers.lists.service: Adding domains from the Spyware_Filters feed.
2026-09-16 18:02:52,685 INFO asdec.enrichers.lists.service: Finished adding domains from the Spyware_Filters feed.
2026-09-16 18:02:52,886 INFO asdec.enrichers.lists.service: Feed Spyware_Filters had 1139 new domains added to the database!
2026-09-16 18:02:52,886 INFO asdec.enrichers.lists.service: Adding domains from the Stalkerware_Indicators-1 feed.
2026-09-16 18:02:53,421 INFO asdec.enrichers.lists.service: Finished adding domains from the Stalkerware_Indicators-1 feed.
2026-09-16 18:02:53,581 INFO asdec.enrichers.lists.service: Feed Stalkerware_Indicators-1 had 916 new domains added to the database!
2026-09-16 18:02:53,581 INFO asdec.enrichers.lists.service: Adding domains from the Stalkerware_Indicators-2 feed.
2026-09-16 18:02:54,192 INFO asdec.enrichers.lists.service: Finished adding domains from the Stalkerware_Indicators-2 feed.
2026-09-16 18:02:54,204 INFO asdec.enrichers.lists.service: Feed Stalkerware_Indicators-2 had 32 new domains added to the database!
2026-09-16 18:02:54,204 INFO asdec.enrichers.lists.service: Adding domains from the Anti-Malware_Domains-1 feed.
2026-09-16 18:02:58,368 INFO asdec.enrichers.lists.service: Finished adding domains from the Anti-Malware_Domains-1 feed.
2026-09-16 18:03:00,253 INFO asdec.enrichers.lists.service: Feed Anti-Malware_Domains-1 had 11671 new domains added to the database!
2026-09-16 18:03:00,254 INFO asdec.enrichers.lists.service: Adding domains from the Anti-Malware_Domains-2 feed.
2026-09-16 18:03:02,590 INFO asdec.enrichers.lists.service: Finished adding domains from the Anti-Malware_Domains-2 feed.
2026-09-16 18:03:03,616 INFO asdec.enrichers.lists.service: Feed Anti-Malware_Domains-2 had 6299 new domains added to the database!
2026-09-16 18:03:03,617 INFO asdec.enrichers.lists.service: Adding domains from the Malware_Domains-1 feed.
2026-09-16 18:03:04,339 INFO asdec.enrichers.lists.service: Finished adding domains from the Malware_Domains-1 feed.
2026-09-16 18:03:04,574 INFO asdec.enrichers.lists.service: Feed Malware_Domains-1 had 1382 new domains added to the database!
2026-09-16 18:03:04,574 INFO asdec.enrichers.lists.service: Adding domains from the Maltrail_Malware_Domains feed.
2026-09-16 18:07:31,569 INFO asdec.enrichers.lists.service: Finished adding domains from the Maltrail_Malware_Domains feed.
2026-09-16 18:10:28,631 INFO asdec.enrichers.lists.service: Feed Maltrail_Malware_Domains had 988565 new domains added to the database!
2026-09-16 18:10:28,637 INFO asdec.enrichers.lists.service: Adding domains from the uBlockFilters feed.
2026-09-16 18:10:31,646 INFO asdec.enrichers.lists.service: Finished adding domains from the uBlockFilters feed.
2026-09-16 18:10:32,110 INFO asdec.enrichers.lists.service: Feed uBlockFilters had 2612 new domains added to the database!
2026-09-16 18:10:32,110 INFO asdec.enrichers.lists.service: Adding domains from the Miguel_de_Moura_Malware_List feed.
2026-09-16 18:11:12,985 INFO asdec.enrichers.lists.service: Finished adding domains from the Miguel_de_Moura_Malware_List feed.
2026-09-16 18:11:39,571 INFO asdec.enrichers.lists.service: Feed Miguel_de_Moura_Malware_List had 154059 new domains added to the database!
2026-09-16 18:11:39,571 INFO asdec.enrichers.lists.service: Adding domains from the ShadowWhisperer_Blocklist-malware feed.
2026-09-16 18:11:53,428 INFO asdec.enrichers.lists.service: Finished adding domains from the ShadowWhisperer_Blocklist-malware feed.
2026-09-16 18:12:00,415 INFO asdec.enrichers.lists.service: Feed ShadowWhisperer_Blocklist-malware had 38968 new domains added to the database!
2026-09-16 18:12:00,415 INFO asdec.enrichers.lists.service: Adding domains from the Pegasus-Related_Domains feed.
2026-09-16 18:12:01,172 INFO asdec.enrichers.lists.service: Feed Pegasus-Related_Domains had 0 new domains added to the database!
2026-09-16 18:12:01,172 INFO asdec.enrichers.lists.service: Adding domains from the Indian-Made_Spyware feed.
2026-09-16 18:12:04,632 INFO asdec.enrichers.lists.service: Finished adding domains from the Indian-Made_Spyware feed.
2026-09-16 18:12:04,641 INFO asdec.enrichers.lists.service: Feed Indian-Made_Spyware had 13 new domains added to the database!
2026-09-16 18:12:04,641 INFO asdec.enrichers.lists.service: Adding domains from the Wintego_Helios_Spyware_Domains feed.
2026-09-16 18:12:05,046 INFO asdec.enrichers.lists.service: Finished adding domains from the Wintego_Helios_Spyware_Domains feed.
2026-09-16 18:12:05,083 INFO asdec.enrichers.lists.service: Feed Wintego_Helios_Spyware_Domains had 175 new domains added to the database!
2026-09-16 18:12:05,083 INFO asdec.enrichers.lists.service: Adding domains from the Cytrox_Spyware_Domains feed.
2026-09-16 18:12:05,509 INFO asdec.enrichers.lists.service: Finished adding domains from the Cytrox_Spyware_Domains feed.
2026-09-16 18:12:05,517 INFO asdec.enrichers.lists.service: Feed Cytrox_Spyware_Domains had 10 new domains added to the database!
2026-09-16 18:12:05,517 INFO asdec.enrichers.lists.service: Adding domains from the FinSpy_Domains feed.
2026-09-16 18:12:05,870 INFO asdec.enrichers.lists.service: Finished adding domains from the FinSpy_Domains feed.
2026-09-16 18:12:05,881 INFO asdec.enrichers.lists.service: Feed FinSpy_Domains had 3 new domains added to the database!
2026-09-16 18:12:05,881 INFO asdec.enrichers.lists.service: Adding domains from the Android_Hacking_Campaign_Linked_to_Mercenary_Spyware_Company feed.
2026-09-16 18:12:06,820 INFO asdec.enrichers.lists.service: Finished adding domains from the Android_Hacking_Campaign_Linked_to_Mercenary_Spyware_Company feed.
2026-09-16 18:12:07,256 INFO asdec.enrichers.lists.service: Feed Android_Hacking_Campaign_Linked_to_Mercenary_Spyware_Company had 2179 new domains added to the database!
2026-09-16 18:12:07,256 INFO asdec.enrichers.lists.service: Adding domains from the Malware_Domains-2 feed.
2026-09-16 18:13:16,485 INFO asdec.enrichers.lists.service: Finished adding domains from the Malware_Domains-2 feed.
2026-09-16 18:13:57,142 INFO asdec.enrichers.lists.service: Feed Malware_Domains-2 had 230084 new domains added to the database!
2026-09-16 18:13:57,142 INFO asdec.enrichers.lists.service: Adding domains from the Stalkerware_Domains feed.
2026-09-16 18:13:57,835 INFO asdec.enrichers.lists.service: Finished adding domains from the Stalkerware_Domains feed.
2026-09-16 18:13:57,846 INFO asdec.enrichers.lists.service: Feed Stalkerware_Domains had 15 new domains added to the database!
2026-09-16 18:13:57,846 INFO asdec.enrichers.lists.service: Adding domains from the Dandelion_Sprout's_Anti-Malware_List feed.
2026-09-16 18:14:01,294 INFO asdec.enrichers.lists.service: Finished adding domains from the Dandelion_Sprout's_Anti-Malware_List feed.
2026-09-16 18:14:01,309 INFO asdec.enrichers.lists.service: Feed Dandelion_Sprout's_Anti-Malware_List had 58 new domains added to the database!
2026-09-16 18:14:01,309 INFO asdec.enrichers.lists.service: Adding domains from the Malware_List feed.
2026-09-16 18:15:59,365 INFO asdec.enrichers.lists.service: Finished adding domains from the Malware_List feed.
2026-09-16 18:17:14,296 INFO asdec.enrichers.lists.service: Feed Malware_List had 421997 new domains added to the database!
2026-09-16 18:17:14,297 INFO asdec.enrichers.lists.service: Adding domains from the Ransomware_List feed.
2026-09-16 18:17:15,912 INFO asdec.enrichers.lists.service: Finished adding domains from the Ransomware_List feed.
2026-09-16 18:17:15,925 INFO asdec.enrichers.lists.service: Feed Ransomware_List had 2 new domains added to the database!
2026-09-16 18:17:15,925 INFO asdec.enrichers.lists.service: Adding domains from the Malware_Domains-3 feed.
2026-09-16 18:17:16,664 INFO asdec.enrichers.lists.service: Feed Malware_Domains-3 had 0 new domains added to the database!
2026-09-16 18:17:16,664 INFO asdec.enrichers.lists.service: Adding domains from the Badware_List feed.
2026-09-16 18:17:17,979 INFO asdec.enrichers.lists.service: Feed Badware_List had 0 new domains added to the database!
2026-09-16 18:17:17,979 INFO asdec.enrichers.lists.service: Adding domains from the Kushari feed.
2026-09-16 18:17:18,608 INFO asdec.enrichers.lists.service: Finished adding domains from the Kushari feed.
2026-09-16 18:17:18,635 INFO asdec.enrichers.lists.service: Feed Kushari had 117 new domains added to the database!
2026-09-16 18:17:18,636 INFO asdec.enrichers.lists.service: Adding domains from the DNSBunker-Phishing feed.
2026-09-16 18:17:20,008 INFO asdec.enrichers.lists.service: Finished adding domains from the DNSBunker-Phishing feed.
2026-09-16 18:17:20,027 INFO asdec.enrichers.lists.service: Feed DNSBunker-Phishing had 14 new domains added to the database!
2026-09-16 18:17:20,027 INFO asdec.enrichers.lists.service: Adding domains from the DNSBunker-Fake feed.
2026-09-16 18:17:21,426 INFO asdec.enrichers.lists.service: Finished adding domains from the DNSBunker-Fake feed.
2026-09-16 18:17:21,512 INFO asdec.enrichers.lists.service: Feed DNSBunker-Fake had 484 new domains added to the database!
2026-09-16 18:17:21,512 INFO asdec.enrichers.lists.service: Adding domains from the DNSBunker-Scam feed.
2026-09-16 18:17:22,440 INFO asdec.enrichers.lists.service: Finished adding domains from the DNSBunker-Scam feed.
2026-09-16 18:17:22,474 INFO asdec.enrichers.lists.service: Feed DNSBunker-Scam had 78 new domains added to the database!
2026-09-16 18:17:22,475 INFO asdec.enrichers.lists.service: Adding domains from the Phishing_Database feed.
2026-09-16 18:17:24,061 INFO asdec.enrichers.lists.service: Finished adding domains from the Phishing_Database feed.
2026-09-16 18:17:24,580 INFO asdec.enrichers.lists.service: Feed Phishing_Database had 3025 new domains added to the database!
2026-09-16 18:17:24,580 INFO asdec.enrichers.lists.service: Adding domains from the Phishing_Database-Active feed.
2026-09-16 18:19:11,778 INFO asdec.enrichers.lists.service: Finished adding domains from the Phishing_Database-Active feed.
2026-09-16 18:20:18,158 INFO asdec.enrichers.lists.service: Feed Phishing_Database-Active had 375368 new domains added to the database!
2026-09-16 18:20:18,158 INFO asdec.enrichers.lists.service: Adding domains from the Phishing_Database-Wildcards feed.
2026-09-16 18:20:20,346 INFO asdec.enrichers.lists.service: Finished adding domains from the Phishing_Database-Wildcards feed.
2026-09-16 18:20:20,668 INFO asdec.enrichers.lists.service: Feed Phishing_Database-Wildcards had 1827 new domains added to the database!
2026-09-16 18:20:20,669 INFO asdec.enrichers.lists.service: Adding domains from the Phishing_Army feed.
2026-09-16 18:21:00,705 INFO asdec.enrichers.lists.service: Finished adding domains from the Phishing_Army feed.
2026-09-16 18:21:07,857 INFO asdec.enrichers.lists.service: Feed Phishing_Army had 39683 new domains added to the database!
2026-09-16 18:21:07,857 INFO asdec.enrichers.lists.service: Adding domains from the Phishing_Hosts feed.
2026-09-16 18:21:19,184 INFO asdec.enrichers.lists.service: Finished adding domains from the Phishing_Hosts feed.
2026-09-16 18:21:22,200 INFO asdec.enrichers.lists.service: Feed Phishing_Hosts had 16663 new domains added to the database!
2026-09-16 18:21:22,201 INFO asdec.enrichers.lists.service: Adding domains from the SinkingYachts feed.
2026-09-16 18:21:38,582 INFO asdec.enrichers.lists.service: Finished adding domains from the SinkingYachts feed.
2026-09-16 18:21:45,893 INFO asdec.enrichers.lists.service: Feed SinkingYachts had 41246 new domains added to the database!
2026-09-16 18:21:45,893 INFO asdec.enrichers.lists.service: Adding domains from the Phishing_Blocklist feed.
2026-09-16 18:21:46,695 INFO asdec.enrichers.lists.service: Finished adding domains from the Phishing_Blocklist feed.
2026-09-16 18:21:46,956 INFO asdec.enrichers.lists.service: Feed Phishing_Blocklist had 1254 new domains added to the database!
2026-09-16 18:21:46,956 INFO asdec.enrichers.lists.service: Adding domains from the eth-phishing-detect feed.
2026-09-16 18:21:47,569 INFO asdec.enrichers.lists.service: Finished adding domains from the eth-phishing-detect feed.
2026-09-16 18:21:47,753 INFO asdec.enrichers.lists.service: Feed eth-phishing-detect had 1055 new domains added to the database!
2026-09-16 18:21:47,753 INFO asdec.enrichers.lists.service: Adding domains from the Valdini_Phish_Feed feed.
2026-09-16 18:22:16,162 INFO asdec.enrichers.lists.service: Finished adding domains from the Valdini_Phish_Feed feed.
2026-09-16 18:22:31,104 INFO asdec.enrichers.lists.service: Feed Valdini_Phish_Feed had 83177 new domains added to the database!
2026-09-16 18:22:31,104 INFO asdec.enrichers.lists.service: Adding domains from the Valdini_Phish_feed-1 feed.
2026-09-16 18:23:01,818 INFO asdec.enrichers.lists.service: Finished adding domains from the Valdini_Phish_feed-1 feed.
2026-09-16 18:23:20,560 INFO asdec.enrichers.lists.service: Feed Valdini_Phish_feed-1 had 105308 new domains added to the database!
2026-09-16 18:23:20,560 INFO asdec.enrichers.lists.service: Adding domains from the Valdini_Phish_feed-2 feed.
2026-09-16 18:23:46,945 INFO asdec.enrichers.lists.service: Finished adding domains from the Valdini_Phish_feed-2 feed.
2026-09-16 18:24:02,011 INFO asdec.enrichers.lists.service: Feed Valdini_Phish_feed-2 had 82553 new domains added to the database!
2026-09-16 18:24:02,012 INFO asdec.enrichers.lists.service: Adding domains from the Valdini_Phish_feed-3 feed.
2026-09-16 18:24:39,384 INFO asdec.enrichers.lists.service: Finished adding domains from the Valdini_Phish_feed-3 feed.
2026-09-16 18:25:00,279 INFO asdec.enrichers.lists.service: Feed Valdini_Phish_feed-3 had 116074 new domains added to the database!
2026-09-16 18:25:00,279 INFO asdec.enrichers.lists.service: Adding domains from the Valdini_Phish_feed-4 feed.
2026-09-16 18:25:35,892 INFO asdec.enrichers.lists.service: Finished adding domains from the Valdini_Phish_feed-4 feed.
2026-09-16 18:25:58,991 INFO asdec.enrichers.lists.service: Feed Valdini_Phish_feed-4 had 122887 new domains added to the database!
2026-09-16 18:25:58,991 INFO asdec.enrichers.lists.service: Adding domains from the Valdini_Phish_feed-5 feed.
2026-09-16 18:26:36,945 INFO asdec.enrichers.lists.service: Finished adding domains from the Valdini_Phish_feed-5 feed.
2026-09-16 18:27:00,148 INFO asdec.enrichers.lists.service: Feed Valdini_Phish_feed-5 had 127678 new domains added to the database!
2026-09-16 18:27:00,148 INFO asdec.enrichers.lists.service: Adding domains from the Valdini_Phish_feed-6 feed.
2026-09-16 18:27:38,763 INFO asdec.enrichers.lists.service: Finished adding domains from the Valdini_Phish_feed-6 feed.
2026-09-16 18:28:00,037 INFO asdec.enrichers.lists.service: Feed Valdini_Phish_feed-6 had 115521 new domains added to the database!
2026-09-16 18:28:00,037 INFO asdec.enrichers.lists.service: Adding domains from the OpenPhish_Community_Phishing_Feed feed.
2026-09-16 18:28:00,583 INFO asdec.enrichers.lists.service: Finished adding domains from the OpenPhish_Community_Phishing_Feed feed.
2026-09-16 18:28:00,610 INFO asdec.enrichers.lists.service: Feed OpenPhish_Community_Phishing_Feed had 113 new domains added to the database!
2026-09-16 18:28:00,610 INFO asdec.enrichers.lists.service: Adding domains from the Destroylist:Phishing feed.
2026-09-16 18:28:58,103 INFO asdec.enrichers.lists.service: Finished adding domains from the Destroylist:Phishing feed.
2026-09-16 18:29:30,701 INFO asdec.enrichers.lists.service: Feed Destroylist:Phishing had 179084 new domains added to the database!
2026-09-16 18:29:30,701 INFO asdec.enrichers.lists.service: Adding domains from the ScamSniffer feed.
2026-09-16 18:31:18,289 INFO asdec.enrichers.lists.service: Finished adding domains from the ScamSniffer feed.
2026-09-16 18:32:16,400 INFO asdec.enrichers.lists.service: Feed ScamSniffer had 322014 new domains added to the database!
2026-09-16 18:32:16,401 INFO asdec.enrichers.lists.service: Adding domains from the Scam_Blocklist feed.
2026-09-16 18:32:17,929 INFO asdec.enrichers.lists.service: Finished adding domains from the Scam_Blocklist feed.
2026-09-16 18:32:18,254 INFO asdec.enrichers.lists.service: Feed Scam_Blocklist had 1734 new domains added to the database!
2026-09-16 18:32:18,255 INFO asdec.enrichers.lists.service: Adding domains from the Globa_Anti-Scam_Organization_Blocklist feed.
2026-09-16 18:32:22,343 INFO asdec.enrichers.lists.service: Finished adding domains from the Globa_Anti-Scam_Organization_Blocklist feed.
2026-09-16 18:32:24,117 INFO asdec.enrichers.lists.service: Feed Globa_Anti-Scam_Organization_Blocklist had 11025 new domains added to the database!
2026-09-16 18:32:24,117 INFO asdec.enrichers.lists.service: Adding domains from the ShadowWhisperer_Blocklist-phishing feed.
2026-09-16 18:32:27,802 INFO asdec.enrichers.lists.service: Finished adding domains from the ShadowWhisperer_Blocklist-phishing feed.
2026-09-16 18:32:29,032 INFO asdec.enrichers.lists.service: Feed ShadowWhisperer_Blocklist-phishing had 6936 new domains added to the database!
2026-09-16 18:32:29,032 INFO asdec.enrichers.lists.service: Adding domains from the Liste_Fake_shops feed.
2026-09-16 18:32:41,023 INFO asdec.enrichers.lists.service: Finished adding domains from the Liste_Fake_shops feed.
2026-09-16 18:32:47,285 INFO asdec.enrichers.lists.service: Feed Liste_Fake_shops had 35198 new domains added to the database!
2026-09-16 18:32:47,285 INFO asdec.enrichers.lists.service: Adding domains from the IOC_Repository-1 feed.
2026-09-16 18:32:48,834 INFO asdec.enrichers.lists.service: Finished adding domains from the IOC_Repository-1 feed.
2026-09-16 18:32:49,546 INFO asdec.enrichers.lists.service: Feed IOC_Repository-1 had 3689 new domains added to the database!
2026-09-16 18:32:49,546 INFO asdec.enrichers.lists.service: Adding domains from the IOC_Repository-2 feed.
2026-09-16 18:32:49,941 INFO asdec.enrichers.lists.service: Finished adding domains from the IOC_Repository-2 feed.
2026-09-16 18:32:49,954 INFO asdec.enrichers.lists.service: Feed IOC_Repository-2 had 31 new domains added to the database!
2026-09-16 18:32:49,954 INFO asdec.enrichers.lists.service: Adding domains from the IOC_Repository-3 feed.
2026-09-16 18:32:50,467 INFO asdec.enrichers.lists.service: Finished adding domains from the IOC_Repository-3 feed.
2026-09-16 18:32:50,544 INFO asdec.enrichers.lists.service: Feed IOC_Repository-3 had 416 new domains added to the database!
2026-09-16 18:32:50,545 INFO asdec.enrichers.lists.service: Adding domains from the Phishing_Domains feed.
2026-09-16 18:33:58,120 INFO asdec.enrichers.lists.service: Finished adding domains from the Phishing_Domains feed.
2026-09-16 18:33:58,147 INFO asdec.enrichers.lists.service: Feed Phishing_Domains had 117 new domains added to the database!
2026-09-16 18:33:58,147 INFO asdec.enrichers.lists.service: Adding domains from the Scam_List feed.
2026-09-16 18:33:58,735 INFO asdec.enrichers.lists.service: Finished adding domains from the Scam_List feed.
2026-09-16 18:33:58,786 INFO asdec.enrichers.lists.service: Feed Scam_List had 224 new domains added to the database!
2026-09-16 18:33:58,786 INFO asdec.enrichers.lists.service: Adding domains from the Phishing_List feed.
2026-09-16 18:34:55,566 INFO asdec.enrichers.lists.service: Finished adding domains from the Phishing_List feed.
2026-09-16 18:35:27,448 INFO asdec.enrichers.lists.service: Feed Phishing_List had 178243 new domains added to the database!
2026-09-16 18:35:27,449 INFO asdec.enrichers.lists.service: Adding domains from the Fraud_List feed.
2026-09-16 18:36:23,219 INFO asdec.enrichers.lists.service: Finished adding domains from the Fraud_List feed.
2026-09-16 18:36:57,739 INFO asdec.enrichers.lists.service: Feed Fraud_List had 193715 new domains added to the database!
2026-09-16 18:36:57,739 INFO asdec.enrichers.lists.service: Adding domains from the Fake_Shop_Blocklist feed.
2026-09-16 18:36:59,811 INFO asdec.enrichers.lists.service: Finished adding domains from the Fake_Shop_Blocklist feed.
2026-09-16 18:37:00,215 INFO asdec.enrichers.lists.service: Feed Fake_Shop_Blocklist had 2315 new domains added to the database!
2026-09-16 18:37:00,215 INFO asdec.enrichers.lists.service: Adding domains from the Crypto_Scam_and_Crypto_Phishing_Threat_Intel_Feed feed.
2026-09-16 18:37:01,431 INFO asdec.enrichers.lists.service: Finished adding domains from the Crypto_Scam_and_Crypto_Phishing_Threat_Intel_Feed feed.
2026-09-16 18:37:02,046 INFO asdec.enrichers.lists.service: Feed Crypto_Scam_and_Crypto_Phishing_Threat_Intel_Feed had 797 new domains added to the database!
2026-09-16 18:37:02,047 INFO asdec.enrichers.lists.service: Adding domains from the Antispam-It feed.
2026-09-16 18:37:03,429 INFO asdec.enrichers.lists.service: Finished adding domains from the Antispam-It feed.
2026-09-16 18:37:03,913 INFO asdec.enrichers.lists.service: Feed Antispam-It had 1548 new domains added to the database!
2026-09-16 18:37:03,913 INFO asdec.enrichers.lists.service: Adding domains from the Spam_List-1 feed.
2026-09-16 18:37:04,666 INFO asdec.enrichers.lists.service: Finished adding domains from the Spam_List-1 feed.
2026-09-16 18:37:04,861 INFO asdec.enrichers.lists.service: Feed Spam_List-1 had 218 new domains added to the database!
2026-09-16 18:37:04,861 INFO asdec.enrichers.lists.service: Adding domains from the Stop_Forum_Spam feed.
2026-09-16 18:37:28,165 INFO asdec.enrichers.lists.service: Finished adding domains from the Stop_Forum_Spam feed.
2026-09-16 18:37:41,700 INFO asdec.enrichers.lists.service: Feed Stop_Forum_Spam had 74799 new domains added to the database!
2026-09-16 18:37:41,700 INFO asdec.enrichers.lists.service: Adding domains from the Spam_List-2 feed.
2026-09-16 18:37:42,592 INFO asdec.enrichers.lists.service: Finished adding domains from the Spam_List-2 feed.
2026-09-16 18:37:42,772 INFO asdec.enrichers.lists.service: Feed Spam_List-2 had 1024 new domains added to the database!
2026-09-16 18:37:42,772 INFO asdec.enrichers.lists.service: Adding domains from the OISD_Big feed.
2026-09-16 18:38:57,258 INFO asdec.enrichers.lists.service: Finished adding domains from the OISD_Big feed.
2026-09-16 18:39:13,583 INFO asdec.enrichers.lists.service: Feed OISD_Big had 89307 new domains added to the database!
2026-09-16 18:39:13,583 INFO asdec.enrichers.lists.service: Adding domains from the Slovenian_List feed.
2026-09-16 18:39:14,514 INFO asdec.enrichers.lists.service: Finished adding domains from the Slovenian_List feed.
2026-09-16 18:39:14,546 INFO asdec.enrichers.lists.service: Feed Slovenian_List had 136 new domains added to the database!
2026-09-16 18:39:14,546 INFO asdec.enrichers.lists.service: Adding domains from the EasyList_abpindo feed.
2026-09-16 18:39:17,770 INFO asdec.enrichers.lists.service: Finished adding domains from the EasyList_abpindo feed.
2026-09-16 18:39:17,895 INFO asdec.enrichers.lists.service: Feed EasyList_abpindo had 711 new domains added to the database!
2026-09-16 18:39:17,895 INFO asdec.enrichers.lists.service: Adding domains from the EasyList_antiadblockfilters feed.
2026-09-16 18:39:21,175 INFO asdec.enrichers.lists.service: Finished adding domains from the EasyList_antiadblockfilters feed.
2026-09-16 18:39:21,261 INFO asdec.enrichers.lists.service: Feed EasyList_antiadblockfilters had 466 new domains added to the database!
2026-09-16 18:39:21,261 INFO asdec.enrichers.lists.service: Adding domains from the EasyList_Bulgarian feed.
2026-09-16 18:39:23,579 INFO asdec.enrichers.lists.service: Finished adding domains from the EasyList_Bulgarian feed.
2026-09-16 18:39:23,621 INFO asdec.enrichers.lists.service: Feed EasyList_Bulgarian had 206 new domains added to the database!
2026-09-16 18:39:23,621 INFO asdec.enrichers.lists.service: Adding domains from the EasyList_China feed.
2026-09-16 18:39:30,230 INFO asdec.enrichers.lists.service: Finished adding domains from the EasyList_China feed.
2026-09-16 18:39:31,052 INFO asdec.enrichers.lists.service: Feed EasyList_China had 4496 new domains added to the database!
2026-09-16 18:39:31,052 INFO asdec.enrichers.lists.service: Adding domains from the EasyList_Czechslovak feed.
2026-09-16 18:39:33,151 INFO asdec.enrichers.lists.service: Finished adding domains from the EasyList_Czechslovak feed.
2026-09-16 18:39:33,184 INFO asdec.enrichers.lists.service: Feed EasyList_Czechslovak had 156 new domains added to the database!
2026-09-16 18:39:33,184 INFO asdec.enrichers.lists.service: Adding domains from the EasyList_Dutch feed.
2026-09-16 18:39:36,049 INFO asdec.enrichers.lists.service: Finished adding domains from the EasyList_Dutch feed.
2026-09-16 18:39:36,135 INFO asdec.enrichers.lists.service: Feed EasyList_Dutch had 463 new domains added to the database!
2026-09-16 18:39:36,136 INFO asdec.enrichers.lists.service: Adding domains from the EasyList_Germany feed.
2026-09-16 18:39:40,101 INFO asdec.enrichers.lists.service: Finished adding domains from the EasyList_Germany feed.
2026-09-16 18:39:40,378 INFO asdec.enrichers.lists.service: Feed EasyList_Germany had 1264 new domains added to the database!
2026-09-16 18:39:40,378 INFO asdec.enrichers.lists.service: Adding domains from the EasyList_Italy feed.
2026-09-16 18:39:44,094 INFO asdec.enrichers.lists.service: Finished adding domains from the EasyList_Italy feed.
2026-09-16 18:39:44,443 INFO asdec.enrichers.lists.service: Feed EasyList_Italy had 1935 new domains added to the database!
2026-09-16 18:39:44,444 INFO asdec.enrichers.lists.service: Adding domains from the EasyList_Lithuania feed.
2026-09-16 18:39:47,633 INFO asdec.enrichers.lists.service: Finished adding domains from the EasyList_Lithuania feed.
2026-09-16 18:39:47,703 INFO asdec.enrichers.lists.service: Feed EasyList_Lithuania had 387 new domains added to the database!
2026-09-16 18:39:47,703 INFO asdec.enrichers.lists.service: Adding domains from the EasyList_Polish feed.
2026-09-16 18:39:51,128 INFO asdec.enrichers.lists.service: Finished adding domains from the EasyList_Polish feed.
2026-09-16 18:39:51,485 INFO asdec.enrichers.lists.service: Feed EasyList_Polish had 1794 new domains added to the database!
2026-09-16 18:39:51,485 INFO asdec.enrichers.lists.service: Adding domains from the EasyList_Portuguese feed.
2026-09-16 18:39:54,104 INFO asdec.enrichers.lists.service: Finished adding domains from the EasyList_Portuguese feed.
2026-09-16 18:39:54,195 INFO asdec.enrichers.lists.service: Feed EasyList_Portuguese had 504 new domains added to the database!
2026-09-16 18:39:54,196 INFO asdec.enrichers.lists.service: Adding domains from the EasyList_Spanish feed.
2026-09-16 18:39:57,246 INFO asdec.enrichers.lists.service: Finished adding domains from the EasyList_Spanish feed.
2026-09-16 18:39:57,370 INFO asdec.enrichers.lists.service: Feed EasyList_Spanish had 690 new domains added to the database!
2026-09-16 18:39:57,370 INFO asdec.enrichers.lists.service: Adding domains from the EasyList feed.
2026-09-16 18:40:19,336 INFO asdec.enrichers.lists.service: Finished adding domains from the EasyList feed.
2026-09-16 18:40:22,299 INFO asdec.enrichers.lists.service: Feed EasyList had 16757 new domains added to the database!
2026-09-16 18:40:22,299 INFO asdec.enrichers.lists.service: Adding domains from the EasyPrivacy feed.
2026-09-16 18:40:38,238 INFO asdec.enrichers.lists.service: Finished adding domains from the EasyPrivacy feed.
2026-09-16 18:40:45,585 INFO asdec.enrichers.lists.service: Feed EasyPrivacy had 40886 new domains added to the database!
2026-09-16 18:40:45,585 INFO asdec.enrichers.lists.service: Adding domains from the EasyList_Indian feed.
2026-09-16 18:40:51,872 INFO asdec.enrichers.lists.service: Finished adding domains from the EasyList_Indian feed.
2026-09-16 18:40:53,002 INFO asdec.enrichers.lists.service: Feed EasyList_Indian had 6504 new domains added to the database!
2026-09-16 18:40:53,002 INFO asdec.enrichers.lists.service: Adding domains from the EasyList_Israel feed.
2026-09-16 18:40:54,435 INFO asdec.enrichers.lists.service: Finished adding domains from the EasyList_Israel feed.
2026-09-16 18:40:54,499 INFO asdec.enrichers.lists.service: Feed EasyList_Israel had 349 new domains added to the database!
2026-09-16 18:40:54,499 INFO asdec.enrichers.lists.service: Adding domains from the EasyList_Korean feed.
2026-09-16 18:40:55,972 INFO asdec.enrichers.lists.service: Finished adding domains from the EasyList_Korean feed.
2026-09-16 18:40:56,048 INFO asdec.enrichers.lists.service: Feed EasyList_Korean had 423 new domains added to the database!
2026-09-16 18:40:56,048 INFO asdec.enrichers.lists.service: Adding domains from the EasyList_Latvian feed.
2026-09-16 18:40:58,113 INFO asdec.enrichers.lists.service: Finished adding domains from the EasyList_Latvian feed.
2026-09-16 18:40:58,152 INFO asdec.enrichers.lists.service: Feed EasyList_Latvian had 99 new domains added to the database!
2026-09-16 18:40:58,152 INFO asdec.enrichers.lists.service: Adding domains from the EasyList_AR feed.
2026-09-16 18:41:01,572 INFO asdec.enrichers.lists.service: Finished adding domains from the EasyList_AR feed.
2026-09-16 18:41:01,679 INFO asdec.enrichers.lists.service: Feed EasyList_AR had 387 new domains added to the database!
2026-09-16 18:41:01,679 INFO asdec.enrichers.lists.service: Adding domains from the EasyList_FR feed.
2026-09-16 18:41:07,166 INFO asdec.enrichers.lists.service: Finished adding domains from the EasyList_FR feed.
2026-09-16 18:41:07,888 INFO asdec.enrichers.lists.service: Feed EasyList_FR had 3781 new domains added to the database!
2026-09-16 18:41:07,888 INFO asdec.enrichers.lists.service: Adding domains from the EasyList_RU feed.
2026-09-16 18:41:17,768 INFO asdec.enrichers.lists.service: Finished adding domains from the EasyList_RU feed.
2026-09-16 18:41:19,927 INFO asdec.enrichers.lists.service: Feed EasyList_RU had 12207 new domains added to the database!
2026-09-16 18:41:19,927 INFO asdec.enrichers.lists.service: Adding domains from the AdblockList_PeterLowe feed.
2026-09-16 18:41:23,359 INFO asdec.enrichers.lists.service: Finished adding domains from the AdblockList_PeterLowe feed.
2026-09-16 18:41:23,482 INFO asdec.enrichers.lists.service: Feed AdblockList_PeterLowe had 696 new domains added to the database!
2026-09-16 18:41:23,482 INFO asdec.enrichers.lists.service: Adding domains from the 1Hosts feed.
2026-09-16 18:41:51,807 INFO asdec.enrichers.lists.service: Finished adding domains from the 1Hosts feed.
2026-09-16 18:41:59,412 INFO asdec.enrichers.lists.service: Feed 1Hosts had 41968 new domains added to the database!
2026-09-16 18:41:59,412 INFO asdec.enrichers.lists.service: Adding domains from the HostsVN_Vietna feed.
2026-09-16 18:42:00,104 INFO asdec.enrichers.lists.service: Finished adding domains from the HostsVN_Vietna feed.
2026-09-16 18:42:00,128 INFO asdec.enrichers.lists.service: Feed HostsVN_Vietna had 108 new domains added to the database!
2026-09-16 18:42:00,129 INFO asdec.enrichers.lists.service: Adding domains from the Turk-AdList feed.
2026-09-16 18:42:00,850 INFO asdec.enrichers.lists.service: Finished adding domains from the Turk-AdList feed.
2026-09-16 18:42:00,955 INFO asdec.enrichers.lists.service: Feed Turk-AdList had 551 new domains added to the database!
2026-09-16 18:42:00,955 INFO asdec.enrichers.lists.service: Adding domains from the SwedishList feed.
2026-09-16 18:42:02,136 INFO asdec.enrichers.lists.service: Finished adding domains from the SwedishList feed.
2026-09-16 18:42:02,301 INFO asdec.enrichers.lists.service: Feed SwedishList had 926 new domains added to the database!
2026-09-16 18:42:02,301 INFO asdec.enrichers.lists.service: Adding domains from the Macedonian_Adblock_Filters feed.
2026-09-16 18:42:02,837 INFO asdec.enrichers.lists.service: Finished adding domains from the Macedonian_Adblock_Filters feed.
2026-09-16 18:42:02,874 INFO asdec.enrichers.lists.service: Feed Macedonian_Adblock_Filters had 181 new domains added to the database!
2026-09-16 18:42:02,874 INFO asdec.enrichers.lists.service: Adding domains from the EasyList_Adult_server_popup feed.
2026-09-16 18:42:03,075 INFO asdec.enrichers.lists.service: Feed EasyList_Adult_server_popup had 0 new domains added to the database!
2026-09-16 18:42:03,075 INFO asdec.enrichers.lists.service: Adding domains from the EasyList_Adservers_popup feed.
2026-09-16 18:42:04,059 INFO asdec.enrichers.lists.service: Feed EasyList_Adservers_popup had 0 new domains added to the database!
2026-09-16 18:42:04,060 INFO asdec.enrichers.lists.service: Adding domains from the jpgpi250 feed.
2026-09-16 18:42:05,510 INFO asdec.enrichers.lists.service: Finished adding domains from the jpgpi250 feed.
2026-09-16 18:42:06,194 INFO asdec.enrichers.lists.service: Feed jpgpi250 had 4004 new domains added to the database!
2026-09-16 18:42:06,194 INFO asdec.enrichers.lists.service: Adding domains from the HiltopAds_Domains_List feed.
2026-09-16 18:42:06,524 INFO asdec.enrichers.lists.service: Feed HiltopAds_Domains_List had 0 new domains added to the database!
2026-09-16 18:42:06,525 INFO asdec.enrichers.lists.service: Adding domains from the PopAds_Domains_Filter_List feed.
2026-09-16 18:42:06,857 INFO asdec.enrichers.lists.service: Feed PopAds_Domains_Filter_List had 0 new domains added to the database!
2026-09-16 18:42:06,857 INFO asdec.enrichers.lists.service: Adding domains from the PropellerAds_Domains feed.
2026-09-16 18:42:07,217 INFO asdec.enrichers.lists.service: Feed PropellerAds_Domains had 0 new domains added to the database!
2026-09-16 18:42:07,218 INFO asdec.enrichers.lists.service: Adding domains from the Polish_filters feed.
2026-09-16 18:42:07,895 INFO asdec.enrichers.lists.service: Finished adding domains from the Polish_filters feed.
2026-09-16 18:42:08,096 INFO asdec.enrichers.lists.service: Feed Polish_filters had 872 new domains added to the database!
2026-09-16 18:42:08,096 INFO asdec.enrichers.lists.service: Adding domains from the PersianBlockerAds feed.
2026-09-16 18:42:08,442 INFO asdec.enrichers.lists.service: Finished adding domains from the PersianBlockerAds feed.
2026-09-16 18:42:08,455 INFO asdec.enrichers.lists.service: Feed PersianBlockerAds had 7 new domains added to the database!
2026-09-16 18:42:08,455 INFO asdec.enrichers.lists.service: Adding domains from the Miguel_de_Mour's_Ads_List feed.
2026-09-16 18:42:14,005 INFO asdec.enrichers.lists.service: Finished adding domains from the Miguel_de_Mour's_Ads_List feed.
2026-09-16 18:42:16,151 INFO asdec.enrichers.lists.service: Feed Miguel_de_Mour's_Ads_List had 12090 new domains added to the database!
2026-09-16 18:42:16,151 INFO asdec.enrichers.lists.service: Adding domains from the AdBlockID_realodix feed.
2026-09-16 18:42:18,316 INFO asdec.enrichers.lists.service: Finished adding domains from the AdBlockID_realodix feed.
2026-09-16 18:42:18,983 INFO asdec.enrichers.lists.service: Feed AdBlockID_realodix had 3602 new domains added to the database!
2026-09-16 18:42:18,983 INFO asdec.enrichers.lists.service: Adding domains from the ShadowWhisperer_Blocklist-ad feed.
2026-09-16 18:42:26,994 INFO asdec.enrichers.lists.service: Finished adding domains from the ShadowWhisperer_Blocklist-ad feed.
2026-09-16 18:42:29,836 INFO asdec.enrichers.lists.service: Feed ShadowWhisperer_Blocklist-ad had 16696 new domains added to the database!
2026-09-16 18:42:29,836 INFO asdec.enrichers.lists.service: Adding domains from the AdBlock_List-tofukko feed.
2026-09-16 18:42:31,444 INFO asdec.enrichers.lists.service: Finished adding domains from the AdBlock_List-tofukko feed.
2026-09-16 18:42:31,628 INFO asdec.enrichers.lists.service: Feed AdBlock_List-tofukko had 1011 new domains added to the database!
2026-09-16 18:42:31,628 INFO asdec.enrichers.lists.service: Adding domains from the Ukrainian_Filters feed.
2026-09-16 18:42:32,504 INFO asdec.enrichers.lists.service: Finished adding domains from the Ukrainian_Filters feed.
2026-09-16 18:42:32,529 INFO asdec.enrichers.lists.service: Feed Ukrainian_Filters had 115 new domains added to the database!
2026-09-16 18:42:32,529 INFO asdec.enrichers.lists.service: Adding domains from the AdGuard_DNS_Filter feed.
2026-09-16 18:43:23,641 INFO asdec.enrichers.lists.service: Finished adding domains from the AdGuard_DNS_Filter feed.
2026-09-16 18:43:37,391 INFO asdec.enrichers.lists.service: Feed AdGuard_DNS_Filter had 76383 new domains added to the database!
2026-09-16 18:43:37,391 INFO asdec.enrichers.lists.service: Adding domains from the SurgeList_geekdada feed.
2026-09-16 18:43:55,432 INFO asdec.enrichers.lists.service: Finished adding domains from the SurgeList_geekdada feed.
2026-09-16 18:43:56,219 INFO asdec.enrichers.lists.service: Feed SurgeList_geekdada had 4492 new domains added to the database!
2026-09-16 18:43:56,219 INFO asdec.enrichers.lists.service: Adding domains from the HufilterDNS feed.
2026-09-16 18:43:56,433 INFO asdec.enrichers.lists.service: Feed HufilterDNS had 0 new domains added to the database!
2026-09-16 18:43:56,433 INFO asdec.enrichers.lists.service: Adding domains from the FiltersShare-1st feed.
2026-09-16 18:43:56,628 INFO asdec.enrichers.lists.service: Finished adding domains from the FiltersShare-1st feed.
2026-09-16 18:43:56,634 INFO asdec.enrichers.lists.service: Feed FiltersShare-1st had 1 new domains added to the database!
2026-09-16 18:43:56,634 INFO asdec.enrichers.lists.service: Adding domains from the FiltersShare-3rd feed.
2026-09-16 18:43:56,890 INFO asdec.enrichers.lists.service: Finished adding domains from the FiltersShare-3rd feed.
2026-09-16 18:43:56,897 INFO asdec.enrichers.lists.service: Feed FiltersShare-3rd had 9 new domains added to the database!
2026-09-16 18:43:56,897 INFO asdec.enrichers.lists.service: Adding domains from the DNSBunker-AD feed.
2026-09-16 18:43:58,006 INFO asdec.enrichers.lists.service: Feed DNSBunker-AD had 0 new domains added to the database!
2026-09-16 18:43:58,006 INFO asdec.enrichers.lists.service: Adding domains from the DNSBunker-Popup feed.
2026-09-16 18:43:59,019 INFO asdec.enrichers.lists.service: Finished adding domains from the DNSBunker-Popup feed.
2026-09-16 18:43:59,027 INFO asdec.enrichers.lists.service: Feed DNSBunker-Popup had 3 new domains added to the database!
2026-09-16 18:43:59,027 INFO asdec.enrichers.lists.service: Adding domains from the NoTrack_Blocklist feed.
2026-09-16 18:43:59,824 INFO asdec.enrichers.lists.service: Finished adding domains from the NoTrack_Blocklist feed.
2026-09-16 18:43:59,832 INFO asdec.enrichers.lists.service: Feed NoTrack_Blocklist had 9 new domains added to the database!
2026-09-16 18:43:59,832 INFO asdec.enrichers.lists.service: Adding domains from the AdBlockPlus_abpvn feed.
2026-09-16 18:44:00,261 INFO asdec.enrichers.lists.service: Finished adding domains from the AdBlockPlus_abpvn feed.
2026-09-16 18:44:00,317 INFO asdec.enrichers.lists.service: Feed AdBlockPlus_abpvn had 274 new domains added to the database!
2026-09-16 18:44:00,317 INFO asdec.enrichers.lists.service: Adding domains from the AdGuardFilter feed.
2026-09-16 18:44:00,814 INFO asdec.enrichers.lists.service: Finished adding domains from the AdGuardFilter feed.
2026-09-16 18:44:00,821 INFO asdec.enrichers.lists.service: Feed AdGuardFilter had 8 new domains added to the database!
2026-09-16 18:44:00,821 INFO asdec.enrichers.lists.service: Adding domains from the Publicite_Domains-cbuijs feed.
2026-09-16 18:44:02,324 INFO asdec.enrichers.lists.service: Finished adding domains from the Publicite_Domains-cbuijs feed.
2026-09-16 18:44:02,572 INFO asdec.enrichers.lists.service: Feed Publicite_Domains-cbuijs had 1171 new domains added to the database!
2026-09-16 18:44:02,573 INFO asdec.enrichers.lists.service: Adding domains from the AdBlockPlus_damengzhu feed.
2026-09-16 18:44:04,405 INFO asdec.enrichers.lists.service: Finished adding domains from the AdBlockPlus_damengzhu feed.
2026-09-16 18:44:05,171 INFO asdec.enrichers.lists.service: Feed AdBlockPlus_damengzhu had 4025 new domains added to the database!
2026-09-16 18:44:05,171 INFO asdec.enrichers.lists.service: Adding domains from the Dandelion_Sprout's_All_Nordic_Filters feed.
2026-09-16 18:44:06,980 INFO asdec.enrichers.lists.service: Finished adding domains from the Dandelion_Sprout's_All_Nordic_Filters feed.
2026-09-16 18:44:07,113 INFO asdec.enrichers.lists.service: Feed Dandelion_Sprout's_All_Nordic_Filters had 746 new domains added to the database!
2026-09-16 18:44:07,113 INFO asdec.enrichers.lists.service: Adding domains from the Dandelion_Sprout's_Serbo_Croatian_filters feed.
2026-09-16 18:44:07,554 INFO asdec.enrichers.lists.service: Finished adding domains from the Dandelion_Sprout's_Serbo_Croatian_filters feed.
2026-09-16 18:44:07,571 INFO asdec.enrichers.lists.service: Feed Dandelion_Sprout's_Serbo_Croatian_filters had 73 new domains added to the database!
2026-09-16 18:44:07,572 INFO asdec.enrichers.lists.service: Adding domains from the Adversiment_Providers feed.
2026-09-16 18:44:08,069 INFO asdec.enrichers.lists.service: Finished adding domains from the Adversiment_Providers feed.
2026-09-16 18:44:08,117 INFO asdec.enrichers.lists.service: Feed Adversiment_Providers had 255 new domains added to the database!
2026-09-16 18:44:08,117 INFO asdec.enrichers.lists.service: Adding domains from the EasyPrivacy feed.
2026-09-16 18:44:08,933 INFO asdec.enrichers.lists.service: Feed EasyPrivacy had 0 new domains added to the database!
2026-09-16 18:44:08,933 INFO asdec.enrichers.lists.service: Adding domains from the EasyList_Thailand feed.
2026-09-16 18:44:09,419 INFO asdec.enrichers.lists.service: Finished adding domains from the EasyList_Thailand feed.
2026-09-16 18:44:09,499 INFO asdec.enrichers.lists.service: Feed EasyList_Thailand had 445 new domains added to the database!
2026-09-16 18:44:09,499 INFO asdec.enrichers.lists.service: Adding domains from the AdList_Entree3k feed.
2026-09-16 18:44:53,014 INFO asdec.enrichers.lists.service: Finished adding domains from the AdList_Entree3k feed.
2026-09-16 18:45:11,468 INFO asdec.enrichers.lists.service: Feed AdList_Entree3k had 103364 new domains added to the database!
2026-09-16 18:45:11,468 INFO asdec.enrichers.lists.service: Adding domains from the AdBlock_List_for_Finland feed.
2026-09-16 18:45:12,381 INFO asdec.enrichers.lists.service: Finished adding domains from the AdBlock_List_for_Finland feed.
2026-09-16 18:45:12,390 INFO asdec.enrichers.lists.service: Feed AdBlock_List_for_Finland had 3 new domains added to the database!
2026-09-16 18:45:12,390 INFO asdec.enrichers.lists.service: Adding domains from the AdBlockPlus_gioxx feed.
2026-09-16 18:45:13,625 INFO asdec.enrichers.lists.service: Finished adding domains from the AdBlockPlus_gioxx feed.
2026-09-16 18:45:13,729 INFO asdec.enrichers.lists.service: Feed AdBlockPlus_gioxx had 523 new domains added to the database!
2026-09-16 18:45:13,730 INFO asdec.enrichers.lists.service: Adding domains from the PersianBlocker feed.
2026-09-16 18:45:16,305 INFO asdec.enrichers.lists.service: Finished adding domains from the PersianBlocker feed.
2026-09-16 18:45:16,313 INFO asdec.enrichers.lists.service: Feed PersianBlocker had 2 new domains added to the database!
2026-09-16 18:45:16,313 INFO asdec.enrichers.lists.service: Adding domains from the Turkish_ad_Blocker feed.
2026-09-16 18:45:17,538 INFO asdec.enrichers.lists.service: Finished adding domains from the Turkish_ad_Blocker feed.
2026-09-16 18:45:17,643 INFO asdec.enrichers.lists.service: Feed Turkish_ad_Blocker had 578 new domains added to the database!
2026-09-16 18:45:17,643 INFO asdec.enrichers.lists.service: Adding domains from the Romanian_ad_Blocker feed.
2026-09-16 18:45:18,172 INFO asdec.enrichers.lists.service: Finished adding domains from the Romanian_ad_Blocker feed.
2026-09-16 18:45:18,236 INFO asdec.enrichers.lists.service: Feed Romanian_ad_Blocker had 340 new domains added to the database!
2026-09-16 18:45:18,237 INFO asdec.enrichers.lists.service: Adding domains from the YousList feed.
2026-09-16 18:45:19,941 INFO asdec.enrichers.lists.service: Finished adding domains from the YousList feed.
2026-09-16 18:45:20,087 INFO asdec.enrichers.lists.service: Feed YousList had 827 new domains added to the database!
2026-09-16 18:45:20,087 INFO asdec.enrichers.lists.service: Adding domains from the EstonianList feed.
2026-09-16 18:45:20,707 INFO asdec.enrichers.lists.service: Finished adding domains from the EstonianList feed.
2026-09-16 18:45:20,720 INFO asdec.enrichers.lists.service: Feed EstonianList had 38 new domains added to the database!
2026-09-16 18:45:20,720 INFO asdec.enrichers.lists.service: Adding domains from the Void_gr_Filters feed.
2026-09-16 18:45:22,823 INFO asdec.enrichers.lists.service: Finished adding domains from the Void_gr_Filters feed.
2026-09-16 18:45:22,853 INFO asdec.enrichers.lists.service: Feed Void_gr_Filters had 146 new domains added to the database!
2026-09-16 18:45:22,854 INFO asdec.enrichers.lists.service: Adding domains from the ROLIST feed.
2026-09-16 18:45:25,461 INFO asdec.enrichers.lists.service: Finished adding domains from the ROLIST feed.
2026-09-16 18:45:25,473 INFO asdec.enrichers.lists.service: Feed ROLIST had 37 new domains added to the database!
2026-09-16 18:45:25,473 INFO asdec.enrichers.lists.service: Adding domains from the HostsVN_Gambling-1 feed.
2026-09-16 18:45:44,392 INFO asdec.enrichers.lists.service: Finished adding domains from the HostsVN_Gambling-1 feed.
2026-09-16 18:45:55,995 INFO asdec.enrichers.lists.service: Feed HostsVN_Gambling-1 had 64502 new domains added to the database!
2026-09-16 18:45:55,995 INFO asdec.enrichers.lists.service: Adding domains from the Gambling_List-1 feed.
2026-09-16 18:45:57,642 INFO asdec.enrichers.lists.service: Finished adding domains from the Gambling_List-1 feed.
2026-09-16 18:45:57,806 INFO asdec.enrichers.lists.service: Feed Gambling_List-1 had 945 new domains added to the database!
2026-09-16 18:45:57,806 INFO asdec.enrichers.lists.service: Adding domains from the Anti-Gambling_Domain_List feed.
2026-09-16 18:45:58,358 INFO asdec.enrichers.lists.service: Finished adding domains from the Anti-Gambling_Domain_List feed.
2026-09-16 18:45:58,443 INFO asdec.enrichers.lists.service: Feed Anti-Gambling_Domain_List had 470 new domains added to the database!
2026-09-16 18:45:58,443 INFO asdec.enrichers.lists.service: Adding domains from the Gambling_Blocklist-1 feed.
2026-09-16 18:45:59,816 INFO asdec.enrichers.lists.service: Finished adding domains from the Gambling_Blocklist-1 feed.
2026-09-16 18:46:00,439 INFO asdec.enrichers.lists.service: Feed Gambling_Blocklist-1 had 3248 new domains added to the database!
2026-09-16 18:46:00,440 INFO asdec.enrichers.lists.service: Adding domains from the Bet-Blocker feed.
2026-09-16 18:46:01,456 INFO asdec.enrichers.lists.service: Finished adding domains from the Bet-Blocker feed.
2026-09-16 18:46:01,831 INFO asdec.enrichers.lists.service: Feed Bet-Blocker had 2120 new domains added to the database!
2026-09-16 18:46:01,832 INFO asdec.enrichers.lists.service: Adding domains from the HostsVN_Gambling-2 feed.
2026-09-16 18:46:20,314 INFO asdec.enrichers.lists.service: Feed HostsVN_Gambling-2 had 0 new domains added to the database!
2026-09-16 18:46:20,314 INFO asdec.enrichers.lists.service: Adding domains from the HostsVN_Gambling-3 feed.
2026-09-16 18:46:21,775 INFO asdec.enrichers.lists.service: Feed HostsVN_Gambling-3 had 0 new domains added to the database!
2026-09-16 18:46:21,775 INFO asdec.enrichers.lists.service: Adding domains from the ACMA_Blocked_Gambling feed.
2026-09-16 18:46:22,631 INFO asdec.enrichers.lists.service: Finished adding domains from the ACMA_Blocked_Gambling feed.
2026-09-16 18:46:22,895 INFO asdec.enrichers.lists.service: Feed ACMA_Blocked_Gambling had 1535 new domains added to the database!
2026-09-16 18:46:22,895 INFO asdec.enrichers.lists.service: Adding domains from the Estonia_Blocked_Gambling_Websites feed.
2026-09-16 18:46:23,819 INFO asdec.enrichers.lists.service: Finished adding domains from the Estonia_Blocked_Gambling_Websites feed.
2026-09-16 18:46:24,010 INFO asdec.enrichers.lists.service: Feed Estonia_Blocked_Gambling_Websites had 1085 new domains added to the database!
2026-09-16 18:46:24,010 INFO asdec.enrichers.lists.service: Adding domains from the Polish_Pihole_filters feed.
2026-09-16 18:46:25,162 INFO asdec.enrichers.lists.service: Finished adding domains from the Polish_Pihole_filters feed.
2026-09-16 18:46:25,383 INFO asdec.enrichers.lists.service: Feed Polish_Pihole_filters had 1256 new domains added to the database!
2026-09-16 18:46:25,383 INFO asdec.enrichers.lists.service: Adding domains from the ShadowWhisperer_Blocklist-gambling feed.
2026-09-16 18:46:28,484 INFO asdec.enrichers.lists.service: Finished adding domains from the ShadowWhisperer_Blocklist-gambling feed.
2026-09-16 18:46:29,900 INFO asdec.enrichers.lists.service: Feed ShadowWhisperer_Blocklist-gambling had 8420 new domains added to the database!
2026-09-16 18:46:29,900 INFO asdec.enrichers.lists.service: Adding domains from the Gambling_Blocklist-2 feed.
2026-09-16 18:46:30,945 INFO asdec.enrichers.lists.service: Feed Gambling_Blocklist-2 had 0 new domains added to the database!
2026-09-16 18:46:30,946 INFO asdec.enrichers.lists.service: Adding domains from the Gambling_Domains feed.
2026-09-16 18:46:41,546 INFO asdec.enrichers.lists.service: Finished adding domains from the Gambling_Domains feed.
2026-09-16 18:46:46,174 INFO asdec.enrichers.lists.service: Feed Gambling_Domains had 25504 new domains added to the database!
2026-09-16 18:46:46,174 INFO asdec.enrichers.lists.service: Adding domains from the Gambling_List-2 feed.
2026-09-16 18:46:54,139 INFO asdec.enrichers.lists.service: Finished adding domains from the Gambling_List-2 feed.
2026-09-16 18:46:59,054 INFO asdec.enrichers.lists.service: Feed Gambling_List-2 had 25632 new domains added to the database!
2026-09-21 10:58:00,027 INFO asdec.enrichers.lists.service: Adding domains from the Majestic_Million feed.
2026-09-21 11:00:46,376 INFO asdec.enrichers.lists.service: Finished adding domains from the Majestic_Million feed.
2026-09-21 11:03:40,450 INFO asdec.enrichers.lists.service: Feed Majestic_Million had 1000000 new domains added to the database!
2026-09-21 11:03:40,451 INFO asdec.enrichers.lists.service: Adding domains from the DNSBunker-Malware feed.
2026-09-21 11:03:43,293 INFO asdec.enrichers.lists.service: Finished adding domains from the DNSBunker-Malware feed.
2026-09-21 11:03:43,439 INFO asdec.enrichers.lists.service: Feed DNSBunker-Malware had 699 new domains added to the database!
2026-09-21 11:03:43,439 INFO asdec.enrichers.lists.service: Adding domains from the NoTrack feed.
2026-09-21 11:03:43,937 INFO asdec.enrichers.lists.service: Finished adding domains from the NoTrack feed.
2026-09-21 11:03:43,967 INFO asdec.enrichers.lists.service: Feed NoTrack had 104 new domains added to the database!
2026-09-21 11:03:43,967 INFO asdec.enrichers.lists.service: Adding domains from the Spyware_Filters feed.
2026-09-21 11:03:44,726 INFO asdec.enrichers.lists.service: Finished adding domains from the Spyware_Filters feed.
2026-09-21 11:03:44,923 INFO asdec.enrichers.lists.service: Feed Spyware_Filters had 1140 new domains added to the database!
2026-09-21 11:03:44,923 INFO asdec.enrichers.lists.service: Adding domains from the Stalkerware_Indicators-1 feed.
2026-09-21 11:03:46,396 INFO asdec.enrichers.lists.service: Finished adding domains from the Stalkerware_Indicators-1 feed.
2026-09-21 11:03:46,555 INFO asdec.enrichers.lists.service: Feed Stalkerware_Indicators-1 had 915 new domains added to the database!
2026-09-21 11:03:46,556 INFO asdec.enrichers.lists.service: Adding domains from the Stalkerware_Indicators-2 feed.
2026-09-21 11:03:47,181 INFO asdec.enrichers.lists.service: Finished adding domains from the Stalkerware_Indicators-2 feed.
2026-09-21 11:03:47,193 INFO asdec.enrichers.lists.service: Feed Stalkerware_Indicators-2 had 32 new domains added to the database!
2026-09-21 11:03:47,193 INFO asdec.enrichers.lists.service: Adding domains from the Anti-Malware_Domains-1 feed.
2026-09-21 11:03:51,514 INFO asdec.enrichers.lists.service: Finished adding domains from the Anti-Malware_Domains-1 feed.
2026-09-21 11:03:53,321 INFO asdec.enrichers.lists.service: Feed Anti-Malware_Domains-1 had 11667 new domains added to the database!
2026-09-21 11:03:53,321 INFO asdec.enrichers.lists.service: Adding domains from the Anti-Malware_Domains-2 feed.
2026-09-21 11:03:55,644 INFO asdec.enrichers.lists.service: Finished adding domains from the Anti-Malware_Domains-2 feed.
2026-09-21 11:03:56,648 INFO asdec.enrichers.lists.service: Feed Anti-Malware_Domains-2 had 6302 new domains added to the database!
2026-09-21 11:03:56,648 INFO asdec.enrichers.lists.service: Adding domains from the Malware_Domains-1 feed.
2026-09-21 11:03:57,490 INFO asdec.enrichers.lists.service: Finished adding domains from the Malware_Domains-1 feed.
2026-09-21 11:03:57,724 INFO asdec.enrichers.lists.service: Feed Malware_Domains-1 had 1381 new domains added to the database!
2026-09-21 11:03:57,724 INFO asdec.enrichers.lists.service: Adding domains from the Maltrail_Malware_Domains feed.
2026-09-21 11:09:20,752 INFO asdec.enrichers.lists.service: Finished adding domains from the Maltrail_Malware_Domains feed.
2026-09-21 11:13:03,808 INFO asdec.enrichers.lists.service: Feed Maltrail_Malware_Domains had 990588 new domains added to the database!
2026-09-21 11:13:03,815 INFO asdec.enrichers.lists.service: Adding domains from the uBlockFilters feed.
2026-09-21 11:13:08,903 INFO asdec.enrichers.lists.service: Finished adding domains from the uBlockFilters feed.
2026-09-21 11:13:09,414 INFO asdec.enrichers.lists.service: Feed uBlockFilters had 2701 new domains added to the database!
2026-09-21 11:13:09,414 INFO asdec.enrichers.lists.service: Adding domains from the Miguel_de_Moura_Malware_List feed.
2026-09-21 11:14:00,754 INFO asdec.enrichers.lists.service: Finished adding domains from the Miguel_de_Moura_Malware_List feed.
2026-09-21 11:14:31,292 INFO asdec.enrichers.lists.service: Feed Miguel_de_Moura_Malware_List had 154058 new domains added to the database!
2026-09-21 11:14:31,292 INFO asdec.enrichers.lists.service: Adding domains from the ShadowWhisperer_Blocklist-malware feed.
2026-09-21 11:14:47,771 INFO asdec.enrichers.lists.service: Finished adding domains from the ShadowWhisperer_Blocklist-malware feed.
2026-09-21 11:14:55,444 INFO asdec.enrichers.lists.service: Feed ShadowWhisperer_Blocklist-malware had 38982 new domains added to the database!
2026-09-21 11:14:55,444 INFO asdec.enrichers.lists.service: Adding domains from the Pegasus-Related_Domains feed.
2026-09-21 11:14:56,780 INFO asdec.enrichers.lists.service: Feed Pegasus-Related_Domains had 0 new domains added to the database!
2026-09-21 11:14:56,781 INFO asdec.enrichers.lists.service: Adding domains from the Indian-Made_Spyware feed.
2026-09-21 11:14:57,510 INFO asdec.enrichers.lists.service: Finished adding domains from the Indian-Made_Spyware feed.
2026-09-21 11:14:57,521 INFO asdec.enrichers.lists.service: Feed Indian-Made_Spyware had 13 new domains added to the database!
2026-09-21 11:14:57,521 INFO asdec.enrichers.lists.service: Adding domains from the Wintego_Helios_Spyware_Domains feed.
2026-09-21 11:14:58,287 INFO asdec.enrichers.lists.service: Finished adding domains from the Wintego_Helios_Spyware_Domains feed.
2026-09-21 11:14:58,325 INFO asdec.enrichers.lists.service: Feed Wintego_Helios_Spyware_Domains had 175 new domains added to the database!
2026-09-21 11:14:58,325 INFO asdec.enrichers.lists.service: Adding domains from the Cytrox_Spyware_Domains feed.
2026-09-21 11:14:59,172 INFO asdec.enrichers.lists.service: Finished adding domains from the Cytrox_Spyware_Domains feed.
2026-09-21 11:14:59,179 INFO asdec.enrichers.lists.service: Feed Cytrox_Spyware_Domains had 10 new domains added to the database!
2026-09-21 11:14:59,180 INFO asdec.enrichers.lists.service: Adding domains from the FinSpy_Domains feed.
2026-09-21 11:14:59,909 INFO asdec.enrichers.lists.service: Finished adding domains from the FinSpy_Domains feed.
2026-09-21 11:14:59,918 INFO asdec.enrichers.lists.service: Feed FinSpy_Domains had 3 new domains added to the database!
2026-09-21 11:14:59,918 INFO asdec.enrichers.lists.service: Adding domains from the Android_Hacking_Campaign_Linked_to_Mercenary_Spyware_Company feed.
2026-09-21 11:15:01,356 INFO asdec.enrichers.lists.service: Finished adding domains from the Android_Hacking_Campaign_Linked_to_Mercenary_Spyware_Company feed.
2026-09-21 11:15:01,759 INFO asdec.enrichers.lists.service: Feed Android_Hacking_Campaign_Linked_to_Mercenary_Spyware_Company had 2179 new domains added to the database!
2026-09-21 11:15:01,760 INFO asdec.enrichers.lists.service: Adding domains from the Malware_Domains-2 feed.
2026-09-21 11:16:18,506 INFO asdec.enrichers.lists.service: Finished adding domains from the Malware_Domains-2 feed.
2026-09-21 11:16:59,668 INFO asdec.enrichers.lists.service: Feed Malware_Domains-2 had 227216 new domains added to the database!
2026-09-21 11:16:59,668 INFO asdec.enrichers.lists.service: Adding domains from the Stalkerware_Domains feed.
2026-09-21 11:17:00,711 INFO asdec.enrichers.lists.service: Finished adding domains from the Stalkerware_Domains feed.
2026-09-21 11:17:00,723 INFO asdec.enrichers.lists.service: Feed Stalkerware_Domains had 15 new domains added to the database!
2026-09-21 11:17:00,723 INFO asdec.enrichers.lists.service: Adding domains from the Dandelion_Sprout's_Anti-Malware_List feed.
2026-09-21 11:17:04,860 INFO asdec.enrichers.lists.service: Finished adding domains from the Dandelion_Sprout's_Anti-Malware_List feed.
2026-09-21 11:17:04,876 INFO asdec.enrichers.lists.service: Feed Dandelion_Sprout's_Anti-Malware_List had 59 new domains added to the database!
2026-09-21 11:17:04,876 INFO asdec.enrichers.lists.service: Adding domains from the Malware_List feed.
2026-09-21 11:19:25,195 INFO asdec.enrichers.lists.service: Finished adding domains from the Malware_List feed.
2026-09-21 11:20:46,270 INFO asdec.enrichers.lists.service: Feed Malware_List had 421945 new domains added to the database!
2026-09-21 11:20:46,270 INFO asdec.enrichers.lists.service: Adding domains from the Ransomware_List feed.
2026-09-21 11:20:48,295 INFO asdec.enrichers.lists.service: Finished adding domains from the Ransomware_List feed.
2026-09-21 11:20:48,311 INFO asdec.enrichers.lists.service: Feed Ransomware_List had 2 new domains added to the database!
2026-09-21 11:20:48,311 INFO asdec.enrichers.lists.service: Adding domains from the Malware_Domains-3 feed.
2026-09-21 11:20:49,568 INFO asdec.enrichers.lists.service: Feed Malware_Domains-3 had 0 new domains added to the database!
2026-09-21 11:20:49,568 INFO asdec.enrichers.lists.service: Adding domains from the Badware_List feed.
2026-09-21 11:20:51,388 INFO asdec.enrichers.lists.service: Feed Badware_List had 0 new domains added to the database!
2026-09-21 11:20:51,388 INFO asdec.enrichers.lists.service: Adding domains from the Kushari feed.
2026-09-21 11:20:52,440 INFO asdec.enrichers.lists.service: Finished adding domains from the Kushari feed.
2026-09-21 11:20:52,473 INFO asdec.enrichers.lists.service: Feed Kushari had 117 new domains added to the database!
2026-09-21 11:20:52,473 INFO asdec.enrichers.lists.service: Adding domains from the DNSBunker-Phishing feed.
2026-09-21 11:20:53,660 INFO asdec.enrichers.lists.service: Finished adding domains from the DNSBunker-Phishing feed.
2026-09-21 11:20:53,682 INFO asdec.enrichers.lists.service: Feed DNSBunker-Phishing had 14 new domains added to the database!
2026-09-21 11:20:53,683 INFO asdec.enrichers.lists.service: Adding domains from the DNSBunker-Fake feed.
2026-09-21 11:20:55,280 INFO asdec.enrichers.lists.service: Finished adding domains from the DNSBunker-Fake feed.
2026-09-21 11:20:55,390 INFO asdec.enrichers.lists.service: Feed DNSBunker-Fake had 485 new domains added to the database!
2026-09-21 11:20:55,391 INFO asdec.enrichers.lists.service: Adding domains from the DNSBunker-Scam feed.
2026-09-21 11:20:56,544 INFO asdec.enrichers.lists.service: Finished adding domains from the DNSBunker-Scam feed.
2026-09-21 11:20:56,563 INFO asdec.enrichers.lists.service: Feed DNSBunker-Scam had 78 new domains added to the database!
2026-09-21 11:20:56,563 INFO asdec.enrichers.lists.service: Adding domains from the Phishing_Database feed.
2026-09-21 11:20:58,808 INFO asdec.enrichers.lists.service: Finished adding domains from the Phishing_Database feed.
2026-09-21 11:20:59,399 INFO asdec.enrichers.lists.service: Feed Phishing_Database had 3032 new domains added to the database!
2026-09-21 11:20:59,399 INFO asdec.enrichers.lists.service: Adding domains from the Phishing_Database-Active feed.
2026-09-21 11:22:58,655 INFO asdec.enrichers.lists.service: Finished adding domains from the Phishing_Database-Active feed.
2026-09-21 11:24:09,517 INFO asdec.enrichers.lists.service: Feed Phishing_Database-Active had 375378 new domains added to the database!
2026-09-21 11:24:09,520 INFO asdec.enrichers.lists.service: Adding domains from the Phishing_Database-Wildcards feed.
2026-09-21 11:24:12,046 INFO asdec.enrichers.lists.service: Finished adding domains from the Phishing_Database-Wildcards feed.
2026-09-21 11:24:12,376 INFO asdec.enrichers.lists.service: Feed Phishing_Database-Wildcards had 1827 new domains added to the database!
2026-09-21 11:24:12,376 INFO asdec.enrichers.lists.service: Adding domains from the Phishing_Army feed.
2026-09-21 11:24:53,003 INFO asdec.enrichers.lists.service: Finished adding domains from the Phishing_Army feed.
2026-09-21 11:25:00,545 INFO asdec.enrichers.lists.service: Feed Phishing_Army had 39405 new domains added to the database!
2026-09-21 11:25:00,545 INFO asdec.enrichers.lists.service: Adding domains from the Phishing_Hosts feed.
2026-09-21 11:25:13,437 INFO asdec.enrichers.lists.service: Finished adding domains from the Phishing_Hosts feed.
2026-09-21 11:25:16,548 INFO asdec.enrichers.lists.service: Feed Phishing_Hosts had 16846 new domains added to the database!
2026-09-21 11:25:16,548 INFO asdec.enrichers.lists.service: Adding domains from the SinkingYachts feed.
2026-09-21 11:25:30,678 INFO asdec.enrichers.lists.service: Finished adding domains from the SinkingYachts feed.
2026-09-21 11:25:38,476 INFO asdec.enrichers.lists.service: Feed SinkingYachts had 41308 new domains added to the database!
2026-09-21 11:25:38,476 INFO asdec.enrichers.lists.service: Adding domains from the Phishing_Blocklist feed.
2026-09-21 11:25:39,634 INFO asdec.enrichers.lists.service: Finished adding domains from the Phishing_Blocklist feed.
2026-09-21 11:25:39,871 INFO asdec.enrichers.lists.service: Feed Phishing_Blocklist had 1255 new domains added to the database!
2026-09-21 11:25:39,871 INFO asdec.enrichers.lists.service: Adding domains from the eth-phishing-detect feed.
2026-09-21 11:25:40,869 INFO asdec.enrichers.lists.service: Finished adding domains from the eth-phishing-detect feed.
2026-09-21 11:25:41,073 INFO asdec.enrichers.lists.service: Feed eth-phishing-detect had 1055 new domains added to the database!
2026-09-21 11:25:41,073 INFO asdec.enrichers.lists.service: Adding domains from the Valdini_Phish_Feed feed.
2026-09-21 11:26:13,769 INFO asdec.enrichers.lists.service: Finished adding domains from the Valdini_Phish_Feed feed.
2026-09-21 11:26:29,616 INFO asdec.enrichers.lists.service: Feed Valdini_Phish_Feed had 83171 new domains added to the database!
2026-09-21 11:26:29,616 INFO asdec.enrichers.lists.service: Adding domains from the Valdini_Phish_feed-1 feed.
2026-09-21 11:27:03,495 INFO asdec.enrichers.lists.service: Finished adding domains from the Valdini_Phish_feed-1 feed.
2026-09-21 11:27:23,490 INFO asdec.enrichers.lists.service: Feed Valdini_Phish_feed-1 had 105310 new domains added to the database!
2026-09-21 11:27:23,490 INFO asdec.enrichers.lists.service: Adding domains from the Valdini_Phish_feed-2 feed.
2026-09-21 11:27:52,036 INFO asdec.enrichers.lists.service: Finished adding domains from the Valdini_Phish_feed-2 feed.
2026-09-21 11:28:08,528 INFO asdec.enrichers.lists.service: Feed Valdini_Phish_feed-2 had 82552 new domains added to the database!
2026-09-21 11:28:08,528 INFO asdec.enrichers.lists.service: Adding domains from the Valdini_Phish_feed-3 feed.
2026-09-21 11:28:49,436 INFO asdec.enrichers.lists.service: Finished adding domains from the Valdini_Phish_feed-3 feed.
2026-09-21 11:29:15,928 INFO asdec.enrichers.lists.service: Feed Valdini_Phish_feed-3 had 116078 new domains added to the database!
2026-09-21 11:29:15,929 INFO asdec.enrichers.lists.service: Adding domains from the Valdini_Phish_feed-4 feed.
2026-09-21 11:30:00,578 INFO asdec.enrichers.lists.service: Finished adding domains from the Valdini_Phish_feed-4 feed.
2026-09-21 11:30:29,219 INFO asdec.enrichers.lists.service: Feed Valdini_Phish_feed-4 had 122886 new domains added to the database!
2026-09-21 11:30:29,219 INFO asdec.enrichers.lists.service: Adding domains from the Valdini_Phish_feed-5 feed.
2026-09-21 11:31:11,228 INFO asdec.enrichers.lists.service: Finished adding domains from the Valdini_Phish_feed-5 feed.
2026-09-21 11:31:41,100 INFO asdec.enrichers.lists.service: Feed Valdini_Phish_feed-5 had 127772 new domains added to the database!
2026-09-21 11:31:41,100 INFO asdec.enrichers.lists.service: Adding domains from the Valdini_Phish_feed-6 feed.
2026-09-21 11:32:29,499 INFO asdec.enrichers.lists.service: Finished adding domains from the Valdini_Phish_feed-6 feed.
2026-09-21 11:32:56,812 INFO asdec.enrichers.lists.service: Feed Valdini_Phish_feed-6 had 115525 new domains added to the database!
2026-09-21 11:32:56,813 INFO asdec.enrichers.lists.service: Adding domains from the OpenPhish_Community_Phishing_Feed feed.
2026-09-21 11:32:57,629 INFO asdec.enrichers.lists.service: Finished adding domains from the OpenPhish_Community_Phishing_Feed feed.
2026-09-21 11:32:57,645 INFO asdec.enrichers.lists.service: Feed OpenPhish_Community_Phishing_Feed had 34 new domains added to the database!
2026-09-21 11:32:57,646 INFO asdec.enrichers.lists.service: Adding domains from the Destroylist:Phishing feed.
2026-09-21 11:34:19,320 INFO asdec.enrichers.lists.service: Finished adding domains from the Destroylist:Phishing feed.
2026-09-21 11:35:02,817 INFO asdec.enrichers.lists.service: Feed Destroylist:Phishing had 181340 new domains added to the database!
2026-09-21 11:35:02,817 INFO asdec.enrichers.lists.service: Adding domains from the ScamSniffer feed.
2026-09-21 11:37:34,344 INFO asdec.enrichers.lists.service: Finished adding domains from the ScamSniffer feed.
2026-09-21 11:38:49,973 INFO asdec.enrichers.lists.service: Feed ScamSniffer had 322436 new domains added to the database!
2026-09-21 11:38:49,975 INFO asdec.enrichers.lists.service: Adding domains from the Scam_Blocklist feed.
2026-09-21 11:38:52,012 INFO asdec.enrichers.lists.service: Finished adding domains from the Scam_Blocklist feed.
2026-09-21 11:38:52,457 INFO asdec.enrichers.lists.service: Feed Scam_Blocklist had 1737 new domains added to the database!
2026-09-21 11:38:52,458 INFO asdec.enrichers.lists.service: Adding domains from the Globa_Anti-Scam_Organization_Blocklist feed.
2026-09-21 11:38:57,291 INFO asdec.enrichers.lists.service: Finished adding domains from the Globa_Anti-Scam_Organization_Blocklist feed.
2026-09-21 11:38:59,869 INFO asdec.enrichers.lists.service: Feed Globa_Anti-Scam_Organization_Blocklist had 11026 new domains added to the database!
2026-09-21 11:38:59,870 INFO asdec.enrichers.lists.service: Adding domains from the ShadowWhisperer_Blocklist-phishing feed.
2026-09-21 11:39:03,469 INFO asdec.enrichers.lists.service: Finished adding domains from the ShadowWhisperer_Blocklist-phishing feed.
2026-09-21 11:39:05,027 INFO asdec.enrichers.lists.service: Feed ShadowWhisperer_Blocklist-phishing had 7045 new domains added to the database!
2026-09-21 11:39:05,027 INFO asdec.enrichers.lists.service: Adding domains from the Liste_Fake_shops feed.
2026-09-21 11:39:20,299 INFO asdec.enrichers.lists.service: Finished adding domains from the Liste_Fake_shops feed.
2026-09-21 11:39:28,940 INFO asdec.enrichers.lists.service: Feed Liste_Fake_shops had 35268 new domains added to the database!
2026-09-21 11:39:28,940 INFO asdec.enrichers.lists.service: Adding domains from the IOC_Repository-1 feed.
2026-09-21 11:39:31,339 INFO asdec.enrichers.lists.service: Finished adding domains from the IOC_Repository-1 feed.
2026-09-21 11:39:32,127 INFO asdec.enrichers.lists.service: Feed IOC_Repository-1 had 3687 new domains added to the database!
2026-09-21 11:39:32,127 INFO asdec.enrichers.lists.service: Adding domains from the IOC_Repository-2 feed.
2026-09-21 11:39:32,841 INFO asdec.enrichers.lists.service: Finished adding domains from the IOC_Repository-2 feed.
2026-09-21 11:39:32,857 INFO asdec.enrichers.lists.service: Feed IOC_Repository-2 had 31 new domains added to the database!
2026-09-21 11:39:32,857 INFO asdec.enrichers.lists.service: Adding domains from the IOC_Repository-3 feed.
2026-09-21 11:39:33,777 INFO asdec.enrichers.lists.service: Finished adding domains from the IOC_Repository-3 feed.
2026-09-21 11:39:33,865 INFO asdec.enrichers.lists.service: Feed IOC_Repository-3 had 417 new domains added to the database!
2026-09-21 11:39:33,865 INFO asdec.enrichers.lists.service: Adding domains from the Phishing_Domains feed.
2026-09-21 11:40:55,509 INFO asdec.enrichers.lists.service: Finished adding domains from the Phishing_Domains feed.
2026-09-21 11:40:55,813 INFO asdec.enrichers.lists.service: Feed Phishing_Domains had 1402 new domains added to the database!
2026-09-21 11:40:55,813 INFO asdec.enrichers.lists.service: Adding domains from the Scam_List feed.
2026-09-21 11:40:56,631 INFO asdec.enrichers.lists.service: Finished adding domains from the Scam_List feed.
2026-09-21 11:40:56,708 INFO asdec.enrichers.lists.service: Feed Scam_List had 224 new domains added to the database!
2026-09-21 11:40:56,708 INFO asdec.enrichers.lists.service: Adding domains from the Phishing_List feed.
2026-09-21 11:42:08,374 INFO asdec.enrichers.lists.service: Finished adding domains from the Phishing_List feed.
2026-09-21 11:42:46,435 INFO asdec.enrichers.lists.service: Feed Phishing_List had 178230 new domains added to the database!
2026-09-21 11:42:46,435 INFO asdec.enrichers.lists.service: Adding domains from the Fraud_List feed.
2026-09-21 11:44:03,909 INFO asdec.enrichers.lists.service: Finished adding domains from the Fraud_List feed.
2026-09-21 11:44:45,895 INFO asdec.enrichers.lists.service: Feed Fraud_List had 193721 new domains added to the database!
2026-09-21 11:44:45,895 INFO asdec.enrichers.lists.service: Adding domains from the Fake_Shop_Blocklist feed.
2026-09-21 11:44:48,805 INFO asdec.enrichers.lists.service: Finished adding domains from the Fake_Shop_Blocklist feed.
2026-09-21 11:44:49,272 INFO asdec.enrichers.lists.service: Feed Fake_Shop_Blocklist had 2315 new domains added to the database!
2026-09-21 11:44:49,273 INFO asdec.enrichers.lists.service: Adding domains from the Crypto_Scam_and_Crypto_Phishing_Threat_Intel_Feed feed.
2026-09-21 11:44:50,824 INFO asdec.enrichers.lists.service: Finished adding domains from the Crypto_Scam_and_Crypto_Phishing_Threat_Intel_Feed feed.
2026-09-21 11:44:50,996 INFO asdec.enrichers.lists.service: Feed Crypto_Scam_and_Crypto_Phishing_Threat_Intel_Feed had 797 new domains added to the database!
2026-09-21 11:44:50,997 INFO asdec.enrichers.lists.service: Adding domains from the Antispam-It feed.
2026-09-21 11:44:52,523 INFO asdec.enrichers.lists.service: Finished adding domains from the Antispam-It feed.
2026-09-21 11:44:52,836 INFO asdec.enrichers.lists.service: Feed Antispam-It had 1547 new domains added to the database!
2026-09-21 11:44:52,837 INFO asdec.enrichers.lists.service: Adding domains from the Spam_List-1 feed.
2026-09-21 11:44:53,663 INFO asdec.enrichers.lists.service: Finished adding domains from the Spam_List-1 feed.
2026-09-21 11:44:53,709 INFO asdec.enrichers.lists.service: Feed Spam_List-1 had 218 new domains added to the database!
2026-09-21 11:44:53,710 INFO asdec.enrichers.lists.service: Adding domains from the Stop_Forum_Spam feed.
2026-09-21 11:45:22,050 INFO asdec.enrichers.lists.service: Finished adding domains from the Stop_Forum_Spam feed.
2026-09-21 11:45:38,516 INFO asdec.enrichers.lists.service: Feed Stop_Forum_Spam had 74960 new domains added to the database!
2026-09-21 11:45:38,517 INFO asdec.enrichers.lists.service: Adding domains from the Spam_List-2 feed.
2026-09-21 11:45:39,748 INFO asdec.enrichers.lists.service: Finished adding domains from the Spam_List-2 feed.
2026-09-21 11:45:39,958 INFO asdec.enrichers.lists.service: Feed Spam_List-2 had 1026 new domains added to the database!
2026-09-23 10:24:26,022 INFO asdec.enrichers.lists.service: Adding domains from the Majestic_Million feed.
2026-09-23 10:28:24,542 INFO asdec.enrichers.lists.service: Finished adding domains from the Majestic_Million feed.
2026-09-23 10:31:55,483 INFO asdec.enrichers.lists.service: Feed Majestic_Million had 1000000 new domains added to the database!
2026-09-23 10:31:55,490 INFO asdec.enrichers.lists.service: Adding domains from the DNSBunker-Malware feed.
2026-09-23 10:31:58,749 INFO asdec.enrichers.lists.service: Finished adding domains from the DNSBunker-Malware feed.
2026-09-23 10:31:58,905 INFO asdec.enrichers.lists.service: Feed DNSBunker-Malware had 699 new domains added to the database!
2026-09-23 10:31:58,905 INFO asdec.enrichers.lists.service: Adding domains from the NoTrack feed.
2026-09-23 10:32:00,052 INFO asdec.enrichers.lists.service: Finished adding domains from the NoTrack feed.
2026-09-23 10:32:00,091 INFO asdec.enrichers.lists.service: Feed NoTrack had 103 new domains added to the database!
2026-09-23 10:32:00,091 INFO asdec.enrichers.lists.service: Adding domains from the Spyware_Filters feed.
2026-09-23 10:32:01,412 INFO asdec.enrichers.lists.service: Finished adding domains from the Spyware_Filters feed.
2026-09-23 10:32:01,610 INFO asdec.enrichers.lists.service: Feed Spyware_Filters had 1140 new domains added to the database!
2026-09-23 10:32:01,610 INFO asdec.enrichers.lists.service: Adding domains from the Stalkerware_Indicators-1 feed.
2026-09-23 10:32:02,549 INFO asdec.enrichers.lists.service: Finished adding domains from the Stalkerware_Indicators-1 feed.
2026-09-23 10:32:02,713 INFO asdec.enrichers.lists.service: Feed Stalkerware_Indicators-1 had 915 new domains added to the database!
2026-09-23 10:32:02,713 INFO asdec.enrichers.lists.service: Adding domains from the Stalkerware_Indicators-2 feed.
2026-09-23 10:32:03,751 INFO asdec.enrichers.lists.service: Finished adding domains from the Stalkerware_Indicators-2 feed.
2026-09-23 10:32:03,762 INFO asdec.enrichers.lists.service: Feed Stalkerware_Indicators-2 had 32 new domains added to the database!
2026-09-23 10:32:03,762 INFO asdec.enrichers.lists.service: Adding domains from the Anti-Malware_Domains-1 feed.
2026-09-23 10:32:08,656 INFO asdec.enrichers.lists.service: Finished adding domains from the Anti-Malware_Domains-1 feed.
2026-09-23 10:32:10,696 INFO asdec.enrichers.lists.service: Feed Anti-Malware_Domains-1 had 11668 new domains added to the database!
2026-09-23 10:32:10,696 INFO asdec.enrichers.lists.service: Adding domains from the Anti-Malware_Domains-2 feed.
2026-09-23 10:32:13,856 INFO asdec.enrichers.lists.service: Finished adding domains from the Anti-Malware_Domains-2 feed.
2026-09-23 10:32:15,079 INFO asdec.enrichers.lists.service: Feed Anti-Malware_Domains-2 had 6304 new domains added to the database!
2026-09-23 10:32:15,079 INFO asdec.enrichers.lists.service: Adding domains from the Malware_Domains-1 feed.
2026-09-23 10:32:16,475 INFO asdec.enrichers.lists.service: Finished adding domains from the Malware_Domains-1 feed.
2026-09-23 10:32:16,770 INFO asdec.enrichers.lists.service: Feed Malware_Domains-1 had 1379 new domains added to the database!
2026-09-23 10:32:16,770 INFO asdec.enrichers.lists.service: Adding domains from the Maltrail_Malware_Domains feed.
2026-09-23 10:38:18,583 INFO asdec.enrichers.lists.service: Finished adding domains from the Maltrail_Malware_Domains feed.
2026-09-23 10:41:39,403 INFO asdec.enrichers.lists.service: Feed Maltrail_Malware_Domains had 995273 new domains added to the database!
2026-09-23 10:41:39,411 INFO asdec.enrichers.lists.service: Adding domains from the uBlockFilters feed.
2026-09-23 10:41:43,417 INFO asdec.enrichers.lists.service: Finished adding domains from the uBlockFilters feed.
2026-09-23 10:41:43,925 INFO asdec.enrichers.lists.service: Feed uBlockFilters had 2699 new domains added to the database!
2026-09-23 10:41:43,925 INFO asdec.enrichers.lists.service: Adding domains from the Miguel_de_Moura_Malware_List feed.
2026-09-23 10:42:30,687 INFO asdec.enrichers.lists.service: Finished adding domains from the Miguel_de_Moura_Malware_List feed.
2026-09-23 10:42:58,475 INFO asdec.enrichers.lists.service: Feed Miguel_de_Moura_Malware_List had 154058 new domains added to the database!
2026-09-23 10:42:58,476 INFO asdec.enrichers.lists.service: Adding domains from the ShadowWhisperer_Blocklist-malware feed.
2026-09-23 10:43:13,739 INFO asdec.enrichers.lists.service: Finished adding domains from the ShadowWhisperer_Blocklist-malware feed.
2026-09-23 10:43:20,682 INFO asdec.enrichers.lists.service: Feed ShadowWhisperer_Blocklist-malware had 38990 new domains added to the database!
2026-09-23 10:43:20,682 INFO asdec.enrichers.lists.service: Adding domains from the Pegasus-Related_Domains feed.
2026-09-23 10:43:21,890 INFO asdec.enrichers.lists.service: Feed Pegasus-Related_Domains had 0 new domains added to the database!
2026-09-23 10:43:21,890 INFO asdec.enrichers.lists.service: Adding domains from the Indian-Made_Spyware feed.
2026-09-23 10:43:22,668 INFO asdec.enrichers.lists.service: Finished adding domains from the Indian-Made_Spyware feed.
2026-09-23 10:43:22,684 INFO asdec.enrichers.lists.service: Feed Indian-Made_Spyware had 13 new domains added to the database!
2026-09-23 10:43:22,685 INFO asdec.enrichers.lists.service: Adding domains from the Wintego_Helios_Spyware_Domains feed.
2026-09-23 10:43:23,530 INFO asdec.enrichers.lists.service: Finished adding domains from the Wintego_Helios_Spyware_Domains feed.
2026-09-23 10:43:23,564 INFO asdec.enrichers.lists.service: Feed Wintego_Helios_Spyware_Domains had 175 new domains added to the database!
2026-09-23 10:43:23,564 INFO asdec.enrichers.lists.service: Adding domains from the Cytrox_Spyware_Domains feed.
2026-09-23 10:43:24,453 INFO asdec.enrichers.lists.service: Finished adding domains from the Cytrox_Spyware_Domains feed.
2026-09-23 10:43:24,460 INFO asdec.enrichers.lists.service: Feed Cytrox_Spyware_Domains had 10 new domains added to the database!
2026-09-23 10:43:24,460 INFO asdec.enrichers.lists.service: Adding domains from the FinSpy_Domains feed.
2026-09-23 10:43:25,243 INFO asdec.enrichers.lists.service: Finished adding domains from the FinSpy_Domains feed.
2026-09-23 10:43:25,256 INFO asdec.enrichers.lists.service: Feed FinSpy_Domains had 3 new domains added to the database!
2026-09-23 10:43:25,257 INFO asdec.enrichers.lists.service: Adding domains from the Android_Hacking_Campaign_Linked_to_Mercenary_Spyware_Company feed.
2026-09-23 10:43:26,658 INFO asdec.enrichers.lists.service: Finished adding domains from the Android_Hacking_Campaign_Linked_to_Mercenary_Spyware_Company feed.
2026-09-23 10:43:27,033 INFO asdec.enrichers.lists.service: Feed Android_Hacking_Campaign_Linked_to_Mercenary_Spyware_Company had 2179 new domains added to the database!
2026-09-23 10:43:27,033 INFO asdec.enrichers.lists.service: Adding domains from the Malware_Domains-2 feed.
2026-09-23 10:44:40,622 INFO asdec.enrichers.lists.service: Finished adding domains from the Malware_Domains-2 feed.
2026-09-23 10:45:20,854 INFO asdec.enrichers.lists.service: Feed Malware_Domains-2 had 227260 new domains added to the database!
2026-09-23 10:45:20,854 INFO asdec.enrichers.lists.service: Adding domains from the Stalkerware_Domains feed.
2026-09-23 10:45:21,988 INFO asdec.enrichers.lists.service: Finished adding domains from the Stalkerware_Domains feed.
2026-09-23 10:45:22,003 INFO asdec.enrichers.lists.service: Feed Stalkerware_Domains had 15 new domains added to the database!
2026-09-23 10:45:22,003 INFO asdec.enrichers.lists.service: Adding domains from the Dandelion_Sprout's_Anti-Malware_List feed.
2026-09-23 10:45:26,110 INFO asdec.enrichers.lists.service: Finished adding domains from the Dandelion_Sprout's_Anti-Malware_List feed.
2026-09-23 10:45:26,126 INFO asdec.enrichers.lists.service: Feed Dandelion_Sprout's_Anti-Malware_List had 59 new domains added to the database!
2026-09-23 10:45:26,126 INFO asdec.enrichers.lists.service: Adding domains from the Malware_List feed.
2026-09-23 10:47:25,796 INFO asdec.enrichers.lists.service: Finished adding domains from the Malware_List feed.
2026-09-23 10:48:40,258 INFO asdec.enrichers.lists.service: Feed Malware_List had 421943 new domains added to the database!
2026-09-23 10:48:40,258 INFO asdec.enrichers.lists.service: Adding domains from the Ransomware_List feed.
2026-09-23 10:48:42,227 INFO asdec.enrichers.lists.service: Finished adding domains from the Ransomware_List feed.
2026-09-23 10:48:42,239 INFO asdec.enrichers.lists.service: Feed Ransomware_List had 2 new domains added to the database!
2026-09-23 10:48:42,239 INFO asdec.enrichers.lists.service: Adding domains from the Malware_Domains-3 feed.
2026-09-23 10:48:43,417 INFO asdec.enrichers.lists.service: Feed Malware_Domains-3 had 0 new domains added to the database!
2026-09-23 10:48:43,417 INFO asdec.enrichers.lists.service: Adding domains from the Badware_List feed.
2026-09-23 10:48:45,543 INFO asdec.enrichers.lists.service: Feed Badware_List had 0 new domains added to the database!
2026-09-23 10:48:45,543 INFO asdec.enrichers.lists.service: Adding domains from the Kushari feed.
2026-09-23 10:48:46,691 INFO asdec.enrichers.lists.service: Finished adding domains from the Kushari feed.
2026-09-23 10:48:46,717 INFO asdec.enrichers.lists.service: Feed Kushari had 117 new domains added to the database!
2026-09-23 10:48:46,717 INFO asdec.enrichers.lists.service: Adding domains from the DNSBunker-Phishing feed.
2026-09-23 10:48:48,765 INFO asdec.enrichers.lists.service: Finished adding domains from the DNSBunker-Phishing feed.
2026-09-23 10:48:48,773 INFO asdec.enrichers.lists.service: Feed DNSBunker-Phishing had 14 new domains added to the database!
2026-09-23 10:48:48,773 INFO asdec.enrichers.lists.service: Adding domains from the DNSBunker-Fake feed.
2026-09-23 10:48:50,260 INFO asdec.enrichers.lists.service: Finished adding domains from the DNSBunker-Fake feed.
2026-09-23 10:48:50,349 INFO asdec.enrichers.lists.service: Feed DNSBunker-Fake had 485 new domains added to the database!
2026-09-23 10:48:50,349 INFO asdec.enrichers.lists.service: Adding domains from the DNSBunker-Scam feed.
2026-09-23 10:48:51,836 INFO asdec.enrichers.lists.service: Finished adding domains from the DNSBunker-Scam feed.
2026-09-23 10:48:51,855 INFO asdec.enrichers.lists.service: Feed DNSBunker-Scam had 78 new domains added to the database!
2026-09-23 10:48:51,855 INFO asdec.enrichers.lists.service: Adding domains from the Phishing_Database feed.
2026-09-23 10:48:53,666 INFO asdec.enrichers.lists.service: Finished adding domains from the Phishing_Database feed.
2026-09-23 10:48:54,185 INFO asdec.enrichers.lists.service: Feed Phishing_Database had 3043 new domains added to the database!
2026-09-23 10:48:54,185 INFO asdec.enrichers.lists.service: Adding domains from the Phishing_Database-Active feed.
2026-09-23 10:51:31,848 INFO asdec.enrichers.lists.service: Finished adding domains from the Phishing_Database-Active feed.
2026-09-23 10:52:44,304 INFO asdec.enrichers.lists.service: Feed Phishing_Database-Active had 375376 new domains added to the database!
2026-09-23 10:52:44,305 INFO asdec.enrichers.lists.service: Adding domains from the Phishing_Database-Wildcards feed.
2026-09-23 10:52:47,529 INFO asdec.enrichers.lists.service: Finished adding domains from the Phishing_Database-Wildcards feed.
2026-09-23 10:52:47,885 INFO asdec.enrichers.lists.service: Feed Phishing_Database-Wildcards had 1827 new domains added to the database!
2026-09-23 10:52:47,886 INFO asdec.enrichers.lists.service: Adding domains from the Phishing_Army feed.
2026-09-23 10:53:31,620 INFO asdec.enrichers.lists.service: Finished adding domains from the Phishing_Army feed.
2026-09-23 10:53:39,189 INFO asdec.enrichers.lists.service: Feed Phishing_Army had 39401 new domains added to the database!
2026-09-23 10:53:39,189 INFO asdec.enrichers.lists.service: Adding domains from the Phishing_Hosts feed.
2026-09-23 10:53:54,634 INFO asdec.enrichers.lists.service: Finished adding domains from the Phishing_Hosts feed.
2026-09-23 10:53:58,236 INFO asdec.enrichers.lists.service: Feed Phishing_Hosts had 16845 new domains added to the database!
2026-09-23 10:53:58,236 INFO asdec.enrichers.lists.service: Adding domains from the SinkingYachts feed.
2026-09-23 10:54:13,724 INFO asdec.enrichers.lists.service: Finished adding domains from the SinkingYachts feed.
2026-09-23 10:54:21,781 INFO asdec.enrichers.lists.service: Feed SinkingYachts had 41316 new domains added to the database!
2026-09-23 10:54:21,782 INFO asdec.enrichers.lists.service: Adding domains from the Phishing_Blocklist feed.
2026-09-23 10:54:23,117 INFO asdec.enrichers.lists.service: Finished adding domains from the Phishing_Blocklist feed.
2026-09-23 10:54:23,365 INFO asdec.enrichers.lists.service: Feed Phishing_Blocklist had 1255 new domains added to the database!
2026-09-23 10:54:23,365 INFO asdec.enrichers.lists.service: Adding domains from the eth-phishing-detect feed.
2026-09-23 10:54:24,422 INFO asdec.enrichers.lists.service: Finished adding domains from the eth-phishing-detect feed.
2026-09-23 10:54:24,621 INFO asdec.enrichers.lists.service: Feed eth-phishing-detect had 1055 new domains added to the database!
2026-09-23 10:54:24,622 INFO asdec.enrichers.lists.service: Adding domains from the Valdini_Phish_Feed feed.
2026-09-23 10:54:54,623 INFO asdec.enrichers.lists.service: Finished adding domains from the Valdini_Phish_Feed feed.
2026-09-23 10:55:13,224 INFO asdec.enrichers.lists.service: Feed Valdini_Phish_Feed had 83173 new domains added to the database!
2026-09-23 10:55:13,225 INFO asdec.enrichers.lists.service: Adding domains from the Valdini_Phish_feed-1 feed.
2026-09-23 10:55:50,293 INFO asdec.enrichers.lists.service: Finished adding domains from the Valdini_Phish_feed-1 feed.
2026-09-23 10:56:09,019 INFO asdec.enrichers.lists.service: Feed Valdini_Phish_feed-1 had 105312 new domains added to the database!
2026-09-23 10:56:09,019 INFO asdec.enrichers.lists.service: Adding domains from the Valdini_Phish_feed-2 feed.
2026-09-23 10:56:36,521 INFO asdec.enrichers.lists.service: Finished adding domains from the Valdini_Phish_feed-2 feed.
2026-09-23 10:56:51,670 INFO asdec.enrichers.lists.service: Feed Valdini_Phish_feed-2 had 82552 new domains added to the database!
2026-09-23 10:56:51,670 INFO asdec.enrichers.lists.service: Adding domains from the Valdini_Phish_feed-3 feed.
2026-09-23 10:57:28,129 INFO asdec.enrichers.lists.service: Finished adding domains from the Valdini_Phish_feed-3 feed.
2026-09-23 10:57:48,752 INFO asdec.enrichers.lists.service: Feed Valdini_Phish_feed-3 had 116078 new domains added to the database!
2026-09-23 10:57:48,752 INFO asdec.enrichers.lists.service: Adding domains from the Valdini_Phish_feed-4 feed.
2026-09-23 10:58:25,432 INFO asdec.enrichers.lists.service: Finished adding domains from the Valdini_Phish_feed-4 feed.
2026-09-23 10:58:47,690 INFO asdec.enrichers.lists.service: Feed Valdini_Phish_feed-4 had 122886 new domains added to the database!
2026-09-23 10:58:47,690 INFO asdec.enrichers.lists.service: Adding domains from the Valdini_Phish_feed-5 feed.
2026-09-23 10:59:25,496 INFO asdec.enrichers.lists.service: Finished adding domains from the Valdini_Phish_feed-5 feed.
2026-09-23 10:59:48,913 INFO asdec.enrichers.lists.service: Feed Valdini_Phish_feed-5 had 127818 new domains added to the database!
2026-09-23 10:59:48,913 INFO asdec.enrichers.lists.service: Adding domains from the Valdini_Phish_feed-6 feed.
2026-09-23 11:00:25,271 INFO asdec.enrichers.lists.service: Finished adding domains from the Valdini_Phish_feed-6 feed.
2026-09-23 11:00:46,558 INFO asdec.enrichers.lists.service: Feed Valdini_Phish_feed-6 had 115528 new domains added to the database!
2026-09-23 11:00:46,558 INFO asdec.enrichers.lists.service: Adding domains from the OpenPhish_Community_Phishing_Feed feed.
2026-09-23 11:00:49,484 INFO asdec.enrichers.lists.service: Finished adding domains from the OpenPhish_Community_Phishing_Feed feed.
2026-09-23 11:00:49,502 INFO asdec.enrichers.lists.service: Feed OpenPhish_Community_Phishing_Feed had 57 new domains added to the database!
2026-09-23 11:00:49,503 INFO asdec.enrichers.lists.service: Adding domains from the Destroylist:Phishing feed.
2026-09-23 11:02:03,802 INFO asdec.enrichers.lists.service: Finished adding domains from the Destroylist:Phishing feed.
2026-09-23 11:02:36,281 INFO asdec.enrichers.lists.service: Feed Destroylist:Phishing had 182007 new domains added to the database!
2026-09-23 11:02:36,282 INFO asdec.enrichers.lists.service: Adding domains from the ScamSniffer feed.
2026-09-23 11:04:31,921 INFO asdec.enrichers.lists.service: Finished adding domains from the ScamSniffer feed.
2026-09-23 11:05:38,612 INFO asdec.enrichers.lists.service: Feed ScamSniffer had 322417 new domains added to the database!
2026-09-23 11:05:38,612 INFO asdec.enrichers.lists.service: Adding domains from the Scam_Blocklist feed.
2026-09-23 11:05:40,522 INFO asdec.enrichers.lists.service: Finished adding domains from the Scam_Blocklist feed.
2026-09-23 11:05:40,822 INFO asdec.enrichers.lists.service: Feed Scam_Blocklist had 1711 new domains added to the database!
2026-09-23 11:05:40,822 INFO asdec.enrichers.lists.service: Adding domains from the Globa_Anti-Scam_Organization_Blocklist feed.
2026-09-23 11:05:44,874 INFO asdec.enrichers.lists.service: Finished adding domains from the Globa_Anti-Scam_Organization_Blocklist feed.
2026-09-23 11:05:46,623 INFO asdec.enrichers.lists.service: Feed Globa_Anti-Scam_Organization_Blocklist had 11027 new domains added to the database!
2026-09-23 11:05:46,623 INFO asdec.enrichers.lists.service: Adding domains from the ShadowWhisperer_Blocklist-phishing feed.
2026-09-23 11:05:49,808 INFO asdec.enrichers.lists.service: Finished adding domains from the ShadowWhisperer_Blocklist-phishing feed.
2026-09-23 11:05:51,028 INFO asdec.enrichers.lists.service: Feed ShadowWhisperer_Blocklist-phishing had 7039 new domains added to the database!
2026-09-23 11:05:51,029 INFO asdec.enrichers.lists.service: Adding domains from the Liste_Fake_shops feed.
2026-09-23 11:06:04,458 INFO asdec.enrichers.lists.service: Finished adding domains from the Liste_Fake_shops feed.
2026-09-23 11:06:10,718 INFO asdec.enrichers.lists.service: Feed Liste_Fake_shops had 35326 new domains added to the database!
2026-09-23 11:06:10,718 INFO asdec.enrichers.lists.service: Adding domains from the IOC_Repository-1 feed.
2026-09-23 11:06:12,734 INFO asdec.enrichers.lists.service: Finished adding domains from the IOC_Repository-1 feed.
2026-09-23 11:06:13,427 INFO asdec.enrichers.lists.service: Feed IOC_Repository-1 had 3689 new domains added to the database!
2026-09-23 11:06:13,427 INFO asdec.enrichers.lists.service: Adding domains from the IOC_Repository-2 feed.
2026-09-23 11:06:14,244 INFO asdec.enrichers.lists.service: Finished adding domains from the IOC_Repository-2 feed.
2026-09-23 11:06:14,256 INFO asdec.enrichers.lists.service: Feed IOC_Repository-2 had 31 new domains added to the database!
2026-09-23 11:06:14,256 INFO asdec.enrichers.lists.service: Adding domains from the IOC_Repository-3 feed.
2026-09-23 11:06:15,241 INFO asdec.enrichers.lists.service: Finished adding domains from the IOC_Repository-3 feed.
2026-09-23 11:06:15,322 INFO asdec.enrichers.lists.service: Feed IOC_Repository-3 had 417 new domains added to the database!
2026-09-23 11:06:15,322 INFO asdec.enrichers.lists.service: Adding domains from the Phishing_Domains feed.
2026-09-23 11:07:18,593 INFO asdec.enrichers.lists.service: Finished adding domains from the Phishing_Domains feed.
2026-09-23 11:07:18,698 INFO asdec.enrichers.lists.service: Feed Phishing_Domains had 522 new domains added to the database!
2026-09-23 11:07:18,699 INFO asdec.enrichers.lists.service: Adding domains from the Scam_List feed.
2026-09-23 11:07:19,585 INFO asdec.enrichers.lists.service: Finished adding domains from the Scam_List feed.
2026-09-23 11:07:19,638 INFO asdec.enrichers.lists.service: Feed Scam_List had 224 new domains added to the database!
2026-09-23 11:07:19,638 INFO asdec.enrichers.lists.service: Adding domains from the Phishing_List feed.
2026-09-23 11:08:16,316 INFO asdec.enrichers.lists.service: Finished adding domains from the Phishing_List feed.
2026-09-23 11:08:48,250 INFO asdec.enrichers.lists.service: Feed Phishing_List had 178238 new domains added to the database!
2026-09-23 11:08:48,250 INFO asdec.enrichers.lists.service: Adding domains from the Fraud_List feed.
2026-09-23 11:09:43,855 INFO asdec.enrichers.lists.service: Finished adding domains from the Fraud_List feed.
2026-09-23 11:10:22,048 INFO asdec.enrichers.lists.service: Feed Fraud_List had 193717 new domains added to the database!
2026-09-23 11:10:22,052 INFO asdec.enrichers.lists.service: Adding domains from the Fake_Shop_Blocklist feed.
2026-09-23 11:10:25,260 INFO asdec.enrichers.lists.service: Finished adding domains from the Fake_Shop_Blocklist feed.
2026-09-23 11:10:25,683 INFO asdec.enrichers.lists.service: Feed Fake_Shop_Blocklist had 2315 new domains added to the database!
2026-09-23 11:10:25,683 INFO asdec.enrichers.lists.service: Adding domains from the Crypto_Scam_and_Crypto_Phishing_Threat_Intel_Feed feed.
2026-09-23 11:10:28,163 INFO asdec.enrichers.lists.service: Finished adding domains from the Crypto_Scam_and_Crypto_Phishing_Threat_Intel_Feed feed.
2026-09-23 11:10:28,325 INFO asdec.enrichers.lists.service: Feed Crypto_Scam_and_Crypto_Phishing_Threat_Intel_Feed had 798 new domains added to the database!
2026-09-23 11:10:28,325 INFO asdec.enrichers.lists.service: Adding domains from the Antispam-It feed.
2026-09-23 11:10:30,094 INFO asdec.enrichers.lists.service: Finished adding domains from the Antispam-It feed.
2026-09-23 11:10:30,372 INFO asdec.enrichers.lists.service: Feed Antispam-It had 1547 new domains added to the database!
2026-09-23 11:10:30,372 INFO asdec.enrichers.lists.service: Adding domains from the Spam_List-1 feed.
2026-09-23 11:10:31,264 INFO asdec.enrichers.lists.service: Finished adding domains from the Spam_List-1 feed.
2026-09-23 11:10:31,309 INFO asdec.enrichers.lists.service: Feed Spam_List-1 had 218 new domains added to the database!
2026-09-23 11:10:31,309 INFO asdec.enrichers.lists.service: Adding domains from the Stop_Forum_Spam feed.
2026-09-23 11:11:09,132 INFO asdec.enrichers.lists.service: Finished adding domains from the Stop_Forum_Spam feed.
2026-09-23 11:11:58,486 INFO asdec.enrichers.lists.service: Feed Stop_Forum_Spam had 74982 new domains added to the database!
2026-09-23 11:11:58,487 INFO asdec.enrichers.lists.service: Adding domains from the Spam_List-2 feed.
2026-09-23 11:12:03,391 INFO asdec.enrichers.lists.service: Finished adding domains from the Spam_List-2 feed.
2026-09-23 11:12:04,387 INFO asdec.enrichers.lists.service: Feed Spam_List-2 had 1024 new domains added to the database!
2026-09-24 14:03:58,581 INFO asdec.enrichers.lists.service: Adding domains from the Majestic_Million feed.
2026-09-24 14:06:49,050 INFO asdec.enrichers.lists.service: Finished adding domains from the Majestic_Million feed.
2026-09-24 15:55:29,259 INFO asdec.enrichers.lists.service: Adding domains from the Majestic_Million feed.
2026-09-24 15:58:55,396 INFO asdec.enrichers.lists.service: Finished adding domains from the Majestic_Million feed.
2026-09-24 16:16:32,827 INFO asdec.enrichers.lists.service: Adding domains from the Majestic_Million feed.
2026-09-24 16:19:29,102 INFO asdec.enrichers.lists.service: Finished adding domains from the Majestic_Million feed.
2026-09-24 16:22:37,250 INFO asdec.enrichers.lists.service: Feed Majestic_Million had 1000000 new domains added to the database!
2026-09-24 16:22:37,258 INFO asdec.enrichers.lists.service: Adding domains from the DNSBunker-Malware feed.
2026-09-24 16:22:40,344 INFO asdec.enrichers.lists.service: Finished adding domains from the DNSBunker-Malware feed.
2026-09-24 16:22:40,493 INFO asdec.enrichers.lists.service: Feed DNSBunker-Malware had 699 new domains added to the database!
2026-09-24 16:22:40,493 INFO asdec.enrichers.lists.service: Adding domains from the NoTrack feed.
2026-09-24 16:22:41,545 INFO asdec.enrichers.lists.service: Finished adding domains from the NoTrack feed.
2026-09-24 16:22:41,572 INFO asdec.enrichers.lists.service: Feed NoTrack had 104 new domains added to the database!
2026-09-24 16:22:41,572 INFO asdec.enrichers.lists.service: Adding domains from the Spyware_Filters feed.
2026-09-24 16:22:42,736 INFO asdec.enrichers.lists.service: Finished adding domains from the Spyware_Filters feed.
2026-09-24 16:22:42,938 INFO asdec.enrichers.lists.service: Feed Spyware_Filters had 1141 new domains added to the database!
2026-09-24 16:22:42,938 INFO asdec.enrichers.lists.service: Adding domains from the Stalkerware_Indicators-1 feed.
2026-09-24 16:22:43,754 INFO asdec.enrichers.lists.service: Finished adding domains from the Stalkerware_Indicators-1 feed.
2026-09-24 16:22:43,917 INFO asdec.enrichers.lists.service: Feed Stalkerware_Indicators-1 had 914 new domains added to the database!
2026-09-24 16:22:43,918 INFO asdec.enrichers.lists.service: Adding domains from the Stalkerware_Indicators-2 feed.
2026-09-24 16:22:44,861 INFO asdec.enrichers.lists.service: Finished adding domains from the Stalkerware_Indicators-2 feed.
2026-09-24 16:22:44,885 INFO asdec.enrichers.lists.service: Feed Stalkerware_Indicators-2 had 32 new domains added to the database!
2026-09-24 16:22:44,886 INFO asdec.enrichers.lists.service: Adding domains from the Anti-Malware_Domains-1 feed.
2026-09-24 16:22:49,600 INFO asdec.enrichers.lists.service: Finished adding domains from the Anti-Malware_Domains-1 feed.
2026-09-24 16:22:51,478 INFO asdec.enrichers.lists.service: Feed Anti-Malware_Domains-1 had 11668 new domains added to the database!
2026-09-24 16:22:51,478 INFO asdec.enrichers.lists.service: Adding domains from the Anti-Malware_Domains-2 feed.
2026-09-24 16:22:54,142 INFO asdec.enrichers.lists.service: Finished adding domains from the Anti-Malware_Domains-2 feed.
2026-09-24 16:22:55,160 INFO asdec.enrichers.lists.service: Feed Anti-Malware_Domains-2 had 6303 new domains added to the database!
2026-09-24 16:22:55,160 INFO asdec.enrichers.lists.service: Adding domains from the Malware_Domains-1 feed.
2026-09-24 16:22:56,270 INFO asdec.enrichers.lists.service: Finished adding domains from the Malware_Domains-1 feed.
2026-09-24 16:22:56,504 INFO asdec.enrichers.lists.service: Feed Malware_Domains-1 had 1379 new domains added to the database!
2026-09-24 16:22:56,504 INFO asdec.enrichers.lists.service: Adding domains from the Maltrail_Malware_Domains feed.
2026-09-24 16:28:01,727 INFO asdec.enrichers.lists.service: Finished adding domains from the Maltrail_Malware_Domains feed.
2026-09-24 16:31:12,294 INFO asdec.enrichers.lists.service: Feed Maltrail_Malware_Domains had 995563 new domains added to the database!
2026-09-24 16:31:12,302 INFO asdec.enrichers.lists.service: Adding domains from the uBlockFilters feed.
2026-09-24 16:31:16,498 INFO asdec.enrichers.lists.service: Finished adding domains from the uBlockFilters feed.
2026-09-24 16:31:17,033 INFO asdec.enrichers.lists.service: Feed uBlockFilters had 2699 new domains added to the database!
2026-09-24 16:31:17,033 INFO asdec.enrichers.lists.service: Adding domains from the Miguel_de_Moura_Malware_List feed.
2026-09-24 16:32:04,737 INFO asdec.enrichers.lists.service: Finished adding domains from the Miguel_de_Moura_Malware_List feed.
2026-09-24 16:32:34,523 INFO asdec.enrichers.lists.service: Feed Miguel_de_Moura_Malware_List had 154058 new domains added to the database!
2026-09-24 16:32:34,523 INFO asdec.enrichers.lists.service: Adding domains from the ShadowWhisperer_Blocklist-malware feed.
2026-09-24 16:32:53,575 INFO asdec.enrichers.lists.service: Finished adding domains from the ShadowWhisperer_Blocklist-malware feed.
2026-09-24 16:33:01,278 INFO asdec.enrichers.lists.service: Feed ShadowWhisperer_Blocklist-malware had 38989 new domains added to the database!
2026-09-24 16:33:01,278 INFO asdec.enrichers.lists.service: Adding domains from the Pegasus-Related_Domains feed.
2026-09-24 16:33:02,490 INFO asdec.enrichers.lists.service: Feed Pegasus-Related_Domains had 0 new domains added to the database!
2026-09-24 16:33:02,490 INFO asdec.enrichers.lists.service: Adding domains from the Indian-Made_Spyware feed.
2026-09-24 16:33:03,226 INFO asdec.enrichers.lists.service: Finished adding domains from the Indian-Made_Spyware feed.
2026-09-24 16:33:03,236 INFO asdec.enrichers.lists.service: Feed Indian-Made_Spyware had 13 new domains added to the database!
2026-09-24 16:33:03,236 INFO asdec.enrichers.lists.service: Adding domains from the Wintego_Helios_Spyware_Domains feed.
2026-09-24 16:33:06,780 INFO asdec.enrichers.lists.service: Finished adding domains from the Wintego_Helios_Spyware_Domains feed.
2026-09-24 16:33:06,815 INFO asdec.enrichers.lists.service: Feed Wintego_Helios_Spyware_Domains had 175 new domains added to the database!
2026-09-24 16:33:06,816 INFO asdec.enrichers.lists.service: Adding domains from the Cytrox_Spyware_Domains feed.
2026-09-24 16:33:07,708 INFO asdec.enrichers.lists.service: Finished adding domains from the Cytrox_Spyware_Domains feed.
2026-09-24 16:33:07,715 INFO asdec.enrichers.lists.service: Feed Cytrox_Spyware_Domains had 10 new domains added to the database!
2026-09-24 16:33:07,716 INFO asdec.enrichers.lists.service: Adding domains from the FinSpy_Domains feed.
2026-09-24 16:33:08,585 INFO asdec.enrichers.lists.service: Finished adding domains from the FinSpy_Domains feed.
2026-09-24 16:33:08,599 INFO asdec.enrichers.lists.service: Feed FinSpy_Domains had 3 new domains added to the database!
2026-09-24 16:33:08,599 INFO asdec.enrichers.lists.service: Adding domains from the Android_Hacking_Campaign_Linked_to_Mercenary_Spyware_Company feed.
2026-09-24 16:33:10,331 INFO asdec.enrichers.lists.service: Finished adding domains from the Android_Hacking_Campaign_Linked_to_Mercenary_Spyware_Company feed.
2026-09-24 16:33:10,777 INFO asdec.enrichers.lists.service: Feed Android_Hacking_Campaign_Linked_to_Mercenary_Spyware_Company had 2179 new domains added to the database!
2026-09-24 16:33:10,777 INFO asdec.enrichers.lists.service: Adding domains from the Malware_Domains-2 feed.
2026-09-24 16:34:34,574 INFO asdec.enrichers.lists.service: Finished adding domains from the Malware_Domains-2 feed.
2026-09-24 16:35:18,257 INFO asdec.enrichers.lists.service: Feed Malware_Domains-2 had 226946 new domains added to the database!
2026-09-24 16:35:18,261 INFO asdec.enrichers.lists.service: Adding domains from the Stalkerware_Domains feed.
2026-09-24 16:35:19,426 INFO asdec.enrichers.lists.service: Finished adding domains from the Stalkerware_Domains feed.
2026-09-24 16:35:19,439 INFO asdec.enrichers.lists.service: Feed Stalkerware_Domains had 15 new domains added to the database!
2026-09-24 16:35:19,439 INFO asdec.enrichers.lists.service: Adding domains from the Dandelion_Sprout's_Anti-Malware_List feed.
2026-09-24 16:35:24,135 INFO asdec.enrichers.lists.service: Finished adding domains from the Dandelion_Sprout's_Anti-Malware_List feed.
2026-09-24 16:35:24,151 INFO asdec.enrichers.lists.service: Feed Dandelion_Sprout's_Anti-Malware_List had 59 new domains added to the database!
2026-09-24 16:35:24,151 INFO asdec.enrichers.lists.service: Adding domains from the Malware_List feed.
2026-09-24 16:37:31,729 INFO asdec.enrichers.lists.service: Finished adding domains from the Malware_List feed.
2026-09-24 16:38:53,007 INFO asdec.enrichers.lists.service: Feed Malware_List had 421944 new domains added to the database!
2026-09-24 16:38:53,008 INFO asdec.enrichers.lists.service: Adding domains from the Ransomware_List feed.
2026-09-24 16:38:54,947 INFO asdec.enrichers.lists.service: Finished adding domains from the Ransomware_List feed.
2026-09-24 16:38:54,960 INFO asdec.enrichers.lists.service: Feed Ransomware_List had 2 new domains added to the database!
2026-09-24 16:38:54,960 INFO asdec.enrichers.lists.service: Adding domains from the Malware_Domains-3 feed.
2026-09-24 16:38:56,074 INFO asdec.enrichers.lists.service: Feed Malware_Domains-3 had 0 new domains added to the database!
2026-09-24 16:38:56,075 INFO asdec.enrichers.lists.service: Adding domains from the Badware_List feed.
2026-09-24 16:38:57,873 INFO asdec.enrichers.lists.service: Feed Badware_List had 0 new domains added to the database!
2026-09-24 16:38:57,873 INFO asdec.enrichers.lists.service: Adding domains from the Kushari feed.
2026-09-24 16:38:58,907 INFO asdec.enrichers.lists.service: Finished adding domains from the Kushari feed.
2026-09-24 16:38:58,938 INFO asdec.enrichers.lists.service: Feed Kushari had 117 new domains added to the database!
2026-09-24 16:38:58,938 INFO asdec.enrichers.lists.service: Adding domains from the DNSBunker-Phishing feed.
2026-09-24 16:39:00,169 INFO asdec.enrichers.lists.service: Finished adding domains from the DNSBunker-Phishing feed.
2026-09-24 16:39:00,185 INFO asdec.enrichers.lists.service: Feed DNSBunker-Phishing had 14 new domains added to the database!
2026-09-24 16:39:00,185 INFO asdec.enrichers.lists.service: Adding domains from the DNSBunker-Fake feed.
2026-09-24 16:39:01,562 INFO asdec.enrichers.lists.service: Finished adding domains from the DNSBunker-Fake feed.
2026-09-24 16:39:01,648 INFO asdec.enrichers.lists.service: Feed DNSBunker-Fake had 485 new domains added to the database!
2026-09-24 16:39:01,648 INFO asdec.enrichers.lists.service: Adding domains from the DNSBunker-Scam feed.
2026-09-24 16:39:02,874 INFO asdec.enrichers.lists.service: Finished adding domains from the DNSBunker-Scam feed.
2026-09-24 16:39:02,892 INFO asdec.enrichers.lists.service: Feed DNSBunker-Scam had 78 new domains added to the database!
2026-09-24 16:39:02,893 INFO asdec.enrichers.lists.service: Adding domains from the Phishing_Database feed.
2026-09-24 16:39:04,717 INFO asdec.enrichers.lists.service: Finished adding domains from the Phishing_Database feed.
2026-09-24 16:39:05,248 INFO asdec.enrichers.lists.service: Feed Phishing_Database had 3048 new domains added to the database!
2026-09-24 16:39:05,248 INFO asdec.enrichers.lists.service: Adding domains from the Phishing_Database-Active feed.
2026-09-24 16:41:14,417 INFO asdec.enrichers.lists.service: Finished adding domains from the Phishing_Database-Active feed.
2026-09-24 16:42:25,050 INFO asdec.enrichers.lists.service: Feed Phishing_Database-Active had 375377 new domains added to the database!
2026-09-24 16:42:25,051 INFO asdec.enrichers.lists.service: Adding domains from the Phishing_Database-Wildcards feed.
2026-09-24 16:42:28,000 INFO asdec.enrichers.lists.service: Finished adding domains from the Phishing_Database-Wildcards feed.
2026-09-24 16:42:28,402 INFO asdec.enrichers.lists.service: Feed Phishing_Database-Wildcards had 1827 new domains added to the database!
2026-09-24 16:42:28,403 INFO asdec.enrichers.lists.service: Adding domains from the Phishing_Army feed.
2026-09-24 16:43:09,401 INFO asdec.enrichers.lists.service: Finished adding domains from the Phishing_Army feed.
2026-09-24 16:43:16,526 INFO asdec.enrichers.lists.service: Feed Phishing_Army had 39501 new domains added to the database!
2026-09-24 16:43:16,526 INFO asdec.enrichers.lists.service: Adding domains from the Phishing_Hosts feed.
2026-09-24 16:43:33,634 INFO asdec.enrichers.lists.service: Finished adding domains from the Phishing_Hosts feed.
2026-09-24 16:43:36,737 INFO asdec.enrichers.lists.service: Feed Phishing_Hosts had 16816 new domains added to the database!
2026-09-24 16:43:36,737 INFO asdec.enrichers.lists.service: Adding domains from the SinkingYachts feed.
2026-09-24 16:45:16,927 INFO asdec.enrichers.lists.service: Finished adding domains from the SinkingYachts feed.
2026-09-24 16:45:25,407 INFO asdec.enrichers.lists.service: Feed SinkingYachts had 41333 new domains added to the database!
2026-09-24 16:45:25,408 INFO asdec.enrichers.lists.service: Adding domains from the Phishing_Blocklist feed.
2026-09-24 16:45:26,596 INFO asdec.enrichers.lists.service: Finished adding domains from the Phishing_Blocklist feed.
2026-09-24 16:45:26,867 INFO asdec.enrichers.lists.service: Feed Phishing_Blocklist had 1255 new domains added to the database!
2026-09-24 16:45:26,867 INFO asdec.enrichers.lists.service: Adding domains from the eth-phishing-detect feed.
2026-09-24 16:45:28,025 INFO asdec.enrichers.lists.service: Finished adding domains from the eth-phishing-detect feed.
2026-09-24 16:45:28,250 INFO asdec.enrichers.lists.service: Feed eth-phishing-detect had 1055 new domains added to the database!
2026-09-24 16:45:28,250 INFO asdec.enrichers.lists.service: Adding domains from the Valdini_Phish_Feed feed.
2026-09-24 16:46:09,578 INFO asdec.enrichers.lists.service: Finished adding domains from the Valdini_Phish_Feed feed.
2026-09-24 16:46:27,078 INFO asdec.enrichers.lists.service: Feed Valdini_Phish_Feed had 83174 new domains added to the database!
2026-09-24 16:46:27,079 INFO asdec.enrichers.lists.service: Adding domains from the Valdini_Phish_feed-1 feed.
2026-09-24 16:47:01,748 INFO asdec.enrichers.lists.service: Finished adding domains from the Valdini_Phish_feed-1 feed.
2026-09-24 16:47:22,884 INFO asdec.enrichers.lists.service: Feed Valdini_Phish_feed-1 had 105314 new domains added to the database!
2026-09-24 16:47:22,884 INFO asdec.enrichers.lists.service: Adding domains from the Valdini_Phish_feed-2 feed.
2026-09-24 16:47:53,971 INFO asdec.enrichers.lists.service: Finished adding domains from the Valdini_Phish_feed-2 feed.
2026-09-24 16:48:10,594 INFO asdec.enrichers.lists.service: Feed Valdini_Phish_feed-2 had 82551 new domains added to the database!
2026-09-24 16:48:10,595 INFO asdec.enrichers.lists.service: Adding domains from the Valdini_Phish_feed-3 feed.
2026-09-24 16:48:58,440 INFO asdec.enrichers.lists.service: Finished adding domains from the Valdini_Phish_feed-3 feed.
2026-09-24 16:49:19,776 INFO asdec.enrichers.lists.service: Feed Valdini_Phish_feed-3 had 116077 new domains added to the database!
2026-09-24 16:49:19,776 INFO asdec.enrichers.lists.service: Adding domains from the Valdini_Phish_feed-4 feed.
2026-09-24 16:49:58,756 INFO asdec.enrichers.lists.service: Finished adding domains from the Valdini_Phish_feed-4 feed.
2026-09-24 16:50:21,000 INFO asdec.enrichers.lists.service: Feed Valdini_Phish_feed-4 had 122885 new domains added to the database!
2026-09-24 16:50:21,001 INFO asdec.enrichers.lists.service: Adding domains from the Valdini_Phish_feed-5 feed.
2026-09-24 16:51:01,510 INFO asdec.enrichers.lists.service: Finished adding domains from the Valdini_Phish_feed-5 feed.
2026-09-24 16:51:24,814 INFO asdec.enrichers.lists.service: Feed Valdini_Phish_feed-5 had 127841 new domains added to the database!
2026-09-24 16:51:24,814 INFO asdec.enrichers.lists.service: Adding domains from the Valdini_Phish_feed-6 feed.
2026-09-24 16:52:05,990 INFO asdec.enrichers.lists.service: Finished adding domains from the Valdini_Phish_feed-6 feed.
2026-09-24 16:52:28,669 INFO asdec.enrichers.lists.service: Feed Valdini_Phish_feed-6 had 115528 new domains added to the database!
2026-09-24 16:52:28,669 INFO asdec.enrichers.lists.service: Adding domains from the OpenPhish_Community_Phishing_Feed feed.
2026-09-24 16:52:29,481 INFO asdec.enrichers.lists.service: Finished adding domains from the OpenPhish_Community_Phishing_Feed feed.
2026-09-24 16:52:29,512 INFO asdec.enrichers.lists.service: Feed OpenPhish_Community_Phishing_Feed had 134 new domains added to the database!
2026-09-24 16:52:29,512 INFO asdec.enrichers.lists.service: Adding domains from the Destroylist:Phishing feed.
2026-09-24 16:53:37,780 INFO asdec.enrichers.lists.service: Finished adding domains from the Destroylist:Phishing feed.
2026-09-24 16:54:10,928 INFO asdec.enrichers.lists.service: Feed Destroylist:Phishing had 182544 new domains added to the database!
2026-09-24 16:54:10,929 INFO asdec.enrichers.lists.service: Adding domains from the ScamSniffer feed.
2026-09-24 16:56:24,977 INFO asdec.enrichers.lists.service: Finished adding domains from the ScamSniffer feed.
2026-09-24 16:57:23,670 INFO asdec.enrichers.lists.service: Feed ScamSniffer had 322437 new domains added to the database!
2026-09-24 16:57:23,671 INFO asdec.enrichers.lists.service: Adding domains from the Scam_Blocklist feed.
2026-09-24 16:57:25,686 INFO asdec.enrichers.lists.service: Finished adding domains from the Scam_Blocklist feed.
2026-09-24 16:57:26,015 INFO asdec.enrichers.lists.service: Feed Scam_Blocklist had 1704 new domains added to the database!
2026-09-24 16:57:26,015 INFO asdec.enrichers.lists.service: Adding domains from the Globa_Anti-Scam_Organization_Blocklist feed.
2026-09-24 16:57:30,536 INFO asdec.enrichers.lists.service: Finished adding domains from the Globa_Anti-Scam_Organization_Blocklist feed.
2026-09-24 16:57:32,332 INFO asdec.enrichers.lists.service: Feed Globa_Anti-Scam_Organization_Blocklist had 11027 new domains added to the database!
2026-09-24 16:57:32,332 INFO asdec.enrichers.lists.service: Adding domains from the ShadowWhisperer_Blocklist-phishing feed.
2026-09-24 16:57:36,034 INFO asdec.enrichers.lists.service: Finished adding domains from the ShadowWhisperer_Blocklist-phishing feed.
2026-09-24 16:57:37,197 INFO asdec.enrichers.lists.service: Feed ShadowWhisperer_Blocklist-phishing had 7040 new domains added to the database!
2026-09-24 16:57:37,198 INFO asdec.enrichers.lists.service: Adding domains from the Liste_Fake_shops feed.
2026-09-24 16:57:37,788 INFO asdec.enrichers.lists.service: Adding domains from the IOC_Repository-1 feed.
2026-09-24 16:57:39,978 INFO asdec.enrichers.lists.service: Finished adding domains from the IOC_Repository-1 feed.
2026-09-24 16:57:40,619 INFO asdec.enrichers.lists.service: Feed IOC_Repository-1 had 3690 new domains added to the database!
2026-09-24 16:57:40,620 INFO asdec.enrichers.lists.service: Adding domains from the IOC_Repository-2 feed.
2026-09-24 16:57:41,404 INFO asdec.enrichers.lists.service: Finished adding domains from the IOC_Repository-2 feed.
2026-09-24 16:57:41,422 INFO asdec.enrichers.lists.service: Feed IOC_Repository-2 had 31 new domains added to the database!
2026-09-24 16:57:41,422 INFO asdec.enrichers.lists.service: Adding domains from the IOC_Repository-3 feed.
2026-09-24 16:57:42,339 INFO asdec.enrichers.lists.service: Finished adding domains from the IOC_Repository-3 feed.
2026-09-24 16:57:42,417 INFO asdec.enrichers.lists.service: Feed IOC_Repository-3 had 418 new domains added to the database!
2026-09-24 16:57:42,417 INFO asdec.enrichers.lists.service: Adding domains from the Phishing_Domains feed.
2026-09-24 16:58:51,973 INFO asdec.enrichers.lists.service: Finished adding domains from the Phishing_Domains feed.
2026-09-24 16:58:52,025 INFO asdec.enrichers.lists.service: Feed Phishing_Domains had 239 new domains added to the database!
2026-09-24 16:58:52,025 INFO asdec.enrichers.lists.service: Adding domains from the Scam_List feed.
2026-09-24 16:58:52,858 INFO asdec.enrichers.lists.service: Finished adding domains from the Scam_List feed.
2026-09-24 16:58:52,903 INFO asdec.enrichers.lists.service: Feed Scam_List had 224 new domains added to the database!
2026-09-24 16:58:52,903 INFO asdec.enrichers.lists.service: Adding domains from the Phishing_List feed.
2026-09-24 16:59:55,687 INFO asdec.enrichers.lists.service: Finished adding domains from the Phishing_List feed.
2026-09-24 17:00:31,341 INFO asdec.enrichers.lists.service: Feed Phishing_List had 178237 new domains added to the database!
2026-09-24 17:00:31,342 INFO asdec.enrichers.lists.service: Adding domains from the Fraud_List feed.
2026-09-24 17:01:30,698 INFO asdec.enrichers.lists.service: Finished adding domains from the Fraud_List feed.
2026-09-24 17:02:04,936 INFO asdec.enrichers.lists.service: Feed Fraud_List had 193722 new domains added to the database!
2026-09-24 17:02:04,936 INFO asdec.enrichers.lists.service: Adding domains from the Fake_Shop_Blocklist feed.
2026-09-24 17:02:07,715 INFO asdec.enrichers.lists.service: Finished adding domains from the Fake_Shop_Blocklist feed.
2026-09-24 17:02:08,505 INFO asdec.enrichers.lists.service: Feed Fake_Shop_Blocklist had 4704 new domains added to the database!
2026-09-24 17:02:08,505 INFO asdec.enrichers.lists.service: Adding domains from the Crypto_Scam_and_Crypto_Phishing_Threat_Intel_Feed feed.
2026-09-24 17:02:10,132 INFO asdec.enrichers.lists.service: Finished adding domains from the Crypto_Scam_and_Crypto_Phishing_Threat_Intel_Feed feed.
2026-09-24 17:02:10,280 INFO asdec.enrichers.lists.service: Feed Crypto_Scam_and_Crypto_Phishing_Threat_Intel_Feed had 800 new domains added to the database!
2026-09-24 17:02:10,280 INFO asdec.enrichers.lists.service: Adding domains from the Antispam-It feed.
2026-09-24 17:02:11,716 INFO asdec.enrichers.lists.service: Finished adding domains from the Antispam-It feed.
2026-09-24 17:02:12,069 INFO asdec.enrichers.lists.service: Feed Antispam-It had 1547 new domains added to the database!
2026-09-24 17:02:12,069 INFO asdec.enrichers.lists.service: Adding domains from the Spam_List-1 feed.
2026-09-24 17:02:12,899 INFO asdec.enrichers.lists.service: Finished adding domains from the Spam_List-1 feed.
2026-09-24 17:02:12,943 INFO asdec.enrichers.lists.service: Feed Spam_List-1 had 218 new domains added to the database!
2026-09-24 17:02:12,943 INFO asdec.enrichers.lists.service: Adding domains from the Stop_Forum_Spam feed.
2026-09-24 17:02:37,876 INFO asdec.enrichers.lists.service: Finished adding domains from the Stop_Forum_Spam feed.
2026-09-24 17:02:51,307 INFO asdec.enrichers.lists.service: Feed Stop_Forum_Spam had 74991 new domains added to the database!
2026-09-24 17:02:51,307 INFO asdec.enrichers.lists.service: Adding domains from the Spam_List-2 feed.
2026-09-24 17:02:52,813 INFO asdec.enrichers.lists.service: Finished adding domains from the Spam_List-2 feed.
2026-09-24 17:02:53,008 INFO asdec.enrichers.lists.service: Feed Spam_List-2 had 1025 new domains added to the database!
2026-09-29 16:38:06,389 INFO asdec.enrichers.lexical.worker: [Batch 1] Fetched a batch of 10000 domains.
2026-09-29 16:38:06,923 INFO asdec.enrichers.lexical.worker: [Batch 1] 0/10000 domains enriched succesfully. 10000 errors.
2026-09-29 16:38:07,309 INFO asdec.enrichers.lexical.worker: [Batch 2] Fetched a batch of 10000 domains.
2026-09-29 16:38:07,554 INFO asdec.enrichers.lexical.worker: [Batch 2] 0/10000 domains enriched succesfully. 10000 errors.
2026-09-29 16:38:08,004 INFO asdec.enrichers.lexical.worker: [Batch 3] Fetched a batch of 10000 domains.
2026-09-29 16:38:08,176 INFO asdec.enrichers.lexical.worker: [Batch 3] 0/10000 domains enriched succesfully. 10000 errors.
2026-09-29 16:38:08,599 INFO asdec.enrichers.lexical.worker: [Batch 4] Fetched a batch of 10000 domains.
2026-09-29 16:38:08,757 INFO asdec.enrichers.lexical.worker: [Batch 4] 0/10000 domains enriched succesfully. 10000 errors.
2026-09-29 16:38:09,203 INFO asdec.enrichers.lexical.worker: [Batch 5] Fetched a batch of 10000 domains.
2026-09-29 16:38:09,467 INFO asdec.enrichers.lexical.worker: [Batch 5] 0/10000 domains enriched succesfully. 10000 errors.
2026-09-29 16:38:09,798 INFO asdec.enrichers.lexical.worker: [Batch 6] Fetched a batch of 10000 domains.
2026-09-29 16:38:10,045 INFO asdec.enrichers.lexical.worker: [Batch 6] 0/10000 domains enriched succesfully. 10000 errors.
2026-09-29 16:38:10,491 INFO asdec.enrichers.lexical.worker: [Batch 7] Fetched a batch of 10000 domains.
2026-09-29 16:38:10,649 INFO asdec.enrichers.lexical.worker: [Batch 7] 0/10000 domains enriched succesfully. 10000 errors.
2026-09-29 16:38:11,130 INFO asdec.enrichers.lexical.worker: [Batch 8] Fetched a batch of 10000 domains.
2026-09-29 16:38:11,390 INFO asdec.enrichers.lexical.worker: [Batch 8] 0/10000 domains enriched succesfully. 10000 errors.
2026-09-29 16:38:11,878 INFO asdec.enrichers.lexical.worker: [Batch 9] Fetched a batch of 10000 domains.
2026-09-29 16:38:12,042 INFO asdec.enrichers.lexical.worker: [Batch 9] 0/10000 domains enriched succesfully. 10000 errors.
2026-09-29 16:38:12,410 INFO asdec.enrichers.lexical.worker: [Batch 10] Fetched a batch of 10000 domains.
2026-09-29 16:38:12,678 INFO asdec.enrichers.lexical.worker: [Batch 10] 0/10000 domains enriched succesfully. 10000 errors.
2026-09-29 16:38:12,960 INFO asdec.enrichers.lexical.worker: [Batch 11] Fetched a batch of 10000 domains.
2026-09-29 16:38:13,224 INFO asdec.enrichers.lexical.worker: [Batch 11] 0/10000 domains enriched succesfully. 10000 errors.
2026-09-29 16:38:13,588 INFO asdec.enrichers.lexical.worker: [Batch 12] Fetched a batch of 10000 domains.
2026-09-29 16:38:13,750 INFO asdec.enrichers.lexical.worker: [Batch 12] 0/10000 domains enriched succesfully. 10000 errors.
2026-09-29 16:38:14,116 INFO asdec.enrichers.lexical.worker: [Batch 13] Fetched a batch of 10000 domains.
2026-09-29 16:38:14,277 INFO asdec.enrichers.lexical.worker: [Batch 13] 0/10000 domains enriched succesfully. 10000 errors.
2026-09-29 16:38:14,645 INFO asdec.enrichers.lexical.worker: [Batch 14] Fetched a batch of 10000 domains.
2026-09-29 16:38:14,802 INFO asdec.enrichers.lexical.worker: [Batch 14] 0/10000 domains enriched succesfully. 10000 errors.
2026-09-29 16:38:15,208 INFO asdec.enrichers.lexical.worker: [Batch 15] Fetched a batch of 10000 domains.
2026-09-29 16:38:15,468 INFO asdec.enrichers.lexical.worker: [Batch 15] 0/10000 domains enriched succesfully. 10000 errors.
2026-09-29 16:38:15,805 INFO asdec.enrichers.lexical.worker: [Batch 16] Fetched a batch of 10000 domains.
2026-09-29 16:38:16,056 INFO asdec.enrichers.lexical.worker: [Batch 16] 0/10000 domains enriched succesfully. 10000 errors.
2026-09-29 16:38:16,370 INFO asdec.enrichers.lexical.worker: [Batch 17] Fetched a batch of 10000 domains.
2026-09-29 16:38:16,614 INFO asdec.enrichers.lexical.worker: [Batch 17] 0/10000 domains enriched succesfully. 10000 errors.
2026-09-29 16:38:17,018 INFO asdec.enrichers.lexical.worker: [Batch 18] Fetched a batch of 10000 domains.
2026-09-29 16:38:17,177 INFO asdec.enrichers.lexical.worker: [Batch 18] 0/10000 domains enriched succesfully. 10000 errors.
2026-09-29 16:38:17,591 INFO asdec.enrichers.lexical.worker: [Batch 19] Fetched a batch of 10000 domains.
2026-09-29 16:38:17,748 INFO asdec.enrichers.lexical.worker: [Batch 19] 0/10000 domains enriched succesfully. 10000 errors.
2026-09-29 16:38:18,184 INFO asdec.enrichers.lexical.worker: [Batch 20] Fetched a batch of 10000 domains.
2026-09-29 16:38:18,440 INFO asdec.enrichers.lexical.worker: [Batch 20] 0/10000 domains enriched succesfully. 10000 errors.
2026-09-29 16:38:18,789 INFO asdec.enrichers.lexical.worker: [Batch 21] Fetched a batch of 10000 domains.
2026-09-29 16:38:19,040 INFO asdec.enrichers.lexical.worker: [Batch 21] 0/10000 domains enriched succesfully. 10000 errors.
2026-09-29 16:38:19,405 INFO asdec.enrichers.lexical.worker: [Batch 22] Fetched a batch of 10000 domains.
2026-09-29 16:38:19,644 INFO asdec.enrichers.lexical.worker: [Batch 22] 0/10000 domains enriched succesfully. 10000 errors.
2026-09-29 16:38:20,132 INFO asdec.enrichers.lexical.worker: [Batch 23] Fetched a batch of 10000 domains.
2026-09-29 16:38:20,297 INFO asdec.enrichers.lexical.worker: [Batch 23] 0/10000 domains enriched succesfully. 10000 errors.
2026-09-29 16:38:20,745 INFO asdec.enrichers.lexical.worker: [Batch 24] Fetched a batch of 10000 domains.
2026-09-29 16:38:20,897 INFO asdec.enrichers.lexical.worker: [Batch 24] 0/10000 domains enriched succesfully. 10000 errors.
2026-09-29 16:38:21,364 INFO asdec.enrichers.lexical.worker: [Batch 25] Fetched a batch of 10000 domains.
2026-09-29 16:38:21,624 INFO asdec.enrichers.lexical.worker: [Batch 25] 0/10000 domains enriched succesfully. 10000 errors.
2026-09-29 16:38:22,061 INFO asdec.enrichers.lexical.worker: [Batch 26] Fetched a batch of 10000 domains.
2026-09-29 16:38:22,321 INFO asdec.enrichers.lexical.worker: [Batch 26] 0/10000 domains enriched succesfully. 10000 errors.
2026-09-29 16:38:22,857 INFO asdec.enrichers.lexical.worker: [Batch 27] Fetched a batch of 10000 domains.
2026-09-29 16:38:23,017 INFO asdec.enrichers.lexical.worker: [Batch 27] 0/10000 domains enriched succesfully. 10000 errors.
2026-09-29 16:38:23,554 INFO asdec.enrichers.lexical.worker: [Batch 28] Fetched a batch of 10000 domains.
2026-09-29 16:38:23,715 INFO asdec.enrichers.lexical.worker: [Batch 28] 0/10000 domains enriched succesfully. 10000 errors.
2026-09-29 16:38:24,228 INFO asdec.enrichers.lexical.worker: [Batch 29] Fetched a batch of 10000 domains.
2026-09-29 16:38:24,384 INFO asdec.enrichers.lexical.worker: [Batch 29] 0/10000 domains enriched succesfully. 10000 errors.
2026-09-29 16:38:24,878 INFO asdec.enrichers.lexical.worker: [Batch 30] Fetched a batch of 10000 domains.
2026-09-29 16:38:25,133 INFO asdec.enrichers.lexical.worker: [Batch 30] 0/10000 domains enriched succesfully. 10000 errors.
2026-09-29 16:38:25,566 INFO asdec.enrichers.lexical.worker: [Batch 31] Fetched a batch of 10000 domains.
2026-09-29 16:38:25,817 INFO asdec.enrichers.lexical.worker: [Batch 31] 0/10000 domains enriched succesfully. 10000 errors.
2026-09-29 16:38:26,345 INFO asdec.enrichers.lexical.worker: [Batch 32] Fetched a batch of 10000 domains.
2026-09-29 16:38:26,500 INFO asdec.enrichers.lexical.worker: [Batch 32] 0/10000 domains enriched succesfully. 10000 errors.
2026-09-29 16:38:27,033 INFO asdec.enrichers.lexical.worker: [Batch 33] Fetched a batch of 10000 domains.
2026-09-29 16:38:27,187 INFO asdec.enrichers.lexical.worker: [Batch 33] 0/10000 domains enriched succesfully. 10000 errors.
2026-09-29 16:38:27,733 INFO asdec.enrichers.lexical.worker: [Batch 34] Fetched a batch of 10000 domains.
2026-09-29 16:38:27,887 INFO asdec.enrichers.lexical.worker: [Batch 34] 0/10000 domains enriched succesfully. 10000 errors.
2026-09-29 16:38:28,420 INFO asdec.enrichers.lexical.worker: [Batch 35] Fetched a batch of 10000 domains.
2026-09-29 16:38:28,677 INFO asdec.enrichers.lexical.worker: [Batch 35] 0/10000 domains enriched succesfully. 10000 errors.
2026-09-29 16:38:29,146 INFO asdec.enrichers.lexical.worker: [Batch 36] Fetched a batch of 10000 domains.
2026-09-29 16:38:29,401 INFO asdec.enrichers.lexical.worker: [Batch 36] 0/10000 domains enriched succesfully. 10000 errors.
2026-09-29 16:38:30,010 INFO asdec.enrichers.lexical.worker: [Batch 37] Fetched a batch of 10000 domains.
2026-09-29 16:38:30,166 INFO asdec.enrichers.lexical.worker: [Batch 37] 0/10000 domains enriched succesfully. 10000 errors.
2026-09-29 16:38:30,742 INFO asdec.enrichers.lexical.worker: [Batch 38] Fetched a batch of 10000 domains.
2026-09-29 16:38:30,921 INFO asdec.enrichers.lexical.worker: [Batch 38] 0/10000 domains enriched succesfully. 10000 errors.
2026-09-29 16:38:31,493 INFO asdec.enrichers.lexical.worker: [Batch 39] Fetched a batch of 10000 domains.
2026-09-29 16:38:31,649 INFO asdec.enrichers.lexical.worker: [Batch 39] 0/10000 domains enriched succesfully. 10000 errors.
2026-09-29 16:38:32,300 INFO asdec.enrichers.lexical.worker: [Batch 40] Fetched a batch of 10000 domains.
2026-09-29 16:38:32,556 INFO asdec.enrichers.lexical.worker: [Batch 40] 0/10000 domains enriched succesfully. 10000 errors.
2026-09-29 16:38:33,072 INFO asdec.enrichers.lexical.worker: [Batch 41] Fetched a batch of 10000 domains.
2026-09-29 16:38:33,316 INFO asdec.enrichers.lexical.worker: [Batch 41] 0/10000 domains enriched succesfully. 10000 errors.
2026-09-29 16:38:33,911 INFO asdec.enrichers.lexical.worker: [Batch 42] Fetched a batch of 10000 domains.
2026-09-29 16:38:34,067 INFO asdec.enrichers.lexical.worker: [Batch 42] 0/10000 domains enriched succesfully. 10000 errors.
2026-09-29 16:38:34,669 INFO asdec.enrichers.lexical.worker: [Batch 43] Fetched a batch of 10000 domains.
2026-09-29 16:38:34,820 INFO asdec.enrichers.lexical.worker: [Batch 43] 0/10000 domains enriched succesfully. 10000 errors.
2026-09-29 16:38:35,424 INFO asdec.enrichers.lexical.worker: [Batch 44] Fetched a batch of 10000 domains.
2026-09-29 16:38:35,576 INFO asdec.enrichers.lexical.worker: [Batch 44] 0/10000 domains enriched succesfully. 10000 errors.
2026-09-29 16:38:36,186 INFO asdec.enrichers.lexical.worker: [Batch 45] Fetched a batch of 10000 domains.
2026-09-29 16:38:36,449 INFO asdec.enrichers.lexical.worker: [Batch 45] 0/10000 domains enriched succesfully. 10000 errors.
2026-09-29 16:38:36,999 INFO asdec.enrichers.lexical.worker: [Batch 46] Fetched a batch of 10000 domains.
2026-09-29 16:38:37,272 INFO asdec.enrichers.lexical.worker: [Batch 46] 0/10000 domains enriched succesfully. 10000 errors.
2026-09-29 16:38:37,830 INFO asdec.enrichers.lexical.worker: [Batch 47] Fetched a batch of 10000 domains.
2026-09-29 16:38:38,067 INFO asdec.enrichers.lexical.worker: [Batch 47] 0/10000 domains enriched succesfully. 10000 errors.
2026-09-29 16:38:38,719 INFO asdec.enrichers.lexical.worker: [Batch 48] Fetched a batch of 10000 domains.
2026-09-29 16:38:38,873 INFO asdec.enrichers.lexical.worker: [Batch 48] 0/10000 domains enriched succesfully. 10000 errors.
2026-09-29 16:38:39,534 INFO asdec.enrichers.lexical.worker: [Batch 49] Fetched a batch of 10000 domains.
2026-09-29 16:38:39,694 INFO asdec.enrichers.lexical.worker: [Batch 49] 0/10000 domains enriched succesfully. 10000 errors.
2026-09-29 16:38:40,380 INFO asdec.enrichers.lexical.worker: [Batch 50] Fetched a batch of 10000 domains.
2026-09-29 16:38:40,642 INFO asdec.enrichers.lexical.worker: [Batch 50] 0/10000 domains enriched succesfully. 10000 errors.
2026-09-29 16:38:41,235 INFO asdec.enrichers.lexical.worker: [Batch 51] Fetched a batch of 10000 domains.
2026-09-29 16:38:41,486 INFO asdec.enrichers.lexical.worker: [Batch 51] 0/10000 domains enriched succesfully. 10000 errors.
2026-09-29 16:38:42,181 INFO asdec.enrichers.lexical.worker: [Batch 52] Fetched a batch of 10000 domains.
2026-09-29 16:38:42,336 INFO asdec.enrichers.lexical.worker: [Batch 52] 0/10000 domains enriched succesfully. 10000 errors.
2026-09-29 16:38:43,018 INFO asdec.enrichers.lexical.worker: [Batch 53] Fetched a batch of 10000 domains.
2026-09-29 16:38:43,174 INFO asdec.enrichers.lexical.worker: [Batch 53] 0/10000 domains enriched succesfully. 10000 errors.
2026-09-29 16:38:43,863 INFO asdec.enrichers.lexical.worker: [Batch 54] Fetched a batch of 10000 domains.
2026-09-29 16:38:44,017 INFO asdec.enrichers.lexical.worker: [Batch 54] 0/10000 domains enriched succesfully. 10000 errors.
2026-09-29 16:38:44,719 INFO asdec.enrichers.lexical.worker: [Batch 55] Fetched a batch of 10000 domains.
2026-09-29 16:38:44,978 INFO asdec.enrichers.lexical.worker: [Batch 55] 0/10000 domains enriched succesfully. 10000 errors.
2026-09-29 16:38:45,652 INFO asdec.enrichers.lexical.worker: [Batch 56] Fetched a batch of 10000 domains.
2026-09-29 16:38:45,909 INFO asdec.enrichers.lexical.worker: [Batch 56] 0/10000 domains enriched succesfully. 10000 errors.
2026-09-29 16:38:46,716 INFO asdec.enrichers.lexical.worker: [Batch 57] Fetched a batch of 10000 domains.
2026-09-29 16:38:46,904 INFO asdec.enrichers.lexical.worker: [Batch 57] 0/10000 domains enriched succesfully. 10000 errors.
2026-09-29 16:38:47,949 INFO asdec.enrichers.lexical.worker: [Batch 58] Fetched a batch of 10000 domains.
2026-09-29 16:38:48,203 INFO asdec.enrichers.lexical.worker: [Batch 58] 0/10000 domains enriched succesfully. 10000 errors.
2026-09-29 16:38:49,060 INFO asdec.enrichers.lexical.worker: [Batch 59] Fetched a batch of 10000 domains.
2026-09-29 16:38:49,213 INFO asdec.enrichers.lexical.worker: [Batch 59] 0/10000 domains enriched succesfully. 10000 errors.
2026-09-29 16:38:49,988 INFO asdec.enrichers.lexical.worker: [Batch 60] Fetched a batch of 10000 domains.
2026-09-29 16:38:50,248 INFO asdec.enrichers.lexical.worker: [Batch 60] 0/10000 domains enriched succesfully. 10000 errors.
2026-09-29 16:38:50,950 INFO asdec.enrichers.lexical.worker: [Batch 61] Fetched a batch of 10000 domains.
2026-09-29 16:38:51,190 INFO asdec.enrichers.lexical.worker: [Batch 61] 0/10000 domains enriched succesfully. 10000 errors.
2026-09-29 16:38:51,975 INFO asdec.enrichers.lexical.worker: [Batch 62] Fetched a batch of 10000 domains.
2026-09-29 16:38:52,125 INFO asdec.enrichers.lexical.worker: [Batch 62] 0/10000 domains enriched succesfully. 10000 errors.
2026-09-29 16:38:52,924 INFO asdec.enrichers.lexical.worker: [Batch 63] Fetched a batch of 10000 domains.
2026-09-29 16:38:53,079 INFO asdec.enrichers.lexical.worker: [Batch 63] 0/10000 domains enriched succesfully. 10000 errors.
2026-09-29 16:38:53,876 INFO asdec.enrichers.lexical.worker: [Batch 64] Fetched a batch of 10000 domains.
2026-09-29 16:38:54,023 INFO asdec.enrichers.lexical.worker: [Batch 64] 0/10000 domains enriched succesfully. 10000 errors.
2026-09-29 16:38:54,851 INFO asdec.enrichers.lexical.worker: [Batch 65] Fetched a batch of 10000 domains.
2026-09-29 16:38:55,099 INFO asdec.enrichers.lexical.worker: [Batch 65] 0/10000 domains enriched succesfully. 10000 errors.
2026-09-29 16:38:55,872 INFO asdec.enrichers.lexical.worker: [Batch 66] Fetched a batch of 10000 domains.
2026-09-29 16:38:56,114 INFO asdec.enrichers.lexical.worker: [Batch 66] 0/10000 domains enriched succesfully. 10000 errors.
2026-09-29 16:38:56,946 INFO asdec.enrichers.lexical.worker: [Batch 67] Fetched a batch of 10000 domains.
2026-09-29 16:38:57,178 INFO asdec.enrichers.lexical.worker: [Batch 67] 0/10000 domains enriched succesfully. 10000 errors.
2026-09-29 16:38:58,058 INFO asdec.enrichers.lexical.worker: [Batch 68] Fetched a batch of 10000 domains.
2026-09-29 16:38:58,209 INFO asdec.enrichers.lexical.worker: [Batch 68] 0/10000 domains enriched succesfully. 10000 errors.
2026-09-29 16:38:59,071 INFO asdec.enrichers.lexical.worker: [Batch 69] Fetched a batch of 10000 domains.
2026-09-29 16:38:59,225 INFO asdec.enrichers.lexical.worker: [Batch 69] 0/10000 domains enriched succesfully. 10000 errors.
2026-09-29 16:39:00,090 INFO asdec.enrichers.lexical.worker: [Batch 70] Fetched a batch of 10000 domains.
2026-09-29 16:39:00,345 INFO asdec.enrichers.lexical.worker: [Batch 70] 0/10000 domains enriched succesfully. 10000 errors.
2026-09-29 16:39:01,175 INFO asdec.enrichers.lexical.worker: [Batch 71] Fetched a batch of 10000 domains.
2026-09-29 16:39:01,419 INFO asdec.enrichers.lexical.worker: [Batch 71] 0/10000 domains enriched succesfully. 10000 errors.
2026-09-29 16:39:02,370 INFO asdec.enrichers.lexical.worker: [Batch 72] Fetched a batch of 10000 domains.
2026-09-29 16:39:02,531 INFO asdec.enrichers.lexical.worker: [Batch 72] 0/10000 domains enriched succesfully. 10000 errors.
2026-09-29 16:39:03,452 INFO asdec.enrichers.lexical.worker: [Batch 73] Fetched a batch of 10000 domains.
2026-09-29 16:39:03,599 INFO asdec.enrichers.lexical.worker: [Batch 73] 0/10000 domains enriched succesfully. 10000 errors.
2026-09-29 16:39:04,525 INFO asdec.enrichers.lexical.worker: [Batch 74] Fetched a batch of 10000 domains.
2026-09-29 16:39:04,673 INFO asdec.enrichers.lexical.worker: [Batch 74] 0/10000 domains enriched succesfully. 10000 errors.
2026-09-29 16:39:05,603 INFO asdec.enrichers.lexical.worker: [Batch 75] Fetched a batch of 10000 domains.
2026-09-29 16:39:05,853 INFO asdec.enrichers.lexical.worker: [Batch 75] 0/10000 domains enriched succesfully. 10000 errors.
2026-09-29 16:39:06,737 INFO asdec.enrichers.lexical.worker: [Batch 76] Fetched a batch of 10000 domains.
2026-09-29 16:39:06,978 INFO asdec.enrichers.lexical.worker: [Batch 76] 0/10000 domains enriched succesfully. 10000 errors.
2026-09-29 16:39:07,870 INFO asdec.enrichers.lexical.worker: [Batch 77] Fetched a batch of 10000 domains.
2026-09-29 16:39:08,109 INFO asdec.enrichers.lexical.worker: [Batch 77] 0/10000 domains enriched succesfully. 10000 errors.
2026-09-29 16:39:09,089 INFO asdec.enrichers.lexical.worker: [Batch 78] Fetched a batch of 10000 domains.
2026-09-29 16:39:09,250 INFO asdec.enrichers.lexical.worker: [Batch 78] 0/10000 domains enriched succesfully. 10000 errors.
2026-09-29 16:39:10,225 INFO asdec.enrichers.lexical.worker: [Batch 79] Fetched a batch of 10000 domains.
2026-09-29 16:39:10,379 INFO asdec.enrichers.lexical.worker: [Batch 79] 0/10000 domains enriched succesfully. 10000 errors.
2026-09-29 16:39:11,366 INFO asdec.enrichers.lexical.worker: [Batch 80] Fetched a batch of 10000 domains.
2026-09-29 16:39:11,613 INFO asdec.enrichers.lexical.worker: [Batch 80] 0/10000 domains enriched succesfully. 10000 errors.
2026-09-29 16:39:12,532 INFO asdec.enrichers.lexical.worker: [Batch 81] Fetched a batch of 10000 domains.
2026-09-29 16:39:12,780 INFO asdec.enrichers.lexical.worker: [Batch 81] 0/10000 domains enriched succesfully. 10000 errors.
2026-09-29 16:39:13,791 INFO asdec.enrichers.lexical.worker: [Batch 82] Fetched a batch of 10000 domains.
2026-09-29 16:39:13,938 INFO asdec.enrichers.lexical.worker: [Batch 82] 0/10000 domains enriched succesfully. 10000 errors.
2026-09-29 16:39:14,974 INFO asdec.enrichers.lexical.worker: [Batch 83] Fetched a batch of 10000 domains.
2026-09-29 16:39:15,128 INFO asdec.enrichers.lexical.worker: [Batch 83] 0/10000 domains enriched succesfully. 10000 errors.
2026-09-29 16:39:16,152 INFO asdec.enrichers.lexical.worker: [Batch 84] Fetched a batch of 10000 domains.
2026-09-29 16:39:16,300 INFO asdec.enrichers.lexical.worker: [Batch 84] 0/10000 domains enriched succesfully. 10000 errors.
2026-09-29 16:39:17,329 INFO asdec.enrichers.lexical.worker: [Batch 85] Fetched a batch of 10000 domains.
2026-09-29 16:39:17,588 INFO asdec.enrichers.lexical.worker: [Batch 85] 0/10000 domains enriched succesfully. 10000 errors.
2026-09-29 16:39:18,578 INFO asdec.enrichers.lexical.worker: [Batch 86] Fetched a batch of 10000 domains.
2026-09-29 16:39:18,821 INFO asdec.enrichers.lexical.worker: [Batch 86] 0/10000 domains enriched succesfully. 10000 errors.
2026-09-29 16:39:19,799 INFO asdec.enrichers.lexical.worker: [Batch 87] Fetched a batch of 10000 domains.
2026-09-29 16:39:20,031 INFO asdec.enrichers.lexical.worker: [Batch 87] 0/10000 domains enriched succesfully. 10000 errors.
2026-09-29 16:39:21,133 INFO asdec.enrichers.lexical.worker: [Batch 88] Fetched a batch of 10000 domains.
2026-09-29 16:39:21,289 INFO asdec.enrichers.lexical.worker: [Batch 88] 0/10000 domains enriched succesfully. 10000 errors.
2026-09-29 16:39:22,432 INFO asdec.enrichers.lexical.worker: [Batch 89] Fetched a batch of 10000 domains.
2026-09-29 16:39:22,584 INFO asdec.enrichers.lexical.worker: [Batch 89] 0/10000 domains enriched succesfully. 10000 errors.
2026-09-29 16:39:23,658 INFO asdec.enrichers.lexical.worker: [Batch 90] Fetched a batch of 10000 domains.
2026-09-29 16:39:23,905 INFO asdec.enrichers.lexical.worker: [Batch 90] 0/10000 domains enriched succesfully. 10000 errors.
2026-09-29 16:39:24,909 INFO asdec.enrichers.lexical.worker: [Batch 91] Fetched a batch of 10000 domains.
2026-09-29 16:39:25,151 INFO asdec.enrichers.lexical.worker: [Batch 91] 0/10000 domains enriched succesfully. 10000 errors.
2026-09-29 16:39:26,261 INFO asdec.enrichers.lexical.worker: [Batch 92] Fetched a batch of 10000 domains.
2026-09-29 16:39:26,415 INFO asdec.enrichers.lexical.worker: [Batch 92] 0/10000 domains enriched succesfully. 10000 errors.
2026-09-29 16:39:27,654 INFO asdec.enrichers.lexical.worker: [Batch 93] Fetched a batch of 10000 domains.
2026-09-29 16:39:27,888 INFO asdec.enrichers.lexical.worker: [Batch 93] 0/10000 domains enriched succesfully. 10000 errors.
2026-09-29 16:39:29,121 INFO asdec.enrichers.lexical.worker: [Batch 94] Fetched a batch of 10000 domains.
2026-09-29 16:39:29,365 INFO asdec.enrichers.lexical.worker: [Batch 94] 0/10000 domains enriched succesfully. 10000 errors.
2026-09-29 16:39:30,750 INFO asdec.enrichers.lexical.worker: [Batch 95] Fetched a batch of 10000 domains.
2026-09-29 16:39:31,336 INFO asdec.enrichers.lexical.worker: [Batch 95] 0/10000 domains enriched succesfully. 10000 errors.
2026-09-29 16:39:32,609 INFO asdec.enrichers.lexical.worker: [Batch 96] Fetched a batch of 10000 domains.
2026-09-29 16:39:32,911 INFO asdec.enrichers.lexical.worker: [Batch 96] 0/10000 domains enriched succesfully. 10000 errors.
2026-09-29 16:39:34,317 INFO asdec.enrichers.lexical.worker: [Batch 97] Fetched a batch of 10000 domains.
2026-09-29 16:39:34,930 INFO asdec.enrichers.lexical.worker: [Batch 97] 0/10000 domains enriched succesfully. 10000 errors.
2026-09-29 16:39:36,311 INFO asdec.enrichers.lexical.worker: [Batch 98] Fetched a batch of 10000 domains.
2026-09-29 16:39:36,560 INFO asdec.enrichers.lexical.worker: [Batch 98] 0/10000 domains enriched succesfully. 10000 errors.
2026-09-29 16:39:38,000 INFO asdec.enrichers.lexical.worker: [Batch 99] Fetched a batch of 10000 domains.
2026-09-29 16:39:38,271 INFO asdec.enrichers.lexical.worker: [Batch 99] 0/10000 domains enriched succesfully. 10000 errors.
2026-09-29 16:39:39,662 INFO asdec.enrichers.lexical.worker: [Batch 100] Fetched a batch of 10000 domains.
2026-09-29 16:39:39,921 INFO asdec.enrichers.lexical.worker: [Batch 100] 0/10000 domains enriched succesfully. 10000 errors.
2026-09-29 16:39:41,129 INFO asdec.enrichers.lexical.worker: [Batch 101] Fetched a batch of 10000 domains.
2026-09-29 16:39:41,472 INFO asdec.enrichers.lexical.worker: [Batch 101] 0/10000 domains enriched succesfully. 10000 errors.
2026-09-29 16:39:42,810 INFO asdec.enrichers.lexical.worker: [Batch 102] Fetched a batch of 10000 domains.
2026-09-29 16:39:42,971 INFO asdec.enrichers.lexical.worker: [Batch 102] 0/10000 domains enriched succesfully. 10000 errors.
2026-09-29 16:39:44,196 INFO asdec.enrichers.lexical.worker: [Batch 103] Fetched a batch of 10000 domains.
2026-09-29 16:39:44,354 INFO asdec.enrichers.lexical.worker: [Batch 103] 0/10000 domains enriched succesfully. 10000 errors.
2026-09-29 16:39:45,623 INFO asdec.enrichers.lexical.worker: [Batch 104] Fetched a batch of 10000 domains.
2026-09-29 16:39:45,781 INFO asdec.enrichers.lexical.worker: [Batch 104] 0/10000 domains enriched succesfully. 10000 errors.
2026-09-29 16:39:47,053 INFO asdec.enrichers.lexical.worker: [Batch 105] Fetched a batch of 10000 domains.
2026-09-29 16:39:47,331 INFO asdec.enrichers.lexical.worker: [Batch 105] 0/10000 domains enriched succesfully. 10000 errors.
2026-09-29 16:39:48,546 INFO asdec.enrichers.lexical.worker: [Batch 106] Fetched a batch of 10000 domains.
2026-09-29 16:39:48,792 INFO asdec.enrichers.lexical.worker: [Batch 106] 0/10000 domains enriched succesfully. 10000 errors.
2026-09-29 16:39:49,973 INFO asdec.enrichers.lexical.worker: [Batch 107] Fetched a batch of 10000 domains.
2026-09-29 16:39:50,216 INFO asdec.enrichers.lexical.worker: [Batch 107] 0/10000 domains enriched succesfully. 10000 errors.
2026-09-29 16:39:51,532 INFO asdec.enrichers.lexical.worker: [Batch 108] Fetched a batch of 10000 domains.
2026-09-29 16:39:51,719 INFO asdec.enrichers.lexical.worker: [Batch 108] 0/10000 domains enriched succesfully. 10000 errors.
2026-09-29 16:39:53,093 INFO asdec.enrichers.lexical.worker: [Batch 109] Fetched a batch of 10000 domains.
2026-09-29 16:39:53,251 INFO asdec.enrichers.lexical.worker: [Batch 109] 0/10000 domains enriched succesfully. 10000 errors.
2026-09-29 16:39:54,553 INFO asdec.enrichers.lexical.worker: [Batch 110] Fetched a batch of 10000 domains.
2026-09-29 16:39:54,814 INFO asdec.enrichers.lexical.worker: [Batch 110] 0/10000 domains enriched succesfully. 10000 errors.
2026-09-29 16:39:55,999 INFO asdec.enrichers.lexical.worker: [Batch 111] Fetched a batch of 10000 domains.
2026-09-29 16:39:56,251 INFO asdec.enrichers.lexical.worker: [Batch 111] 0/10000 domains enriched succesfully. 10000 errors.
2026-09-29 16:39:57,523 INFO asdec.enrichers.lexical.worker: [Batch 112] Fetched a batch of 10000 domains.
2026-09-29 16:39:57,799 INFO asdec.enrichers.lexical.worker: [Batch 112] 0/10000 domains enriched succesfully. 10000 errors.
2026-09-29 16:39:59,190 INFO asdec.enrichers.lexical.worker: [Batch 113] Fetched a batch of 10000 domains.
2026-09-29 16:39:59,365 INFO asdec.enrichers.lexical.worker: [Batch 113] 0/10000 domains enriched succesfully. 10000 errors.
2026-09-29 16:40:00,707 INFO asdec.enrichers.lexical.worker: [Batch 114] Fetched a batch of 10000 domains.
2026-09-29 16:40:00,860 INFO asdec.enrichers.lexical.worker: [Batch 114] 0/10000 domains enriched succesfully. 10000 errors.
2026-09-29 16:40:02,210 INFO asdec.enrichers.lexical.worker: [Batch 115] Fetched a batch of 10000 domains.
2026-09-29 16:40:02,486 INFO asdec.enrichers.lexical.worker: [Batch 115] 0/10000 domains enriched succesfully. 10000 errors.
2026-09-29 16:40:03,781 INFO asdec.enrichers.lexical.worker: [Batch 116] Fetched a batch of 10000 domains.
2026-09-29 16:40:04,051 INFO asdec.enrichers.lexical.worker: [Batch 116] 0/10000 domains enriched succesfully. 10000 errors.
2026-09-29 16:40:05,474 INFO asdec.enrichers.lexical.worker: [Batch 117] Fetched a batch of 10000 domains.
2026-09-29 16:40:05,626 INFO asdec.enrichers.lexical.worker: [Batch 117] 0/10000 domains enriched succesfully. 10000 errors.
2026-09-29 16:40:07,112 INFO asdec.enrichers.lexical.worker: [Batch 118] Fetched a batch of 10000 domains.
2026-09-29 16:40:07,284 INFO asdec.enrichers.lexical.worker: [Batch 118] 0/10000 domains enriched succesfully. 10000 errors.
2026-09-29 16:40:08,705 INFO asdec.enrichers.lexical.worker: [Batch 119] Fetched a batch of 10000 domains.
2026-09-29 16:40:08,863 INFO asdec.enrichers.lexical.worker: [Batch 119] 0/10000 domains enriched succesfully. 10000 errors.
2026-09-29 16:40:10,232 INFO asdec.enrichers.lexical.worker: [Batch 120] Fetched a batch of 10000 domains.
2026-09-29 16:40:10,531 INFO asdec.enrichers.lexical.worker: [Batch 120] 0/10000 domains enriched succesfully. 10000 errors.
2026-09-29 16:40:11,887 INFO asdec.enrichers.lexical.worker: [Batch 121] Fetched a batch of 10000 domains.
2026-09-29 16:40:12,168 INFO asdec.enrichers.lexical.worker: [Batch 121] 0/10000 domains enriched succesfully. 10000 errors.
2026-09-29 16:40:13,561 INFO asdec.enrichers.lexical.worker: [Batch 122] Fetched a batch of 10000 domains.
2026-09-29 16:40:13,812 INFO asdec.enrichers.lexical.worker: [Batch 122] 0/10000 domains enriched succesfully. 10000 errors.
2026-09-29 16:40:15,224 INFO asdec.enrichers.lexical.worker: [Batch 123] Fetched a batch of 10000 domains.
2026-09-29 16:40:15,373 INFO asdec.enrichers.lexical.worker: [Batch 123] 0/10000 domains enriched succesfully. 10000 errors.
2026-09-29 16:40:16,760 INFO asdec.enrichers.lexical.worker: [Batch 124] Fetched a batch of 10000 domains.
2026-09-29 16:40:16,912 INFO asdec.enrichers.lexical.worker: [Batch 124] 0/10000 domains enriched succesfully. 10000 errors.
2026-09-29 16:40:18,402 INFO asdec.enrichers.lexical.worker: [Batch 125] Fetched a batch of 10000 domains.
2026-09-29 16:40:18,709 INFO asdec.enrichers.lexical.worker: [Batch 125] 0/10000 domains enriched succesfully. 10000 errors.
2026-09-29 16:40:20,206 INFO asdec.enrichers.lexical.worker: [Batch 126] Fetched a batch of 10000 domains.
2026-09-29 16:40:20,477 INFO asdec.enrichers.lexical.worker: [Batch 126] 0/10000 domains enriched succesfully. 10000 errors.
2026-09-29 16:40:21,923 INFO asdec.enrichers.lexical.worker: [Batch 127] Fetched a batch of 10000 domains.
2026-09-29 16:40:22,074 INFO asdec.enrichers.lexical.worker: [Batch 127] 0/10000 domains enriched succesfully. 10000 errors.
2026-09-29 16:40:23,527 INFO asdec.enrichers.lexical.worker: [Batch 128] Fetched a batch of 10000 domains.
2026-09-29 16:40:23,691 INFO asdec.enrichers.lexical.worker: [Batch 128] 0/10000 domains enriched succesfully. 10000 errors.
2026-09-29 16:40:25,169 INFO asdec.enrichers.lexical.worker: [Batch 129] Fetched a batch of 10000 domains.
2026-09-29 16:40:25,322 INFO asdec.enrichers.lexical.worker: [Batch 129] 0/10000 domains enriched succesfully. 10000 errors.
2026-09-29 16:40:26,785 INFO asdec.enrichers.lexical.worker: [Batch 130] Fetched a batch of 10000 domains.
2026-09-29 16:40:27,047 INFO asdec.enrichers.lexical.worker: [Batch 130] 0/10000 domains enriched succesfully. 10000 errors.
2026-09-29 16:40:28,454 INFO asdec.enrichers.lexical.worker: [Batch 131] Fetched a batch of 10000 domains.
2026-09-29 16:40:28,708 INFO asdec.enrichers.lexical.worker: [Batch 131] 0/10000 domains enriched succesfully. 10000 errors.
2026-09-29 16:40:30,220 INFO asdec.enrichers.lexical.worker: [Batch 132] Fetched a batch of 10000 domains.
2026-09-29 16:40:30,377 INFO asdec.enrichers.lexical.worker: [Batch 132] 0/10000 domains enriched succesfully. 10000 errors.
2026-09-29 16:40:31,892 INFO asdec.enrichers.lexical.worker: [Batch 133] Fetched a batch of 10000 domains.
2026-09-29 16:40:32,053 INFO asdec.enrichers.lexical.worker: [Batch 133] 0/10000 domains enriched succesfully. 10000 errors.
2026-09-29 16:40:33,572 INFO asdec.enrichers.lexical.worker: [Batch 134] Fetched a batch of 10000 domains.
2026-09-29 16:40:33,731 INFO asdec.enrichers.lexical.worker: [Batch 134] 0/10000 domains enriched succesfully. 10000 errors.
2026-09-29 16:40:35,217 INFO asdec.enrichers.lexical.worker: [Batch 135] Fetched a batch of 10000 domains.
2026-09-29 16:40:35,465 INFO asdec.enrichers.lexical.worker: [Batch 135] 0/10000 domains enriched succesfully. 10000 errors.
2026-09-29 16:40:36,969 INFO asdec.enrichers.lexical.worker: [Batch 136] Fetched a batch of 10000 domains.
2026-09-29 16:40:37,231 INFO asdec.enrichers.lexical.worker: [Batch 136] 0/10000 domains enriched succesfully. 10000 errors.
2026-09-29 16:40:38,777 INFO asdec.enrichers.lexical.worker: [Batch 137] Fetched a batch of 10000 domains.
2026-09-29 16:40:39,031 INFO asdec.enrichers.lexical.worker: [Batch 137] 0/10000 domains enriched succesfully. 10000 errors.
2026-09-29 16:40:40,750 INFO asdec.enrichers.lexical.worker: [Batch 138] Fetched a batch of 10000 domains.
2026-09-29 16:40:40,915 INFO asdec.enrichers.lexical.worker: [Batch 138] 0/10000 domains enriched succesfully. 10000 errors.
2026-09-29 16:40:42,535 INFO asdec.enrichers.lexical.worker: [Batch 139] Fetched a batch of 10000 domains.
2026-09-29 16:40:42,688 INFO asdec.enrichers.lexical.worker: [Batch 139] 0/10000 domains enriched succesfully. 10000 errors.
2026-09-29 16:40:44,290 INFO asdec.enrichers.lexical.worker: [Batch 140] Fetched a batch of 10000 domains.
2026-09-29 16:40:44,559 INFO asdec.enrichers.lexical.worker: [Batch 140] 0/10000 domains enriched succesfully. 10000 errors.
2026-09-29 16:40:46,049 INFO asdec.enrichers.lexical.worker: [Batch 141] Fetched a batch of 10000 domains.
2026-09-29 16:40:46,309 INFO asdec.enrichers.lexical.worker: [Batch 141] 0/10000 domains enriched succesfully. 10000 errors.
2026-09-29 16:40:47,914 INFO asdec.enrichers.lexical.worker: [Batch 142] Fetched a batch of 10000 domains.
2026-09-29 16:40:48,068 INFO asdec.enrichers.lexical.worker: [Batch 142] 0/10000 domains enriched succesfully. 10000 errors.
2026-09-29 16:40:49,690 INFO asdec.enrichers.lexical.worker: [Batch 143] Fetched a batch of 10000 domains.
2026-09-29 16:40:49,852 INFO asdec.enrichers.lexical.worker: [Batch 143] 0/10000 domains enriched succesfully. 10000 errors.
2026-09-29 16:40:51,421 INFO asdec.enrichers.lexical.worker: [Batch 144] Fetched a batch of 10000 domains.
2026-09-29 16:40:51,574 INFO asdec.enrichers.lexical.worker: [Batch 144] 0/10000 domains enriched succesfully. 10000 errors.
2026-09-29 16:40:53,150 INFO asdec.enrichers.lexical.worker: [Batch 145] Fetched a batch of 10000 domains.
2026-09-29 16:40:53,404 INFO asdec.enrichers.lexical.worker: [Batch 145] 0/10000 domains enriched succesfully. 10000 errors.
2026-09-29 16:40:54,930 INFO asdec.enrichers.lexical.worker: [Batch 146] Fetched a batch of 10000 domains.
2026-09-29 16:40:55,196 INFO asdec.enrichers.lexical.worker: [Batch 146] 0/10000 domains enriched succesfully. 10000 errors.
2026-09-29 16:40:56,935 INFO asdec.enrichers.lexical.worker: [Batch 147] Fetched a batch of 10000 domains.
2026-09-29 16:40:57,085 INFO asdec.enrichers.lexical.worker: [Batch 147] 0/10000 domains enriched succesfully. 10000 errors.
2026-09-29 16:40:58,707 INFO asdec.enrichers.lexical.worker: [Batch 148] Fetched a batch of 10000 domains.
2026-09-29 16:40:58,860 INFO asdec.enrichers.lexical.worker: [Batch 148] 0/10000 domains enriched succesfully. 10000 errors.
2026-09-29 16:41:00,598 INFO asdec.enrichers.lexical.worker: [Batch 149] Fetched a batch of 10000 domains.
2026-09-29 16:41:00,751 INFO asdec.enrichers.lexical.worker: [Batch 149] 0/10000 domains enriched succesfully. 10000 errors.
2026-09-29 16:41:02,425 INFO asdec.enrichers.lexical.worker: [Batch 150] Fetched a batch of 10000 domains.
2026-09-29 16:41:02,727 INFO asdec.enrichers.lexical.worker: [Batch 150] 0/10000 domains enriched succesfully. 10000 errors.
2026-09-29 16:41:04,394 INFO asdec.enrichers.lexical.worker: [Batch 151] Fetched a batch of 10000 domains.
2026-09-29 16:41:04,653 INFO asdec.enrichers.lexical.worker: [Batch 151] 0/10000 domains enriched succesfully. 10000 errors.
2026-09-29 16:41:06,232 INFO asdec.enrichers.lexical.worker: [Batch 152] Fetched a batch of 10000 domains.
2026-09-29 16:41:06,469 INFO asdec.enrichers.lexical.worker: [Batch 152] 0/10000 domains enriched succesfully. 10000 errors.
2026-09-29 16:41:08,130 INFO asdec.enrichers.lexical.worker: [Batch 153] Fetched a batch of 10000 domains.
2026-09-29 16:41:08,278 INFO asdec.enrichers.lexical.worker: [Batch 153] 0/10000 domains enriched succesfully. 10000 errors.
2026-09-29 16:41:10,006 INFO asdec.enrichers.lexical.worker: [Batch 154] Fetched a batch of 10000 domains.
2026-09-29 16:41:10,166 INFO asdec.enrichers.lexical.worker: [Batch 154] 0/10000 domains enriched succesfully. 10000 errors.
2026-09-29 16:41:11,871 INFO asdec.enrichers.lexical.worker: [Batch 155] Fetched a batch of 10000 domains.
2026-09-29 16:41:12,122 INFO asdec.enrichers.lexical.worker: [Batch 155] 0/10000 domains enriched succesfully. 10000 errors.
2026-09-29 16:41:13,758 INFO asdec.enrichers.lexical.worker: [Batch 156] Fetched a batch of 10000 domains.
2026-09-29 16:41:14,006 INFO asdec.enrichers.lexical.worker: [Batch 156] 0/10000 domains enriched succesfully. 10000 errors.
2026-09-29 16:41:15,714 INFO asdec.enrichers.lexical.worker: [Batch 157] Fetched a batch of 10000 domains.
2026-09-29 16:41:15,870 INFO asdec.enrichers.lexical.worker: [Batch 157] 0/10000 domains enriched succesfully. 10000 errors.
2026-09-29 16:41:17,587 INFO asdec.enrichers.lexical.worker: [Batch 158] Fetched a batch of 10000 domains.
2026-09-29 16:41:17,738 INFO asdec.enrichers.lexical.worker: [Batch 158] 0/10000 domains enriched succesfully. 10000 errors.
2026-09-29 16:41:19,437 INFO asdec.enrichers.lexical.worker: [Batch 159] Fetched a batch of 10000 domains.
2026-09-29 16:41:19,586 INFO asdec.enrichers.lexical.worker: [Batch 159] 0/10000 domains enriched succesfully. 10000 errors.
2026-09-29 16:41:21,300 INFO asdec.enrichers.lexical.worker: [Batch 160] Fetched a batch of 10000 domains.
2026-09-29 16:41:21,557 INFO asdec.enrichers.lexical.worker: [Batch 160] 0/10000 domains enriched succesfully. 10000 errors.
2026-09-29 16:41:23,232 INFO asdec.enrichers.lexical.worker: [Batch 161] Fetched a batch of 10000 domains.
2026-09-29 16:41:23,479 INFO asdec.enrichers.lexical.worker: [Batch 161] 0/10000 domains enriched succesfully. 10000 errors.
2026-09-29 16:41:25,140 INFO asdec.enrichers.lexical.worker: [Batch 162] Fetched a batch of 10000 domains.
2026-09-29 16:41:25,381 INFO asdec.enrichers.lexical.worker: [Batch 162] 0/10000 domains enriched succesfully. 10000 errors.
2026-09-29 16:41:27,119 INFO asdec.enrichers.lexical.worker: [Batch 163] Fetched a batch of 10000 domains.
2026-09-29 16:41:27,269 INFO asdec.enrichers.lexical.worker: [Batch 163] 0/10000 domains enriched succesfully. 10000 errors.
2026-09-29 16:41:29,049 INFO asdec.enrichers.lexical.worker: [Batch 164] Fetched a batch of 10000 domains.
2026-09-29 16:41:29,241 INFO asdec.enrichers.lexical.worker: [Batch 164] 0/10000 domains enriched succesfully. 10000 errors.
2026-09-29 16:41:31,006 INFO asdec.enrichers.lexical.worker: [Batch 165] Fetched a batch of 10000 domains.
2026-09-29 16:41:31,269 INFO asdec.enrichers.lexical.worker: [Batch 165] 0/10000 domains enriched succesfully. 10000 errors.
2026-09-29 16:41:32,982 INFO asdec.enrichers.lexical.worker: [Batch 166] Fetched a batch of 10000 domains.
2026-09-29 16:41:33,236 INFO asdec.enrichers.lexical.worker: [Batch 166] 0/10000 domains enriched succesfully. 10000 errors.
2026-09-29 16:41:35,048 INFO asdec.enrichers.lexical.worker: [Batch 167] Fetched a batch of 10000 domains.
2026-09-29 16:41:35,197 INFO asdec.enrichers.lexical.worker: [Batch 167] 0/10000 domains enriched succesfully. 10000 errors.
2026-09-29 16:41:36,992 INFO asdec.enrichers.lexical.worker: [Batch 168] Fetched a batch of 10000 domains.
2026-09-29 16:41:37,141 INFO asdec.enrichers.lexical.worker: [Batch 168] 0/10000 domains enriched succesfully. 10000 errors.
2026-09-29 16:41:38,953 INFO asdec.enrichers.lexical.worker: [Batch 169] Fetched a batch of 10000 domains.
2026-09-29 16:41:39,105 INFO asdec.enrichers.lexical.worker: [Batch 169] 0/10000 domains enriched succesfully. 10000 errors.
2026-09-29 16:41:40,937 INFO asdec.enrichers.lexical.worker: [Batch 170] Fetched a batch of 10000 domains.
2026-09-29 16:41:41,189 INFO asdec.enrichers.lexical.worker: [Batch 170] 0/10000 domains enriched succesfully. 10000 errors.
2026-09-29 16:41:42,942 INFO asdec.enrichers.lexical.worker: [Batch 171] Fetched a batch of 10000 domains.
2026-09-29 16:41:43,244 INFO asdec.enrichers.lexical.worker: [Batch 171] 0/10000 domains enriched succesfully. 10000 errors.
2026-09-29 16:41:45,084 INFO asdec.enrichers.lexical.worker: [Batch 172] Fetched a batch of 10000 domains.
2026-09-29 16:41:45,243 INFO asdec.enrichers.lexical.worker: [Batch 172] 0/10000 domains enriched succesfully. 10000 errors.
2026-09-29 16:41:47,279 INFO asdec.enrichers.lexical.worker: [Batch 173] Fetched a batch of 10000 domains.
2026-09-29 16:41:47,561 INFO asdec.enrichers.lexical.worker: [Batch 173] 0/10000 domains enriched succesfully. 10000 errors.
2026-09-29 16:41:49,925 INFO asdec.enrichers.lexical.worker: [Batch 174] Fetched a batch of 10000 domains.
2026-09-29 16:41:50,088 INFO asdec.enrichers.lexical.worker: [Batch 174] 0/10000 domains enriched succesfully. 10000 errors.
2026-09-29 16:41:51,999 INFO asdec.enrichers.lexical.worker: [Batch 175] Fetched a batch of 10000 domains.
2026-09-29 16:41:52,263 INFO asdec.enrichers.lexical.worker: [Batch 175] 0/10000 domains enriched succesfully. 10000 errors.
2026-09-29 16:41:54,190 INFO asdec.enrichers.lexical.worker: [Batch 176] Fetched a batch of 10000 domains.
2026-09-29 16:41:54,442 INFO asdec.enrichers.lexical.worker: [Batch 176] 0/10000 domains enriched succesfully. 10000 errors.
2026-09-29 16:41:56,427 INFO asdec.enrichers.lexical.worker: [Batch 177] Fetched a batch of 10000 domains.
2026-09-29 16:41:56,596 INFO asdec.enrichers.lexical.worker: [Batch 177] 0/10000 domains enriched succesfully. 10000 errors.
2026-09-29 16:41:58,584 INFO asdec.enrichers.lexical.worker: [Batch 178] Fetched a batch of 10000 domains.
2026-09-29 16:41:58,737 INFO asdec.enrichers.lexical.worker: [Batch 178] 0/10000 domains enriched succesfully. 10000 errors.
2026-09-29 16:42:00,911 INFO asdec.enrichers.lexical.worker: [Batch 179] Fetched a batch of 10000 domains.
2026-09-29 16:42:01,208 INFO asdec.enrichers.lexical.worker: [Batch 179] 0/10000 domains enriched succesfully. 10000 errors.
2026-09-29 16:42:04,024 INFO asdec.enrichers.lexical.worker: [Batch 180] Fetched a batch of 10000 domains.
2026-09-29 16:42:04,501 INFO asdec.enrichers.lexical.worker: [Batch 180] 0/10000 domains enriched succesfully. 10000 errors.
2026-09-29 16:42:07,146 INFO asdec.enrichers.lexical.worker: [Batch 181] Fetched a batch of 10000 domains.
2026-09-29 16:42:07,471 INFO asdec.enrichers.lexical.worker: [Batch 181] 0/10000 domains enriched succesfully. 10000 errors.
2026-09-29 16:42:10,422 INFO asdec.enrichers.lexical.worker: [Batch 182] Fetched a batch of 10000 domains.
2026-09-29 16:42:10,600 INFO asdec.enrichers.lexical.worker: [Batch 182] 0/10000 domains enriched succesfully. 10000 errors.
2026-09-29 16:42:13,116 INFO asdec.enrichers.lexical.worker: [Batch 183] Fetched a batch of 10000 domains.
2026-09-29 16:42:13,400 INFO asdec.enrichers.lexical.worker: [Batch 183] 0/10000 domains enriched succesfully. 10000 errors.
2026-09-29 16:42:15,636 INFO asdec.enrichers.lexical.worker: [Batch 184] Fetched a batch of 10000 domains.
2026-09-29 16:42:15,785 INFO asdec.enrichers.lexical.worker: [Batch 184] 0/10000 domains enriched succesfully. 10000 errors.
2026-09-29 16:42:17,801 INFO asdec.enrichers.lexical.worker: [Batch 185] Fetched a batch of 10000 domains.
2026-09-29 16:42:18,220 INFO asdec.enrichers.lexical.worker: [Batch 185] 0/10000 domains enriched succesfully. 10000 errors.
2026-09-29 16:42:20,424 INFO asdec.enrichers.lexical.worker: [Batch 186] Fetched a batch of 10000 domains.
2026-09-29 16:42:20,812 INFO asdec.enrichers.lexical.worker: [Batch 186] 0/10000 domains enriched succesfully. 10000 errors.
2026-09-29 16:42:22,882 INFO asdec.enrichers.lexical.worker: [Batch 187] Fetched a batch of 10000 domains.
2026-09-29 16:42:23,039 INFO asdec.enrichers.lexical.worker: [Batch 187] 0/10000 domains enriched succesfully. 10000 errors.
2026-09-29 16:42:25,196 INFO asdec.enrichers.lexical.worker: [Batch 188] Fetched a batch of 10000 domains.
2026-09-29 16:42:25,405 INFO asdec.enrichers.lexical.worker: [Batch 188] 0/10000 domains enriched succesfully. 10000 errors.
2026-09-29 16:42:27,630 INFO asdec.enrichers.lexical.worker: [Batch 189] Fetched a batch of 10000 domains.
2026-09-29 16:42:27,801 INFO asdec.enrichers.lexical.worker: [Batch 189] 0/10000 domains enriched succesfully. 10000 errors.
2026-09-29 16:42:29,909 INFO asdec.enrichers.lexical.worker: [Batch 190] Fetched a batch of 10000 domains.
2026-09-29 16:42:30,228 INFO asdec.enrichers.lexical.worker: [Batch 190] 0/10000 domains enriched succesfully. 10000 errors.
2026-09-29 16:42:32,247 INFO asdec.enrichers.lexical.worker: [Batch 191] Fetched a batch of 10000 domains.
2026-09-29 16:42:32,494 INFO asdec.enrichers.lexical.worker: [Batch 191] 0/10000 domains enriched succesfully. 10000 errors.
2026-09-29 16:42:34,543 INFO asdec.enrichers.lexical.worker: [Batch 192] Fetched a batch of 10000 domains.
2026-09-29 16:42:34,693 INFO asdec.enrichers.lexical.worker: [Batch 192] 0/10000 domains enriched succesfully. 10000 errors.
2026-09-29 16:42:36,716 INFO asdec.enrichers.lexical.worker: [Batch 193] Fetched a batch of 10000 domains.
2026-09-29 16:42:36,866 INFO asdec.enrichers.lexical.worker: [Batch 193] 0/10000 domains enriched succesfully. 10000 errors.
2026-09-29 16:42:38,893 INFO asdec.enrichers.lexical.worker: [Batch 194] Fetched a batch of 10000 domains.
2026-09-29 16:42:39,043 INFO asdec.enrichers.lexical.worker: [Batch 194] 0/10000 domains enriched succesfully. 10000 errors.
2026-09-29 16:42:41,075 INFO asdec.enrichers.lexical.worker: [Batch 195] Fetched a batch of 10000 domains.
2026-09-29 16:42:41,383 INFO asdec.enrichers.lexical.worker: [Batch 195] 0/10000 domains enriched succesfully. 10000 errors.
2026-09-29 16:42:43,356 INFO asdec.enrichers.lexical.worker: [Batch 196] Fetched a batch of 10000 domains.
2026-09-29 16:42:43,723 INFO asdec.enrichers.lexical.worker: [Batch 196] 0/10000 domains enriched succesfully. 10000 errors.
2026-09-29 16:42:45,811 INFO asdec.enrichers.lexical.worker: [Batch 197] Fetched a batch of 10000 domains.
2026-09-29 16:42:46,048 INFO asdec.enrichers.lexical.worker: [Batch 197] 0/10000 domains enriched succesfully. 10000 errors.
2026-09-29 16:42:48,133 INFO asdec.enrichers.lexical.worker: [Batch 198] Fetched a batch of 10000 domains.
2026-09-29 16:42:48,288 INFO asdec.enrichers.lexical.worker: [Batch 198] 0/10000 domains enriched succesfully. 10000 errors.
2026-09-29 16:42:50,362 INFO asdec.enrichers.lexical.worker: [Batch 199] Fetched a batch of 10000 domains.
2026-09-29 16:42:50,514 INFO asdec.enrichers.lexical.worker: [Batch 199] 0/10000 domains enriched succesfully. 10000 errors.
2026-09-29 16:42:52,607 INFO asdec.enrichers.lexical.worker: [Batch 200] Fetched a batch of 10000 domains.
2026-09-29 16:42:52,873 INFO asdec.enrichers.lexical.worker: [Batch 200] 0/10000 domains enriched succesfully. 10000 errors.
2026-09-29 16:42:55,019 INFO asdec.enrichers.lexical.worker: [Batch 201] Fetched a batch of 10000 domains.
2026-09-29 16:42:55,342 INFO asdec.enrichers.lexical.worker: [Batch 201] 0/10000 domains enriched succesfully. 10000 errors.
2026-09-29 16:42:57,600 INFO asdec.enrichers.lexical.worker: [Batch 202] Fetched a batch of 10000 domains.
2026-09-29 16:42:57,755 INFO asdec.enrichers.lexical.worker: [Batch 202] 0/10000 domains enriched succesfully. 10000 errors.
2026-09-29 16:42:59,953 INFO asdec.enrichers.lexical.worker: [Batch 203] Fetched a batch of 10000 domains.
2026-09-29 16:43:00,111 INFO asdec.enrichers.lexical.worker: [Batch 203] 0/10000 domains enriched succesfully. 10000 errors.
2026-09-29 16:43:02,424 INFO asdec.enrichers.lexical.worker: [Batch 204] Fetched a batch of 10000 domains.
2026-09-29 16:43:02,618 INFO asdec.enrichers.lexical.worker: [Batch 204] 0/10000 domains enriched succesfully. 10000 errors.
2026-09-29 16:43:05,159 INFO asdec.enrichers.lexical.worker: [Batch 205] Fetched a batch of 10000 domains.
2026-09-29 16:43:05,764 INFO asdec.enrichers.lexical.worker: [Batch 205] 0/10000 domains enriched succesfully. 10000 errors.
2026-09-29 16:43:08,087 INFO asdec.enrichers.lexical.worker: [Batch 206] Fetched a batch of 10000 domains.
2026-09-29 16:43:08,355 INFO asdec.enrichers.lexical.worker: [Batch 206] 0/10000 domains enriched succesfully. 10000 errors.
2026-09-29 16:43:10,586 INFO asdec.enrichers.lexical.worker: [Batch 207] Fetched a batch of 10000 domains.
2026-09-29 16:43:10,830 INFO asdec.enrichers.lexical.worker: [Batch 207] 0/10000 domains enriched succesfully. 10000 errors.
2026-09-29 16:43:13,401 INFO asdec.enrichers.lexical.worker: [Batch 208] Fetched a batch of 10000 domains.
2026-09-29 16:43:13,615 INFO asdec.enrichers.lexical.worker: [Batch 208] 0/10000 domains enriched succesfully. 10000 errors.
2026-09-29 16:43:15,974 INFO asdec.enrichers.lexical.worker: [Batch 209] Fetched a batch of 10000 domains.
2026-09-29 16:43:16,140 INFO asdec.enrichers.lexical.worker: [Batch 209] 0/10000 domains enriched succesfully. 10000 errors.
2026-09-29 16:43:18,598 INFO asdec.enrichers.lexical.worker: [Batch 210] Fetched a batch of 10000 domains.
2026-09-29 16:43:18,967 INFO asdec.enrichers.lexical.worker: [Batch 210] 0/10000 domains enriched succesfully. 10000 errors.
2026-09-29 16:43:21,374 INFO asdec.enrichers.lexical.worker: [Batch 211] Fetched a batch of 10000 domains.
2026-09-29 16:43:21,671 INFO asdec.enrichers.lexical.worker: [Batch 211] 0/10000 domains enriched succesfully. 10000 errors.
2026-09-29 16:43:24,199 INFO asdec.enrichers.lexical.worker: [Batch 212] Fetched a batch of 10000 domains.
2026-09-29 16:43:24,398 INFO asdec.enrichers.lexical.worker: [Batch 212] 0/10000 domains enriched succesfully. 10000 errors.
2026-09-29 16:43:26,733 INFO asdec.enrichers.lexical.worker: [Batch 213] Fetched a batch of 10000 domains.
2026-09-29 16:43:26,903 INFO asdec.enrichers.lexical.worker: [Batch 213] 0/10000 domains enriched succesfully. 10000 errors.
2026-09-29 16:43:29,163 INFO asdec.enrichers.lexical.worker: [Batch 214] Fetched a batch of 10000 domains.
2026-09-29 16:43:29,322 INFO asdec.enrichers.lexical.worker: [Batch 214] 0/10000 domains enriched succesfully. 10000 errors.
2026-09-29 16:43:31,566 INFO asdec.enrichers.lexical.worker: [Batch 215] Fetched a batch of 10000 domains.
2026-09-29 16:43:31,970 INFO asdec.enrichers.lexical.worker: [Batch 215] 0/10000 domains enriched succesfully. 10000 errors.
2026-09-29 16:43:34,370 INFO asdec.enrichers.lexical.worker: [Batch 216] Fetched a batch of 10000 domains.
2026-09-29 16:43:34,642 INFO asdec.enrichers.lexical.worker: [Batch 216] 0/10000 domains enriched succesfully. 10000 errors.
2026-09-29 16:43:37,090 INFO asdec.enrichers.lexical.worker: [Batch 217] Fetched a batch of 10000 domains.
2026-09-29 16:43:37,307 INFO asdec.enrichers.lexical.worker: [Batch 217] 0/10000 domains enriched succesfully. 10000 errors.
2026-09-29 16:43:39,864 INFO asdec.enrichers.lexical.worker: [Batch 218] Fetched a batch of 10000 domains.
2026-09-29 16:43:40,023 INFO asdec.enrichers.lexical.worker: [Batch 218] 0/10000 domains enriched succesfully. 10000 errors.
2026-09-29 16:43:42,544 INFO asdec.enrichers.lexical.worker: [Batch 219] Fetched a batch of 10000 domains.
2026-09-29 16:43:42,695 INFO asdec.enrichers.lexical.worker: [Batch 219] 0/10000 domains enriched succesfully. 10000 errors.
2026-09-29 16:43:45,005 INFO asdec.enrichers.lexical.worker: [Batch 220] Fetched a batch of 10000 domains.
2026-09-29 16:43:45,268 INFO asdec.enrichers.lexical.worker: [Batch 220] 0/10000 domains enriched succesfully. 10000 errors.
2026-09-29 16:43:47,531 INFO asdec.enrichers.lexical.worker: [Batch 221] Fetched a batch of 10000 domains.
2026-09-29 16:43:47,808 INFO asdec.enrichers.lexical.worker: [Batch 221] 0/10000 domains enriched succesfully. 10000 errors.
2026-09-29 16:43:50,582 INFO asdec.enrichers.lexical.worker: [Batch 222] Fetched a batch of 10000 domains.
2026-09-29 16:43:50,919 INFO asdec.enrichers.lexical.worker: [Batch 222] 0/10000 domains enriched succesfully. 10000 errors.
2026-09-29 16:43:53,665 INFO asdec.enrichers.lexical.worker: [Batch 223] Fetched a batch of 10000 domains.
2026-09-29 16:43:53,833 INFO asdec.enrichers.lexical.worker: [Batch 223] 0/10000 domains enriched succesfully. 10000 errors.
2026-09-29 16:43:56,461 INFO asdec.enrichers.lexical.worker: [Batch 224] Fetched a batch of 10000 domains.
2026-09-29 16:43:56,621 INFO asdec.enrichers.lexical.worker: [Batch 224] 0/10000 domains enriched succesfully. 10000 errors.
2026-09-29 16:43:58,810 INFO asdec.enrichers.lexical.worker: [Batch 225] Fetched a batch of 10000 domains.
2026-09-29 16:43:59,077 INFO asdec.enrichers.lexical.worker: [Batch 225] 0/10000 domains enriched succesfully. 10000 errors.
2026-09-29 16:44:01,001 INFO asdec.enrichers.lexical.worker: [Batch 226] Fetched a batch of 10000 domains.
2026-09-29 16:44:01,260 INFO asdec.enrichers.lexical.worker: [Batch 226] 0/10000 domains enriched succesfully. 10000 errors.
2026-09-29 16:44:03,352 INFO asdec.enrichers.lexical.worker: [Batch 227] Fetched a batch of 10000 domains.
2026-09-29 16:44:03,632 INFO asdec.enrichers.lexical.worker: [Batch 227] 0/10000 domains enriched succesfully. 10000 errors.
2026-09-29 16:44:05,683 INFO asdec.enrichers.lexical.worker: [Batch 228] Fetched a batch of 10000 domains.
2026-09-29 16:44:05,845 INFO asdec.enrichers.lexical.worker: [Batch 228] 0/10000 domains enriched succesfully. 10000 errors.
2026-09-29 16:44:07,936 INFO asdec.enrichers.lexical.worker: [Batch 229] Fetched a batch of 10000 domains.
2026-09-29 16:44:08,096 INFO asdec.enrichers.lexical.worker: [Batch 229] 0/10000 domains enriched succesfully. 10000 errors.
2026-09-29 16:44:10,253 INFO asdec.enrichers.lexical.worker: [Batch 230] Fetched a batch of 10000 domains.
2026-09-29 16:44:10,513 INFO asdec.enrichers.lexical.worker: [Batch 230] 0/10000 domains enriched succesfully. 10000 errors.
2026-09-29 16:44:12,348 INFO asdec.enrichers.lexical.worker: [Batch 231] Fetched a batch of 10000 domains.
2026-09-29 16:44:12,628 INFO asdec.enrichers.lexical.worker: [Batch 231] 0/10000 domains enriched succesfully. 10000 errors.
2026-09-29 16:44:14,672 INFO asdec.enrichers.lexical.worker: [Batch 232] Fetched a batch of 10000 domains.
2026-09-29 16:44:14,861 INFO asdec.enrichers.lexical.worker: [Batch 232] 0/10000 domains enriched succesfully. 10000 errors.
2026-09-29 16:44:16,874 INFO asdec.enrichers.lexical.worker: [Batch 233] Fetched a batch of 10000 domains.
2026-09-29 16:44:17,026 INFO asdec.enrichers.lexical.worker: [Batch 233] 0/10000 domains enriched succesfully. 10000 errors.
2026-09-29 16:44:19,285 INFO asdec.enrichers.lexical.worker: [Batch 234] Fetched a batch of 10000 domains.
2026-09-29 16:44:19,748 INFO asdec.enrichers.lexical.worker: [Batch 234] 0/10000 domains enriched succesfully. 10000 errors.
2026-09-29 16:44:22,356 INFO asdec.enrichers.lexical.worker: [Batch 235] Fetched a batch of 10000 domains.
2026-09-29 16:44:22,768 INFO asdec.enrichers.lexical.worker: [Batch 235] 0/10000 domains enriched succesfully. 10000 errors.
2026-09-29 16:44:25,032 INFO asdec.enrichers.lexical.worker: [Batch 236] Fetched a batch of 10000 domains.
2026-09-29 16:44:25,412 INFO asdec.enrichers.lexical.worker: [Batch 236] 0/10000 domains enriched succesfully. 10000 errors.
2026-09-29 16:44:27,492 INFO asdec.enrichers.lexical.worker: [Batch 237] Fetched a batch of 10000 domains.
2026-09-29 16:44:27,647 INFO asdec.enrichers.lexical.worker: [Batch 237] 0/10000 domains enriched succesfully. 10000 errors.
2026-09-29 16:44:29,759 INFO asdec.enrichers.lexical.worker: [Batch 238] Fetched a batch of 10000 domains.
2026-09-29 16:44:29,910 INFO asdec.enrichers.lexical.worker: [Batch 238] 0/10000 domains enriched succesfully. 10000 errors.
2026-09-29 16:44:31,946 INFO asdec.enrichers.lexical.worker: [Batch 239] Fetched a batch of 10000 domains.
2026-09-29 16:44:32,110 INFO asdec.enrichers.lexical.worker: [Batch 239] 0/10000 domains enriched succesfully. 10000 errors.
2026-09-29 16:44:34,191 INFO asdec.enrichers.lexical.worker: [Batch 240] Fetched a batch of 10000 domains.
2026-09-29 16:44:34,449 INFO asdec.enrichers.lexical.worker: [Batch 240] 0/10000 domains enriched succesfully. 10000 errors.
2026-09-29 16:44:36,397 INFO asdec.enrichers.lexical.worker: [Batch 241] Fetched a batch of 10000 domains.
2026-09-29 16:44:36,724 INFO asdec.enrichers.lexical.worker: [Batch 241] 0/10000 domains enriched succesfully. 10000 errors.
2026-09-29 16:44:39,015 INFO asdec.enrichers.lexical.worker: [Batch 242] Fetched a batch of 10000 domains.
2026-09-29 16:44:39,182 INFO asdec.enrichers.lexical.worker: [Batch 242] 0/10000 domains enriched succesfully. 10000 errors.
2026-09-29 16:44:41,250 INFO asdec.enrichers.lexical.worker: [Batch 243] Fetched a batch of 10000 domains.
2026-09-29 16:44:41,409 INFO asdec.enrichers.lexical.worker: [Batch 243] 0/10000 domains enriched succesfully. 10000 errors.
2026-09-29 16:44:43,554 INFO asdec.enrichers.lexical.worker: [Batch 244] Fetched a batch of 10000 domains.
2026-09-29 16:44:43,708 INFO asdec.enrichers.lexical.worker: [Batch 244] 0/10000 domains enriched succesfully. 10000 errors.
2026-09-29 16:44:45,850 INFO asdec.enrichers.lexical.worker: [Batch 245] Fetched a batch of 10000 domains.
2026-09-29 16:44:46,112 INFO asdec.enrichers.lexical.worker: [Batch 245] 0/10000 domains enriched succesfully. 10000 errors.
2026-09-29 16:44:48,118 INFO asdec.enrichers.lexical.worker: [Batch 246] Fetched a batch of 10000 domains.
2026-09-29 16:44:48,377 INFO asdec.enrichers.lexical.worker: [Batch 246] 0/10000 domains enriched succesfully. 10000 errors.
2026-09-29 16:44:50,618 INFO asdec.enrichers.lexical.worker: [Batch 247] Fetched a batch of 10000 domains.
2026-09-29 16:44:50,775 INFO asdec.enrichers.lexical.worker: [Batch 247] 0/10000 domains enriched succesfully. 10000 errors.
2026-09-29 16:44:52,864 INFO asdec.enrichers.lexical.worker: [Batch 248] Fetched a batch of 10000 domains.
2026-09-29 16:44:53,021 INFO asdec.enrichers.lexical.worker: [Batch 248] 0/10000 domains enriched succesfully. 10000 errors.
2026-09-29 16:44:55,165 INFO asdec.enrichers.lexical.worker: [Batch 249] Fetched a batch of 10000 domains.
2026-09-29 16:44:55,321 INFO asdec.enrichers.lexical.worker: [Batch 249] 0/10000 domains enriched succesfully. 10000 errors.
2026-09-29 16:44:57,406 INFO asdec.enrichers.lexical.worker: [Batch 250] Fetched a batch of 10000 domains.
2026-09-29 16:44:57,675 INFO asdec.enrichers.lexical.worker: [Batch 250] 0/10000 domains enriched succesfully. 10000 errors.
2026-09-29 16:44:59,734 INFO asdec.enrichers.lexical.worker: [Batch 251] Fetched a batch of 10000 domains.
2026-09-29 16:45:00,007 INFO asdec.enrichers.lexical.worker: [Batch 251] 0/10000 domains enriched succesfully. 10000 errors.
2026-09-29 16:45:02,156 INFO asdec.enrichers.lexical.worker: [Batch 252] Fetched a batch of 10000 domains.
2026-09-29 16:45:02,312 INFO asdec.enrichers.lexical.worker: [Batch 252] 0/10000 domains enriched succesfully. 10000 errors.
2026-09-29 16:45:04,466 INFO asdec.enrichers.lexical.worker: [Batch 253] Fetched a batch of 10000 domains.
2026-09-29 16:45:04,626 INFO asdec.enrichers.lexical.worker: [Batch 253] 0/10000 domains enriched succesfully. 10000 errors.
2026-09-29 16:45:06,832 INFO asdec.enrichers.lexical.worker: [Batch 254] Fetched a batch of 10000 domains.
2026-09-29 16:45:06,991 INFO asdec.enrichers.lexical.worker: [Batch 254] 0/10000 domains enriched succesfully. 10000 errors.
2026-09-29 16:45:09,144 INFO asdec.enrichers.lexical.worker: [Batch 255] Fetched a batch of 10000 domains.
2026-09-29 16:45:09,439 INFO asdec.enrichers.lexical.worker: [Batch 255] 0/10000 domains enriched succesfully. 10000 errors.
2026-09-29 16:45:11,565 INFO asdec.enrichers.lexical.worker: [Batch 256] Fetched a batch of 10000 domains.
2026-09-29 16:45:11,825 INFO asdec.enrichers.lexical.worker: [Batch 256] 0/10000 domains enriched succesfully. 10000 errors.
2026-09-29 16:45:14,012 INFO asdec.enrichers.lexical.worker: [Batch 257] Fetched a batch of 10000 domains.
2026-09-29 16:45:14,169 INFO asdec.enrichers.lexical.worker: [Batch 257] 0/10000 domains enriched succesfully. 10000 errors.
2026-09-29 16:45:16,370 INFO asdec.enrichers.lexical.worker: [Batch 258] Fetched a batch of 10000 domains.
2026-09-29 16:45:16,529 INFO asdec.enrichers.lexical.worker: [Batch 258] 0/10000 domains enriched succesfully. 10000 errors.
2026-09-29 16:45:18,776 INFO asdec.enrichers.lexical.worker: [Batch 259] Fetched a batch of 10000 domains.
2026-09-29 16:45:18,937 INFO asdec.enrichers.lexical.worker: [Batch 259] 0/10000 domains enriched succesfully. 10000 errors.
2026-09-29 16:45:21,135 INFO asdec.enrichers.lexical.worker: [Batch 260] Fetched a batch of 10000 domains.
2026-09-29 16:45:21,404 INFO asdec.enrichers.lexical.worker: [Batch 260] 0/10000 domains enriched succesfully. 10000 errors.
2026-09-29 16:45:23,542 INFO asdec.enrichers.lexical.worker: [Batch 261] Fetched a batch of 10000 domains.
2026-09-29 16:45:23,810 INFO asdec.enrichers.lexical.worker: [Batch 261] 0/10000 domains enriched succesfully. 10000 errors.
2026-09-29 16:45:26,023 INFO asdec.enrichers.lexical.worker: [Batch 262] Fetched a batch of 10000 domains.
2026-09-29 16:45:26,185 INFO asdec.enrichers.lexical.worker: [Batch 262] 0/10000 domains enriched succesfully. 10000 errors.
2026-09-29 16:45:28,415 INFO asdec.enrichers.lexical.worker: [Batch 263] Fetched a batch of 10000 domains.
2026-09-29 16:45:28,576 INFO asdec.enrichers.lexical.worker: [Batch 263] 0/10000 domains enriched succesfully. 10000 errors.
2026-09-29 16:45:30,940 INFO asdec.enrichers.lexical.worker: [Batch 264] Fetched a batch of 10000 domains.
2026-09-29 16:45:31,097 INFO asdec.enrichers.lexical.worker: [Batch 264] 0/10000 domains enriched succesfully. 10000 errors.
2026-09-29 16:45:33,325 INFO asdec.enrichers.lexical.worker: [Batch 265] Fetched a batch of 10000 domains.
2026-09-29 16:45:33,590 INFO asdec.enrichers.lexical.worker: [Batch 265] 0/10000 domains enriched succesfully. 10000 errors.
2026-09-29 16:45:35,759 INFO asdec.enrichers.lexical.worker: [Batch 266] Fetched a batch of 10000 domains.
2026-09-29 16:45:36,015 INFO asdec.enrichers.lexical.worker: [Batch 266] 0/10000 domains enriched succesfully. 10000 errors.
2026-09-29 16:45:38,263 INFO asdec.enrichers.lexical.worker: [Batch 267] Fetched a batch of 10000 domains.
2026-09-29 16:45:38,424 INFO asdec.enrichers.lexical.worker: [Batch 267] 0/10000 domains enriched succesfully. 10000 errors.
2026-09-29 16:45:40,691 INFO asdec.enrichers.lexical.worker: [Batch 268] Fetched a batch of 10000 domains.
2026-09-29 16:45:40,850 INFO asdec.enrichers.lexical.worker: [Batch 268] 0/10000 domains enriched succesfully. 10000 errors.
2026-09-29 16:45:43,109 INFO asdec.enrichers.lexical.worker: [Batch 269] Fetched a batch of 10000 domains.
2026-09-29 16:45:43,267 INFO asdec.enrichers.lexical.worker: [Batch 269] 0/10000 domains enriched succesfully. 10000 errors.
2026-09-29 16:45:45,544 INFO asdec.enrichers.lexical.worker: [Batch 270] Fetched a batch of 10000 domains.
2026-09-29 16:45:45,814 INFO asdec.enrichers.lexical.worker: [Batch 270] 0/10000 domains enriched succesfully. 10000 errors.
2026-09-29 16:45:48,172 INFO asdec.enrichers.lexical.worker: [Batch 271] Fetched a batch of 10000 domains.
2026-09-29 16:45:48,436 INFO asdec.enrichers.lexical.worker: [Batch 271] 0/10000 domains enriched succesfully. 10000 errors.
2026-09-29 16:45:50,798 INFO asdec.enrichers.lexical.worker: [Batch 272] Fetched a batch of 10000 domains.
2026-09-29 16:45:50,971 INFO asdec.enrichers.lexical.worker: [Batch 272] 0/10000 domains enriched succesfully. 10000 errors.
2026-09-29 16:45:53,298 INFO asdec.enrichers.lexical.worker: [Batch 273] Fetched a batch of 10000 domains.
2026-09-29 16:45:53,454 INFO asdec.enrichers.lexical.worker: [Batch 273] 0/10000 domains enriched succesfully. 10000 errors.
2026-09-29 16:45:55,755 INFO asdec.enrichers.lexical.worker: [Batch 274] Fetched a batch of 10000 domains.
2026-09-29 16:45:55,918 INFO asdec.enrichers.lexical.worker: [Batch 274] 0/10000 domains enriched succesfully. 10000 errors.
2026-09-29 16:45:58,251 INFO asdec.enrichers.lexical.worker: [Batch 275] Fetched a batch of 10000 domains.
2026-09-29 16:45:58,539 INFO asdec.enrichers.lexical.worker: [Batch 275] 0/10000 domains enriched succesfully. 10000 errors.
2026-09-29 16:46:00,995 INFO asdec.enrichers.lexical.worker: [Batch 276] Fetched a batch of 10000 domains.
2026-09-29 16:46:01,405 INFO asdec.enrichers.lexical.worker: [Batch 276] 0/10000 domains enriched succesfully. 10000 errors.
2026-09-29 16:46:04,137 INFO asdec.enrichers.lexical.worker: [Batch 277] Fetched a batch of 10000 domains.
2026-09-29 16:46:04,390 INFO asdec.enrichers.lexical.worker: [Batch 277] 0/10000 domains enriched succesfully. 10000 errors.
2026-09-29 16:46:07,059 INFO asdec.enrichers.lexical.worker: [Batch 278] Fetched a batch of 10000 domains.
2026-09-29 16:46:07,232 INFO asdec.enrichers.lexical.worker: [Batch 278] 0/10000 domains enriched succesfully. 10000 errors.
2026-09-29 16:46:10,316 INFO asdec.enrichers.lexical.worker: [Batch 279] Fetched a batch of 10000 domains.
2026-09-29 16:46:10,504 INFO asdec.enrichers.lexical.worker: [Batch 279] 0/10000 domains enriched succesfully. 10000 errors.
2026-09-29 16:46:13,557 INFO asdec.enrichers.lexical.worker: [Batch 280] Fetched a batch of 10000 domains.
2026-09-29 16:46:13,828 INFO asdec.enrichers.lexical.worker: [Batch 280] 0/10000 domains enriched succesfully. 10000 errors.
2026-09-29 16:46:16,666 INFO asdec.enrichers.lexical.worker: [Batch 281] Fetched a batch of 10000 domains.
2026-09-29 16:46:16,938 INFO asdec.enrichers.lexical.worker: [Batch 281] 0/10000 domains enriched succesfully. 10000 errors.
2026-09-29 16:46:20,567 INFO asdec.enrichers.lexical.worker: [Batch 282] Fetched a batch of 10000 domains.
2026-09-29 16:46:20,878 INFO asdec.enrichers.lexical.worker: [Batch 282] 0/10000 domains enriched succesfully. 10000 errors.
2026-09-29 16:46:24,122 INFO asdec.enrichers.lexical.worker: [Batch 283] Fetched a batch of 10000 domains.
2026-09-29 16:46:24,278 INFO asdec.enrichers.lexical.worker: [Batch 283] 0/10000 domains enriched succesfully. 10000 errors.
2026-09-29 16:46:27,392 INFO asdec.enrichers.lexical.worker: [Batch 284] Fetched a batch of 10000 domains.
2026-09-29 16:46:27,556 INFO asdec.enrichers.lexical.worker: [Batch 284] 0/10000 domains enriched succesfully. 10000 errors.
2026-09-29 16:46:30,376 INFO asdec.enrichers.lexical.worker: [Batch 285] Fetched a batch of 10000 domains.
2026-09-29 16:46:30,650 INFO asdec.enrichers.lexical.worker: [Batch 285] 0/10000 domains enriched succesfully. 10000 errors.
2026-09-29 16:46:33,909 INFO asdec.enrichers.lexical.worker: [Batch 286] Fetched a batch of 10000 domains.
2026-09-29 16:46:34,170 INFO asdec.enrichers.lexical.worker: [Batch 286] 0/10000 domains enriched succesfully. 10000 errors.
2026-09-29 16:46:37,107 INFO asdec.enrichers.lexical.worker: [Batch 287] Fetched a batch of 10000 domains.
2026-09-29 16:46:37,264 INFO asdec.enrichers.lexical.worker: [Batch 287] 0/10000 domains enriched succesfully. 10000 errors.
2026-09-29 16:46:40,108 INFO asdec.enrichers.lexical.worker: [Batch 288] Fetched a batch of 10000 domains.
2026-09-29 16:46:40,265 INFO asdec.enrichers.lexical.worker: [Batch 288] 0/10000 domains enriched succesfully. 10000 errors.
2026-09-29 16:46:44,525 INFO asdec.enrichers.lexical.worker: [Batch 289] Fetched a batch of 10000 domains.
2026-09-29 16:46:44,684 INFO asdec.enrichers.lexical.worker: [Batch 289] 0/10000 domains enriched succesfully. 10000 errors.
2026-09-29 16:46:48,208 INFO asdec.enrichers.lexical.worker: [Batch 290] Fetched a batch of 10000 domains.
2026-09-29 16:46:48,513 INFO asdec.enrichers.lexical.worker: [Batch 290] 0/10000 domains enriched succesfully. 10000 errors.
2026-09-29 16:46:52,093 INFO asdec.enrichers.lexical.worker: [Batch 291] Fetched a batch of 10000 domains.
2026-09-29 16:46:52,395 INFO asdec.enrichers.lexical.worker: [Batch 291] 0/10000 domains enriched succesfully. 10000 errors.
2026-09-29 16:46:56,184 INFO asdec.enrichers.lexical.worker: [Batch 292] Fetched a batch of 10000 domains.
2026-09-29 16:46:56,469 INFO asdec.enrichers.lexical.worker: [Batch 292] 0/10000 domains enriched succesfully. 10000 errors.
2026-09-29 16:47:00,919 INFO asdec.enrichers.lexical.worker: [Batch 293] Fetched a batch of 10000 domains.
2026-09-29 16:47:01,080 INFO asdec.enrichers.lexical.worker: [Batch 293] 0/10000 domains enriched succesfully. 10000 errors.
2026-09-29 16:47:05,015 INFO asdec.enrichers.lexical.worker: [Batch 294] Fetched a batch of 10000 domains.
2026-09-29 16:47:05,219 INFO asdec.enrichers.lexical.worker: [Batch 294] 0/10000 domains enriched succesfully. 10000 errors.
2026-09-29 16:47:08,616 INFO asdec.enrichers.lexical.worker: [Batch 295] Fetched a batch of 10000 domains.
2026-09-29 16:47:08,918 INFO asdec.enrichers.lexical.worker: [Batch 295] 0/10000 domains enriched succesfully. 10000 errors.
2026-09-29 16:47:13,206 INFO asdec.enrichers.lexical.worker: [Batch 296] Fetched a batch of 10000 domains.
2026-09-29 16:47:13,501 INFO asdec.enrichers.lexical.worker: [Batch 296] 0/10000 domains enriched succesfully. 10000 errors.
2026-09-29 16:47:19,546 INFO asdec.enrichers.lexical.worker: [Batch 297] Fetched a batch of 10000 domains.
2026-09-29 16:47:19,731 INFO asdec.enrichers.lexical.worker: [Batch 297] 0/10000 domains enriched succesfully. 10000 errors.
2026-09-29 16:47:27,814 INFO asdec.enrichers.lexical.worker: [Batch 298] Fetched a batch of 10000 domains.
2026-09-29 16:47:27,992 INFO asdec.enrichers.lexical.worker: [Batch 298] 0/10000 domains enriched succesfully. 10000 errors.
2026-09-29 16:47:37,933 INFO asdec.enrichers.lexical.worker: [Batch 299] Fetched a batch of 10000 domains.
2026-09-29 16:47:38,086 INFO asdec.enrichers.lexical.worker: [Batch 299] 0/10000 domains enriched succesfully. 10000 errors.
2026-09-29 16:47:43,358 INFO asdec.enrichers.lexical.worker: [Batch 300] Fetched a batch of 10000 domains.
2026-09-29 16:47:43,788 INFO asdec.enrichers.lexical.worker: [Batch 300] 0/10000 domains enriched succesfully. 10000 errors.
2026-09-29 16:47:47,528 INFO asdec.enrichers.lexical.worker: [Batch 301] Fetched a batch of 10000 domains.
2026-09-29 16:47:47,804 INFO asdec.enrichers.lexical.worker: [Batch 301] 0/10000 domains enriched succesfully. 10000 errors.
2026-09-29 16:47:51,002 INFO asdec.enrichers.lexical.worker: [Batch 302] Fetched a batch of 10000 domains.
2026-09-29 16:47:51,245 INFO asdec.enrichers.lexical.worker: [Batch 302] 0/10000 domains enriched succesfully. 10000 errors.
2026-09-29 16:47:55,139 INFO asdec.enrichers.lexical.worker: [Batch 303] Fetched a batch of 10000 domains.
2026-09-29 16:47:55,310 INFO asdec.enrichers.lexical.worker: [Batch 303] 0/10000 domains enriched succesfully. 10000 errors.
2026-09-29 16:48:00,193 INFO asdec.enrichers.lexical.worker: [Batch 304] Fetched a batch of 10000 domains.
2026-09-29 16:48:00,391 INFO asdec.enrichers.lexical.worker: [Batch 304] 0/10000 domains enriched succesfully. 10000 errors.
2026-09-29 16:48:05,781 INFO asdec.enrichers.lexical.worker: [Batch 305] Fetched a batch of 10000 domains.
2026-09-29 16:48:06,109 INFO asdec.enrichers.lexical.worker: [Batch 305] 0/10000 domains enriched succesfully. 10000 errors.
2026-09-29 16:48:12,506 INFO asdec.enrichers.lexical.worker: [Batch 306] Fetched a batch of 10000 domains.
2026-09-29 16:48:12,791 INFO asdec.enrichers.lexical.worker: [Batch 306] 0/10000 domains enriched succesfully. 10000 errors.
2026-09-29 16:48:17,794 INFO asdec.enrichers.lexical.worker: [Batch 307] Fetched a batch of 10000 domains.
2026-09-29 16:48:17,992 INFO asdec.enrichers.lexical.worker: [Batch 307] 0/10000 domains enriched succesfully. 10000 errors.
2026-09-29 16:48:30,318 INFO asdec.enrichers.lexical.worker: [Batch 308] Fetched a batch of 10000 domains.
2026-09-29 16:48:30,642 INFO asdec.enrichers.lexical.worker: [Batch 308] 0/10000 domains enriched succesfully. 10000 errors.
2026-09-29 16:48:35,995 INFO asdec.enrichers.lexical.worker: [Batch 309] Fetched a batch of 10000 domains.
2026-09-29 16:48:36,169 INFO asdec.enrichers.lexical.worker: [Batch 309] 0/10000 domains enriched succesfully. 10000 errors.
2026-09-29 16:48:39,710 INFO asdec.enrichers.lexical.worker: [Batch 310] Fetched a batch of 10000 domains.
2026-09-29 16:48:40,018 INFO asdec.enrichers.lexical.worker: [Batch 310] 0/10000 domains enriched succesfully. 10000 errors.
2026-09-29 16:48:44,109 INFO asdec.enrichers.lexical.worker: [Batch 311] Fetched a batch of 10000 domains.
2026-09-29 16:48:44,364 INFO asdec.enrichers.lexical.worker: [Batch 311] 0/10000 domains enriched succesfully. 10000 errors.
2026-09-29 16:48:48,194 INFO asdec.enrichers.lexical.worker: [Batch 312] Fetched a batch of 10000 domains.
2026-09-29 16:48:48,381 INFO asdec.enrichers.lexical.worker: [Batch 312] 0/10000 domains enriched succesfully. 10000 errors.
2026-09-29 16:48:53,672 INFO asdec.enrichers.lexical.worker: [Batch 313] Fetched a batch of 10000 domains.
2026-09-29 16:48:53,866 INFO asdec.enrichers.lexical.worker: [Batch 313] 0/10000 domains enriched succesfully. 10000 errors.
2026-09-29 16:48:59,707 INFO asdec.enrichers.lexical.worker: [Batch 314] Fetched a batch of 10000 domains.
2026-09-29 16:48:59,875 INFO asdec.enrichers.lexical.worker: [Batch 314] 0/10000 domains enriched succesfully. 10000 errors.
2026-09-29 16:49:03,415 INFO asdec.enrichers.lexical.worker: [Batch 315] Fetched a batch of 10000 domains.
2026-09-29 16:49:03,685 INFO asdec.enrichers.lexical.worker: [Batch 315] 0/10000 domains enriched succesfully. 10000 errors.
2026-09-29 16:49:07,298 INFO asdec.enrichers.lexical.worker: [Batch 316] Fetched a batch of 10000 domains.
2026-09-29 16:49:07,561 INFO asdec.enrichers.lexical.worker: [Batch 316] 0/10000 domains enriched succesfully. 10000 errors.
2026-09-29 16:49:11,861 INFO asdec.enrichers.lexical.worker: [Batch 317] Fetched a batch of 10000 domains.
2026-09-29 16:49:12,064 INFO asdec.enrichers.lexical.worker: [Batch 317] 0/10000 domains enriched succesfully. 10000 errors.
2026-09-29 16:49:17,477 INFO asdec.enrichers.lexical.worker: [Batch 318] Fetched a batch of 10000 domains.
2026-09-29 16:49:17,663 INFO asdec.enrichers.lexical.worker: [Batch 318] 0/10000 domains enriched succesfully. 10000 errors.
2026-09-29 16:49:21,474 INFO asdec.enrichers.lexical.worker: [Batch 319] Fetched a batch of 10000 domains.
2026-09-29 16:49:21,656 INFO asdec.enrichers.lexical.worker: [Batch 319] 0/10000 domains enriched succesfully. 10000 errors.
2026-09-29 16:49:25,977 INFO asdec.enrichers.lexical.worker: [Batch 320] Fetched a batch of 10000 domains.
2026-09-29 16:49:26,256 INFO asdec.enrichers.lexical.worker: [Batch 320] 0/10000 domains enriched succesfully. 10000 errors.
2026-09-29 16:49:29,755 INFO asdec.enrichers.lexical.worker: [Batch 321] Fetched a batch of 10000 domains.
2026-09-29 16:49:30,008 INFO asdec.enrichers.lexical.worker: [Batch 321] 0/10000 domains enriched succesfully. 10000 errors.
2026-09-29 16:49:33,197 INFO asdec.enrichers.lexical.worker: [Batch 322] Fetched a batch of 10000 domains.
2026-09-29 16:49:33,439 INFO asdec.enrichers.lexical.worker: [Batch 322] 0/10000 domains enriched succesfully. 10000 errors.
2026-09-29 16:49:38,016 INFO asdec.enrichers.lexical.worker: [Batch 323] Fetched a batch of 10000 domains.
2026-09-29 16:49:38,231 INFO asdec.enrichers.lexical.worker: [Batch 323] 0/10000 domains enriched succesfully. 10000 errors.
2026-09-29 16:49:46,560 INFO asdec.enrichers.lexical.worker: [Batch 324] Fetched a batch of 10000 domains.
2026-09-29 16:49:46,723 INFO asdec.enrichers.lexical.worker: [Batch 324] 0/10000 domains enriched succesfully. 10000 errors.
2026-09-29 16:49:50,927 INFO asdec.enrichers.lexical.worker: [Batch 325] Fetched a batch of 10000 domains.
2026-09-29 16:49:51,248 INFO asdec.enrichers.lexical.worker: [Batch 325] 0/10000 domains enriched succesfully. 10000 errors.
2026-09-29 16:49:55,236 INFO asdec.enrichers.lexical.worker: [Batch 326] Fetched a batch of 10000 domains.
2026-09-29 16:49:55,496 INFO asdec.enrichers.lexical.worker: [Batch 326] 0/10000 domains enriched succesfully. 10000 errors.
2026-09-29 16:49:59,463 INFO asdec.enrichers.lexical.worker: [Batch 327] Fetched a batch of 10000 domains.
2026-09-29 16:49:59,707 INFO asdec.enrichers.lexical.worker: [Batch 327] 0/10000 domains enriched succesfully. 10000 errors.
2026-09-29 16:50:04,459 INFO asdec.enrichers.lexical.worker: [Batch 328] Fetched a batch of 10000 domains.
2026-09-29 16:50:04,611 INFO asdec.enrichers.lexical.worker: [Batch 328] 0/10000 domains enriched succesfully. 10000 errors.
2026-09-29 16:50:08,699 INFO asdec.enrichers.lexical.worker: [Batch 329] Fetched a batch of 10000 domains.
2026-09-29 16:50:08,855 INFO asdec.enrichers.lexical.worker: [Batch 329] 0/10000 domains enriched succesfully. 10000 errors.
2026-09-29 16:50:15,192 INFO asdec.enrichers.lexical.worker: [Batch 330] Fetched a batch of 10000 domains.
2026-09-29 16:50:15,487 INFO asdec.enrichers.lexical.worker: [Batch 330] 0/10000 domains enriched succesfully. 10000 errors.
2026-09-29 16:50:20,623 INFO asdec.enrichers.lexical.worker: [Batch 331] Fetched a batch of 10000 domains.
2026-09-29 16:50:20,927 INFO asdec.enrichers.lexical.worker: [Batch 331] 0/10000 domains enriched succesfully. 10000 errors.
2026-09-29 16:50:25,827 INFO asdec.enrichers.lexical.worker: [Batch 332] Fetched a batch of 10000 domains.
2026-09-29 16:50:26,047 INFO asdec.enrichers.lexical.worker: [Batch 332] 0/10000 domains enriched succesfully. 10000 errors.
2026-09-29 16:50:30,381 INFO asdec.enrichers.lexical.worker: [Batch 333] Fetched a batch of 10000 domains.
2026-09-29 16:50:30,547 INFO asdec.enrichers.lexical.worker: [Batch 333] 0/10000 domains enriched succesfully. 10000 errors.
2026-09-29 16:50:36,891 INFO asdec.enrichers.lexical.worker: [Batch 334] Fetched a batch of 10000 domains.
2026-09-29 16:50:37,048 INFO asdec.enrichers.lexical.worker: [Batch 334] 0/10000 domains enriched succesfully. 10000 errors.
2026-09-29 16:50:45,540 INFO asdec.enrichers.lexical.worker: [Batch 335] Fetched a batch of 10000 domains.
2026-09-29 16:50:45,856 INFO asdec.enrichers.lexical.worker: [Batch 335] 0/10000 domains enriched succesfully. 10000 errors.
2026-09-29 16:50:49,811 INFO asdec.enrichers.lexical.worker: [Batch 336] Fetched a batch of 10000 domains.
2026-09-29 16:50:50,133 INFO asdec.enrichers.lexical.worker: [Batch 336] 0/10000 domains enriched succesfully. 10000 errors.
2026-09-29 16:50:54,422 INFO asdec.enrichers.lexical.worker: [Batch 337] Fetched a batch of 10000 domains.
2026-09-29 16:50:54,575 INFO asdec.enrichers.lexical.worker: [Batch 337] 0/10000 domains enriched succesfully. 10000 errors.
2026-09-29 16:50:58,412 INFO asdec.enrichers.lexical.worker: [Batch 338] Fetched a batch of 10000 domains.
2026-09-29 16:50:58,578 INFO asdec.enrichers.lexical.worker: [Batch 338] 0/10000 domains enriched succesfully. 10000 errors.
2026-09-29 16:51:03,249 INFO asdec.enrichers.lexical.worker: [Batch 339] Fetched a batch of 10000 domains.
2026-09-29 16:51:03,417 INFO asdec.enrichers.lexical.worker: [Batch 339] 0/10000 domains enriched succesfully. 10000 errors.
2026-09-29 16:51:07,840 INFO asdec.enrichers.lexical.worker: [Batch 340] Fetched a batch of 10000 domains.
2026-09-29 16:51:08,112 INFO asdec.enrichers.lexical.worker: [Batch 340] 0/10000 domains enriched succesfully. 10000 errors.
2026-09-29 16:51:11,809 INFO asdec.enrichers.lexical.worker: [Batch 341] Fetched a batch of 10000 domains.
2026-09-29 16:51:12,065 INFO asdec.enrichers.lexical.worker: [Batch 341] 0/10000 domains enriched succesfully. 10000 errors.
2026-09-29 16:51:21,319 INFO asdec.enrichers.lexical.worker: [Batch 342] Fetched a batch of 10000 domains.
2026-09-29 16:51:21,477 INFO asdec.enrichers.lexical.worker: [Batch 342] 0/10000 domains enriched succesfully. 10000 errors.
2026-09-29 16:51:25,518 INFO asdec.enrichers.lexical.worker: [Batch 343] Fetched a batch of 10000 domains.
2026-09-29 16:51:25,674 INFO asdec.enrichers.lexical.worker: [Batch 343] 0/10000 domains enriched succesfully. 10000 errors.
2026-09-29 16:51:30,464 INFO asdec.enrichers.lexical.worker: [Batch 344] Fetched a batch of 10000 domains.
2026-09-29 16:51:30,753 INFO asdec.enrichers.lexical.worker: [Batch 344] 0/10000 domains enriched succesfully. 10000 errors.
2026-09-29 16:51:36,388 INFO asdec.enrichers.lexical.worker: [Batch 345] Fetched a batch of 10000 domains.
2026-09-29 16:51:36,941 INFO asdec.enrichers.lexical.worker: [Batch 345] 0/10000 domains enriched succesfully. 10000 errors.
2026-09-29 16:51:40,888 INFO asdec.enrichers.lexical.worker: [Batch 346] Fetched a batch of 10000 domains.
2026-09-29 16:51:41,157 INFO asdec.enrichers.lexical.worker: [Batch 346] 0/10000 domains enriched succesfully. 10000 errors.
2026-09-29 16:51:44,690 INFO asdec.enrichers.lexical.worker: [Batch 347] Fetched a batch of 10000 domains.
2026-09-29 16:51:44,941 INFO asdec.enrichers.lexical.worker: [Batch 347] 0/10000 domains enriched succesfully. 10000 errors.
2026-09-29 16:51:48,564 INFO asdec.enrichers.lexical.worker: [Batch 348] Fetched a batch of 10000 domains.
2026-09-29 16:51:48,722 INFO asdec.enrichers.lexical.worker: [Batch 348] 0/10000 domains enriched succesfully. 10000 errors.
2026-09-29 16:51:52,265 INFO asdec.enrichers.lexical.worker: [Batch 349] Fetched a batch of 10000 domains.
2026-09-29 16:51:52,454 INFO asdec.enrichers.lexical.worker: [Batch 349] 0/10000 domains enriched succesfully. 10000 errors.
2026-09-29 16:51:56,158 INFO asdec.enrichers.lexical.worker: [Batch 350] Fetched a batch of 10000 domains.
2026-09-29 16:51:56,522 INFO asdec.enrichers.lexical.worker: [Batch 350] 0/10000 domains enriched succesfully. 10000 errors.
2026-09-29 16:52:00,625 INFO asdec.enrichers.lexical.worker: [Batch 351] Fetched a batch of 10000 domains.
2026-09-29 16:52:00,943 INFO asdec.enrichers.lexical.worker: [Batch 351] 0/10000 domains enriched succesfully. 10000 errors.
2026-09-29 16:52:04,891 INFO asdec.enrichers.lexical.worker: [Batch 352] Fetched a batch of 10000 domains.
2026-09-29 16:52:05,059 INFO asdec.enrichers.lexical.worker: [Batch 352] 0/10000 domains enriched succesfully. 10000 errors.
2026-09-29 16:52:08,756 INFO asdec.enrichers.lexical.worker: [Batch 353] Fetched a batch of 10000 domains.
2026-09-29 16:52:09,127 INFO asdec.enrichers.lexical.worker: [Batch 353] 0/10000 domains enriched succesfully. 10000 errors.
2026-09-29 16:52:13,833 INFO asdec.enrichers.lexical.worker: [Batch 354] Fetched a batch of 10000 domains.
2026-09-29 16:52:14,002 INFO asdec.enrichers.lexical.worker: [Batch 354] 0/10000 domains enriched succesfully. 10000 errors.
2026-09-29 16:52:19,891 INFO asdec.enrichers.lexical.worker: [Batch 355] Fetched a batch of 10000 domains.
2026-09-29 16:52:20,198 INFO asdec.enrichers.lexical.worker: [Batch 355] 0/10000 domains enriched succesfully. 10000 errors.
2026-09-29 16:52:26,355 INFO asdec.enrichers.lexical.worker: [Batch 356] Fetched a batch of 10000 domains.
2026-09-29 16:52:26,630 INFO asdec.enrichers.lexical.worker: [Batch 356] 0/10000 domains enriched succesfully. 10000 errors.
2026-09-29 16:52:30,534 INFO asdec.enrichers.lexical.worker: [Batch 357] Fetched a batch of 10000 domains.
2026-09-29 16:52:30,691 INFO asdec.enrichers.lexical.worker: [Batch 357] 0/10000 domains enriched succesfully. 10000 errors.
2026-09-29 16:52:34,860 INFO asdec.enrichers.lexical.worker: [Batch 358] Fetched a batch of 10000 domains.
2026-09-29 16:52:35,107 INFO asdec.enrichers.lexical.worker: [Batch 358] 0/10000 domains enriched succesfully. 10000 errors.
2026-09-29 16:52:39,477 INFO asdec.enrichers.lexical.worker: [Batch 359] Fetched a batch of 10000 domains.
2026-09-29 16:52:39,766 INFO asdec.enrichers.lexical.worker: [Batch 359] 0/10000 domains enriched succesfully. 10000 errors.
2026-09-29 16:52:43,672 INFO asdec.enrichers.lexical.worker: [Batch 360] Fetched a batch of 10000 domains.
2026-09-29 16:52:43,956 INFO asdec.enrichers.lexical.worker: [Batch 360] 0/10000 domains enriched succesfully. 10000 errors.
2026-09-29 16:52:47,880 INFO asdec.enrichers.lexical.worker: [Batch 361] Fetched a batch of 10000 domains.
2026-09-29 16:52:48,134 INFO asdec.enrichers.lexical.worker: [Batch 361] 0/10000 domains enriched succesfully. 10000 errors.
2026-09-29 16:52:52,650 INFO asdec.enrichers.lexical.worker: [Batch 362] Fetched a batch of 10000 domains.
2026-09-29 16:52:52,853 INFO asdec.enrichers.lexical.worker: [Batch 362] 0/10000 domains enriched succesfully. 10000 errors.
2026-09-29 16:52:59,444 INFO asdec.enrichers.lexical.worker: [Batch 363] Fetched a batch of 10000 domains.
2026-09-29 16:52:59,618 INFO asdec.enrichers.lexical.worker: [Batch 363] 0/10000 domains enriched succesfully. 10000 errors.
2026-09-29 16:53:04,373 INFO asdec.enrichers.lexical.worker: [Batch 364] Fetched a batch of 10000 domains.
2026-09-29 16:53:04,539 INFO asdec.enrichers.lexical.worker: [Batch 364] 0/10000 domains enriched succesfully. 10000 errors.
2026-09-29 16:53:08,653 INFO asdec.enrichers.lexical.worker: [Batch 365] Fetched a batch of 10000 domains.
2026-09-29 16:53:08,957 INFO asdec.enrichers.lexical.worker: [Batch 365] 0/10000 domains enriched succesfully. 10000 errors.
2026-09-29 16:53:12,651 INFO asdec.enrichers.lexical.worker: [Batch 366] Fetched a batch of 10000 domains.
2026-09-29 16:53:12,909 INFO asdec.enrichers.lexical.worker: [Batch 366] 0/10000 domains enriched succesfully. 10000 errors.
2026-09-29 16:53:16,559 INFO asdec.enrichers.lexical.worker: [Batch 367] Fetched a batch of 10000 domains.
2026-09-29 16:53:16,717 INFO asdec.enrichers.lexical.worker: [Batch 367] 0/10000 domains enriched succesfully. 10000 errors.
2026-09-29 16:53:21,500 INFO asdec.enrichers.lexical.worker: [Batch 368] Fetched a batch of 10000 domains.
2026-09-29 16:53:21,669 INFO asdec.enrichers.lexical.worker: [Batch 368] 0/10000 domains enriched succesfully. 10000 errors.
2026-09-29 16:53:26,518 INFO asdec.enrichers.lexical.worker: [Batch 369] Fetched a batch of 10000 domains.
2026-09-29 16:53:26,701 INFO asdec.enrichers.lexical.worker: [Batch 369] 0/10000 domains enriched succesfully. 10000 errors.
2026-09-29 16:53:30,506 INFO asdec.enrichers.lexical.worker: [Batch 370] Fetched a batch of 10000 domains.
2026-09-29 16:53:30,762 INFO asdec.enrichers.lexical.worker: [Batch 370] 0/10000 domains enriched succesfully. 10000 errors.
2026-09-29 16:53:34,702 INFO asdec.enrichers.lexical.worker: [Batch 371] Fetched a batch of 10000 domains.
2026-09-29 16:53:34,990 INFO asdec.enrichers.lexical.worker: [Batch 371] 0/10000 domains enriched succesfully. 10000 errors.
2026-09-29 16:53:39,722 INFO asdec.enrichers.lexical.worker: [Batch 372] Fetched a batch of 10000 domains.
2026-09-29 16:53:39,883 INFO asdec.enrichers.lexical.worker: [Batch 372] 0/10000 domains enriched succesfully. 10000 errors.
2026-09-29 16:53:43,845 INFO asdec.enrichers.lexical.worker: [Batch 373] Fetched a batch of 10000 domains.
2026-09-29 16:53:43,996 INFO asdec.enrichers.lexical.worker: [Batch 373] 0/10000 domains enriched succesfully. 10000 errors.
2026-09-29 16:53:48,817 INFO asdec.enrichers.lexical.worker: [Batch 374] Fetched a batch of 10000 domains.
2026-09-29 16:53:49,029 INFO asdec.enrichers.lexical.worker: [Batch 374] 0/10000 domains enriched succesfully. 10000 errors.
2026-09-29 16:53:56,800 INFO asdec.enrichers.lexical.worker: [Batch 375] Fetched a batch of 10000 domains.
2026-09-29 16:53:57,063 INFO asdec.enrichers.lexical.worker: [Batch 375] 0/10000 domains enriched succesfully. 10000 errors.
2026-09-29 16:54:00,765 INFO asdec.enrichers.lexical.worker: [Batch 376] Fetched a batch of 10000 domains.
2026-09-29 16:54:01,019 INFO asdec.enrichers.lexical.worker: [Batch 376] 0/10000 domains enriched succesfully. 10000 errors.
2026-09-29 16:54:04,793 INFO asdec.enrichers.lexical.worker: [Batch 377] Fetched a batch of 10000 domains.
2026-09-29 16:54:04,943 INFO asdec.enrichers.lexical.worker: [Batch 377] 0/10000 domains enriched succesfully. 10000 errors.
2026-09-29 16:54:08,752 INFO asdec.enrichers.lexical.worker: [Batch 378] Fetched a batch of 10000 domains.
2026-09-29 16:54:08,902 INFO asdec.enrichers.lexical.worker: [Batch 378] 0/10000 domains enriched succesfully. 10000 errors.
2026-09-29 16:54:14,333 INFO asdec.enrichers.lexical.worker: [Batch 379] Fetched a batch of 10000 domains.
2026-09-29 16:54:14,508 INFO asdec.enrichers.lexical.worker: [Batch 379] 0/10000 domains enriched succesfully. 10000 errors.
2026-09-29 16:54:19,253 INFO asdec.enrichers.lexical.worker: [Batch 380] Fetched a batch of 10000 domains.
2026-09-29 16:54:19,524 INFO asdec.enrichers.lexical.worker: [Batch 380] 0/10000 domains enriched succesfully. 10000 errors.
2026-09-29 16:54:23,867 INFO asdec.enrichers.lexical.worker: [Batch 381] Fetched a batch of 10000 domains.
2026-09-29 16:54:24,134 INFO asdec.enrichers.lexical.worker: [Batch 381] 0/10000 domains enriched succesfully. 10000 errors.
2026-09-29 16:54:28,038 INFO asdec.enrichers.lexical.worker: [Batch 382] Fetched a batch of 10000 domains.
2026-09-29 16:54:28,189 INFO asdec.enrichers.lexical.worker: [Batch 382] 0/10000 domains enriched succesfully. 10000 errors.
2026-09-29 16:54:31,885 INFO asdec.enrichers.lexical.worker: [Batch 383] Fetched a batch of 10000 domains.
2026-09-29 16:54:32,039 INFO asdec.enrichers.lexical.worker: [Batch 383] 0/10000 domains enriched succesfully. 10000 errors.
2026-09-29 16:54:35,921 INFO asdec.enrichers.lexical.worker: [Batch 384] Fetched a batch of 10000 domains.
2026-09-29 16:54:36,093 INFO asdec.enrichers.lexical.worker: [Batch 384] 0/10000 domains enriched succesfully. 10000 errors.
2026-09-29 16:54:40,910 INFO asdec.enrichers.lexical.worker: [Batch 385] Fetched a batch of 10000 domains.
2026-09-29 16:54:41,343 INFO asdec.enrichers.lexical.worker: [Batch 385] 0/10000 domains enriched succesfully. 10000 errors.
2026-09-29 16:54:46,367 INFO asdec.enrichers.lexical.worker: [Batch 386] Fetched a batch of 10000 domains.
2026-09-29 16:54:46,644 INFO asdec.enrichers.lexical.worker: [Batch 386] 0/10000 domains enriched succesfully. 10000 errors.
2026-09-29 16:54:51,361 INFO asdec.enrichers.lexical.worker: [Batch 387] Fetched a batch of 10000 domains.
2026-09-29 16:54:51,549 INFO asdec.enrichers.lexical.worker: [Batch 387] 0/10000 domains enriched succesfully. 10000 errors.
2026-09-29 16:54:55,342 INFO asdec.enrichers.lexical.worker: [Batch 388] Fetched a batch of 10000 domains.
2026-09-29 16:54:55,492 INFO asdec.enrichers.lexical.worker: [Batch 388] 0/10000 domains enriched succesfully. 10000 errors.
2026-09-29 16:55:00,427 INFO asdec.enrichers.lexical.worker: [Batch 389] Fetched a batch of 10000 domains.
2026-09-29 16:55:00,591 INFO asdec.enrichers.lexical.worker: [Batch 389] 0/10000 domains enriched succesfully. 10000 errors.
2026-09-29 16:55:05,462 INFO asdec.enrichers.lexical.worker: [Batch 390] Fetched a batch of 10000 domains.
2026-09-29 16:55:05,904 INFO asdec.enrichers.lexical.worker: [Batch 390] 0/10000 domains enriched succesfully. 10000 errors.
2026-09-29 16:55:10,122 INFO asdec.enrichers.lexical.worker: [Batch 391] Fetched a batch of 10000 domains.
2026-09-29 16:55:10,401 INFO asdec.enrichers.lexical.worker: [Batch 391] 0/10000 domains enriched succesfully. 10000 errors.
2026-09-29 16:55:14,918 INFO asdec.enrichers.lexical.worker: [Batch 392] Fetched a batch of 10000 domains.
2026-09-29 16:55:15,180 INFO asdec.enrichers.lexical.worker: [Batch 392] 0/10000 domains enriched succesfully. 10000 errors.
2026-09-29 16:55:19,512 INFO asdec.enrichers.lexical.worker: [Batch 393] Fetched a batch of 10000 domains.
2026-09-29 16:55:19,688 INFO asdec.enrichers.lexical.worker: [Batch 393] 0/10000 domains enriched succesfully. 10000 errors.
2026-09-29 16:55:23,698 INFO asdec.enrichers.lexical.worker: [Batch 394] Fetched a batch of 10000 domains.
2026-09-29 16:55:23,878 INFO asdec.enrichers.lexical.worker: [Batch 394] 0/10000 domains enriched succesfully. 10000 errors.
2026-09-29 16:55:28,297 INFO asdec.enrichers.lexical.worker: [Batch 395] Fetched a batch of 10000 domains.
2026-09-29 16:55:28,632 INFO asdec.enrichers.lexical.worker: [Batch 395] 0/10000 domains enriched succesfully. 10000 errors.
2026-09-29 16:55:34,449 INFO asdec.enrichers.lexical.worker: [Batch 396] Fetched a batch of 10000 domains.
2026-09-29 16:55:34,948 INFO asdec.enrichers.lexical.worker: [Batch 396] 0/10000 domains enriched succesfully. 10000 errors.
2026-09-29 16:55:49,320 INFO asdec.enrichers.lexical.worker: [Batch 397] Fetched a batch of 10000 domains.
2026-09-29 16:55:49,524 INFO asdec.enrichers.lexical.worker: [Batch 397] 0/10000 domains enriched succesfully. 10000 errors.
2026-09-29 16:56:12,295 INFO asdec.enrichers.lexical.worker: [Batch 398] Fetched a batch of 10000 domains.
2026-09-29 16:56:14,761 INFO asdec.enrichers.lexical.worker: [Batch 398] 0/10000 domains enriched succesfully. 10000 errors.
2026-09-29 16:57:06,283 INFO asdec.enrichers.lexical.worker: [Batch 399] Fetched a batch of 10000 domains.
2026-09-29 16:57:06,660 INFO asdec.enrichers.lexical.worker: [Batch 399] 0/10000 domains enriched succesfully. 10000 errors.
2026-09-29 16:57:13,444 INFO asdec.enrichers.lexical.worker: [Batch 400] Fetched a batch of 10000 domains.
2026-09-29 16:57:13,774 INFO asdec.enrichers.lexical.worker: [Batch 400] 0/10000 domains enriched succesfully. 10000 errors.
2026-09-29 16:57:19,479 INFO asdec.enrichers.lexical.worker: [Batch 401] Fetched a batch of 10000 domains.
2026-09-29 16:57:19,775 INFO asdec.enrichers.lexical.worker: [Batch 401] 0/10000 domains enriched succesfully. 10000 errors.
2026-09-29 16:57:25,820 INFO asdec.enrichers.lexical.worker: [Batch 402] Fetched a batch of 10000 domains.
2026-09-29 16:57:26,083 INFO asdec.enrichers.lexical.worker: [Batch 402] 0/10000 domains enriched succesfully. 10000 errors.
2026-09-29 16:57:31,213 INFO asdec.enrichers.lexical.worker: [Batch 403] Fetched a batch of 10000 domains.
2026-09-29 16:57:31,366 INFO asdec.enrichers.lexical.worker: [Batch 403] 0/10000 domains enriched succesfully. 10000 errors.
2026-09-29 16:57:36,036 INFO asdec.enrichers.lexical.worker: [Batch 404] Fetched a batch of 10000 domains.
2026-09-29 16:57:36,199 INFO asdec.enrichers.lexical.worker: [Batch 404] 0/10000 domains enriched succesfully. 10000 errors.
2026-09-29 16:57:40,855 INFO asdec.enrichers.lexical.worker: [Batch 405] Fetched a batch of 10000 domains.
2026-09-29 16:57:41,123 INFO asdec.enrichers.lexical.worker: [Batch 405] 0/10000 domains enriched succesfully. 10000 errors.
2026-09-29 16:57:46,505 INFO asdec.enrichers.lexical.worker: [Batch 406] Fetched a batch of 10000 domains.
2026-09-29 16:57:46,759 INFO asdec.enrichers.lexical.worker: [Batch 406] 0/10000 domains enriched succesfully. 10000 errors.
2026-09-29 16:57:51,952 INFO asdec.enrichers.lexical.worker: [Batch 407] Fetched a batch of 10000 domains.
2026-09-29 16:57:52,152 INFO asdec.enrichers.lexical.worker: [Batch 407] 0/10000 domains enriched succesfully. 10000 errors.
2026-09-29 16:57:58,407 INFO asdec.enrichers.lexical.worker: [Batch 408] Fetched a batch of 10000 domains.
2026-09-29 16:57:58,880 INFO asdec.enrichers.lexical.worker: [Batch 408] 0/10000 domains enriched succesfully. 10000 errors.
2026-09-29 16:58:07,365 INFO asdec.enrichers.lexical.worker: [Batch 409] Fetched a batch of 10000 domains.
2026-09-29 16:58:07,606 INFO asdec.enrichers.lexical.worker: [Batch 409] 0/10000 domains enriched succesfully. 10000 errors.
2026-09-29 16:58:14,706 INFO asdec.enrichers.lexical.worker: [Batch 410] Fetched a batch of 10000 domains.
2026-09-29 16:58:15,096 INFO asdec.enrichers.lexical.worker: [Batch 410] 0/10000 domains enriched succesfully. 10000 errors.
2026-09-29 16:58:20,874 INFO asdec.enrichers.lexical.worker: [Batch 411] Fetched a batch of 10000 domains.
2026-09-29 16:58:21,321 INFO asdec.enrichers.lexical.worker: [Batch 411] 0/10000 domains enriched succesfully. 10000 errors.
2026-09-29 16:58:30,249 INFO asdec.enrichers.lexical.worker: [Batch 412] Fetched a batch of 10000 domains.
2026-09-29 16:58:30,410 INFO asdec.enrichers.lexical.worker: [Batch 412] 0/10000 domains enriched succesfully. 10000 errors.
2026-09-29 16:58:35,483 INFO asdec.enrichers.lexical.worker: [Batch 413] Fetched a batch of 10000 domains.
2026-09-29 16:58:35,693 INFO asdec.enrichers.lexical.worker: [Batch 413] 0/10000 domains enriched succesfully. 10000 errors.
2026-09-29 16:58:40,909 INFO asdec.enrichers.lexical.worker: [Batch 414] Fetched a batch of 10000 domains.
2026-09-29 16:58:41,079 INFO asdec.enrichers.lexical.worker: [Batch 414] 0/10000 domains enriched succesfully. 10000 errors.
2026-09-29 16:58:46,479 INFO asdec.enrichers.lexical.worker: [Batch 415] Fetched a batch of 10000 domains.
2026-09-29 16:58:46,754 INFO asdec.enrichers.lexical.worker: [Batch 415] 0/10000 domains enriched succesfully. 10000 errors.
2026-09-29 16:58:51,314 INFO asdec.enrichers.lexical.worker: [Batch 416] Fetched a batch of 10000 domains.
2026-09-29 16:58:51,591 INFO asdec.enrichers.lexical.worker: [Batch 416] 0/10000 domains enriched succesfully. 10000 errors.
2026-09-29 16:58:56,309 INFO asdec.enrichers.lexical.worker: [Batch 417] Fetched a batch of 10000 domains.
2026-09-29 16:58:56,462 INFO asdec.enrichers.lexical.worker: [Batch 417] 0/10000 domains enriched succesfully. 10000 errors.
2026-09-29 16:59:01,118 INFO asdec.enrichers.lexical.worker: [Batch 418] Fetched a batch of 10000 domains.
2026-09-29 16:59:01,275 INFO asdec.enrichers.lexical.worker: [Batch 418] 0/10000 domains enriched succesfully. 10000 errors.
2026-09-29 16:59:05,188 INFO asdec.enrichers.lexical.worker: [Batch 419] Fetched a batch of 10000 domains.
2026-09-29 16:59:05,350 INFO asdec.enrichers.lexical.worker: [Batch 419] 0/10000 domains enriched succesfully. 10000 errors.
2026-09-29 16:59:09,632 INFO asdec.enrichers.lexical.worker: [Batch 420] Fetched a batch of 10000 domains.
2026-09-29 16:59:09,945 INFO asdec.enrichers.lexical.worker: [Batch 420] 0/10000 domains enriched succesfully. 10000 errors.
2026-09-29 16:59:14,461 INFO asdec.enrichers.lexical.worker: [Batch 421] Fetched a batch of 10000 domains.
2026-09-29 16:59:14,771 INFO asdec.enrichers.lexical.worker: [Batch 421] 0/10000 domains enriched succesfully. 10000 errors.
2026-09-29 16:59:19,001 INFO asdec.enrichers.lexical.worker: [Batch 422] Fetched a batch of 10000 domains.
2026-09-29 16:59:19,264 INFO asdec.enrichers.lexical.worker: [Batch 422] 0/10000 domains enriched succesfully. 10000 errors.
2026-09-29 16:59:23,213 INFO asdec.enrichers.lexical.worker: [Batch 423] Fetched a batch of 10000 domains.
2026-09-29 16:59:23,399 INFO asdec.enrichers.lexical.worker: [Batch 423] 0/10000 domains enriched succesfully. 10000 errors.
2026-09-29 16:59:27,452 INFO asdec.enrichers.lexical.worker: [Batch 424] Fetched a batch of 10000 domains.
2026-09-29 16:59:27,613 INFO asdec.enrichers.lexical.worker: [Batch 424] 0/10000 domains enriched succesfully. 10000 errors.
2026-09-29 16:59:31,565 INFO asdec.enrichers.lexical.worker: [Batch 425] Fetched a batch of 10000 domains.
2026-09-29 16:59:31,857 INFO asdec.enrichers.lexical.worker: [Batch 425] 0/10000 domains enriched succesfully. 10000 errors.
2026-09-29 16:59:35,591 INFO asdec.enrichers.lexical.worker: [Batch 426] Fetched a batch of 10000 domains.
2026-09-29 16:59:35,863 INFO asdec.enrichers.lexical.worker: [Batch 426] 0/10000 domains enriched succesfully. 10000 errors.
2026-09-29 16:59:39,794 INFO asdec.enrichers.lexical.worker: [Batch 427] Fetched a batch of 10000 domains.
2026-09-29 16:59:39,952 INFO asdec.enrichers.lexical.worker: [Batch 427] 0/10000 domains enriched succesfully. 10000 errors.
2026-09-29 16:59:43,926 INFO asdec.enrichers.lexical.worker: [Batch 428] Fetched a batch of 10000 domains.
2026-09-29 16:59:44,077 INFO asdec.enrichers.lexical.worker: [Batch 428] 0/10000 domains enriched succesfully. 10000 errors.
2026-09-29 16:59:48,259 INFO asdec.enrichers.lexical.worker: [Batch 429] Fetched a batch of 10000 domains.
2026-09-29 16:59:48,429 INFO asdec.enrichers.lexical.worker: [Batch 429] 0/10000 domains enriched succesfully. 10000 errors.
2026-09-29 16:59:52,591 INFO asdec.enrichers.lexical.worker: [Batch 430] Fetched a batch of 10000 domains.
2026-09-29 16:59:52,854 INFO asdec.enrichers.lexical.worker: [Batch 430] 0/10000 domains enriched succesfully. 10000 errors.
2026-09-29 16:59:56,985 INFO asdec.enrichers.lexical.worker: [Batch 431] Fetched a batch of 10000 domains.
2026-09-29 16:59:57,277 INFO asdec.enrichers.lexical.worker: [Batch 431] 0/10000 domains enriched succesfully. 10000 errors.
2026-09-29 17:00:01,076 INFO asdec.enrichers.lexical.worker: [Batch 432] Fetched a batch of 10000 domains.
2026-09-29 17:00:01,239 INFO asdec.enrichers.lexical.worker: [Batch 432] 0/10000 domains enriched succesfully. 10000 errors.
2026-09-29 17:00:05,153 INFO asdec.enrichers.lexical.worker: [Batch 433] Fetched a batch of 10000 domains.
2026-09-29 17:00:05,311 INFO asdec.enrichers.lexical.worker: [Batch 433] 0/10000 domains enriched succesfully. 10000 errors.
2026-09-29 17:00:09,020 INFO asdec.enrichers.lexical.worker: [Batch 434] Fetched a batch of 10000 domains.
2026-09-29 17:00:09,178 INFO asdec.enrichers.lexical.worker: [Batch 434] 0/10000 domains enriched succesfully. 10000 errors.
2026-09-29 17:00:12,699 INFO asdec.enrichers.lexical.worker: [Batch 435] Fetched a batch of 10000 domains.
2026-09-29 17:00:12,959 INFO asdec.enrichers.lexical.worker: [Batch 435] 0/10000 domains enriched succesfully. 10000 errors.
2026-09-29 17:00:16,288 INFO asdec.enrichers.lexical.worker: [Batch 436] Fetched a batch of 10000 domains.
2026-09-29 17:00:16,539 INFO asdec.enrichers.lexical.worker: [Batch 436] 0/10000 domains enriched succesfully. 10000 errors.
2026-09-29 17:00:19,844 INFO asdec.enrichers.lexical.worker: [Batch 437] Fetched a batch of 10000 domains.
2026-09-29 17:00:20,086 INFO asdec.enrichers.lexical.worker: [Batch 437] 0/10000 domains enriched succesfully. 10000 errors.
2026-09-29 17:00:23,494 INFO asdec.enrichers.lexical.worker: [Batch 438] Fetched a batch of 10000 domains.
2026-09-29 17:00:23,645 INFO asdec.enrichers.lexical.worker: [Batch 438] 0/10000 domains enriched succesfully. 10000 errors.
2026-09-29 17:00:27,034 INFO asdec.enrichers.lexical.worker: [Batch 439] Fetched a batch of 10000 domains.
2026-09-29 17:00:27,193 INFO asdec.enrichers.lexical.worker: [Batch 439] 0/10000 domains enriched succesfully. 10000 errors.
2026-09-29 17:00:30,631 INFO asdec.enrichers.lexical.worker: [Batch 440] Fetched a batch of 10000 domains.
2026-09-29 17:00:30,886 INFO asdec.enrichers.lexical.worker: [Batch 440] 0/10000 domains enriched succesfully. 10000 errors.
2026-09-29 17:00:34,216 INFO asdec.enrichers.lexical.worker: [Batch 441] Fetched a batch of 10000 domains.
2026-09-29 17:00:34,468 INFO asdec.enrichers.lexical.worker: [Batch 441] 0/10000 domains enriched succesfully. 10000 errors.
2026-09-29 17:00:37,907 INFO asdec.enrichers.lexical.worker: [Batch 442] Fetched a batch of 10000 domains.
2026-09-29 17:00:38,055 INFO asdec.enrichers.lexical.worker: [Batch 442] 0/10000 domains enriched succesfully. 10000 errors.
2026-09-29 17:00:41,530 INFO asdec.enrichers.lexical.worker: [Batch 443] Fetched a batch of 10000 domains.
2026-09-29 17:00:41,679 INFO asdec.enrichers.lexical.worker: [Batch 443] 0/10000 domains enriched succesfully. 10000 errors.
2026-09-29 17:00:45,125 INFO asdec.enrichers.lexical.worker: [Batch 444] Fetched a batch of 10000 domains.
2026-09-29 17:00:45,275 INFO asdec.enrichers.lexical.worker: [Batch 444] 0/10000 domains enriched succesfully. 10000 errors.
2026-09-29 17:00:48,724 INFO asdec.enrichers.lexical.worker: [Batch 445] Fetched a batch of 10000 domains.
2026-09-29 17:00:48,978 INFO asdec.enrichers.lexical.worker: [Batch 445] 0/10000 domains enriched succesfully. 10000 errors.
2026-09-29 17:00:52,346 INFO asdec.enrichers.lexical.worker: [Batch 446] Fetched a batch of 10000 domains.
2026-09-29 17:00:52,597 INFO asdec.enrichers.lexical.worker: [Batch 446] 0/10000 domains enriched succesfully. 10000 errors.
2026-09-29 17:00:56,099 INFO asdec.enrichers.lexical.worker: [Batch 447] Fetched a batch of 10000 domains.
2026-09-29 17:00:56,255 INFO asdec.enrichers.lexical.worker: [Batch 447] 0/10000 domains enriched succesfully. 10000 errors.
2026-09-29 17:00:59,769 INFO asdec.enrichers.lexical.worker: [Batch 448] Fetched a batch of 10000 domains.
2026-09-29 17:00:59,917 INFO asdec.enrichers.lexical.worker: [Batch 448] 0/10000 domains enriched succesfully. 10000 errors.
2026-09-29 17:01:03,426 INFO asdec.enrichers.lexical.worker: [Batch 449] Fetched a batch of 10000 domains.
2026-09-29 17:01:03,574 INFO asdec.enrichers.lexical.worker: [Batch 449] 0/10000 domains enriched succesfully. 10000 errors.
2026-09-29 17:01:07,068 INFO asdec.enrichers.lexical.worker: [Batch 450] Fetched a batch of 10000 domains.
2026-09-29 17:01:07,331 INFO asdec.enrichers.lexical.worker: [Batch 450] 0/10000 domains enriched succesfully. 10000 errors.
2026-09-29 17:01:10,752 INFO asdec.enrichers.lexical.worker: [Batch 451] Fetched a batch of 10000 domains.
2026-09-29 17:01:11,004 INFO asdec.enrichers.lexical.worker: [Batch 451] 0/10000 domains enriched succesfully. 10000 errors.
2026-09-29 17:01:14,453 INFO asdec.enrichers.lexical.worker: [Batch 452] Fetched a batch of 10000 domains.
2026-09-29 17:01:14,697 INFO asdec.enrichers.lexical.worker: [Batch 452] 0/10000 domains enriched succesfully. 10000 errors.
2026-09-29 17:01:18,270 INFO asdec.enrichers.lexical.worker: [Batch 453] Fetched a batch of 10000 domains.
2026-09-29 17:01:18,431 INFO asdec.enrichers.lexical.worker: [Batch 453] 0/10000 domains enriched succesfully. 10000 errors.
2026-09-29 17:01:22,165 INFO asdec.enrichers.lexical.worker: [Batch 454] Fetched a batch of 10000 domains.
2026-09-29 17:01:22,330 INFO asdec.enrichers.lexical.worker: [Batch 454] 0/10000 domains enriched succesfully. 10000 errors.
2026-09-29 17:01:26,153 INFO asdec.enrichers.lexical.worker: [Batch 455] Fetched a batch of 10000 domains.
2026-09-29 17:01:26,428 INFO asdec.enrichers.lexical.worker: [Batch 455] 0/10000 domains enriched succesfully. 10000 errors.
2026-09-29 17:01:30,057 INFO asdec.enrichers.lexical.worker: [Batch 456] Fetched a batch of 10000 domains.
2026-09-29 17:01:30,369 INFO asdec.enrichers.lexical.worker: [Batch 456] 0/10000 domains enriched succesfully. 10000 errors.
2026-09-29 17:01:34,087 INFO asdec.enrichers.lexical.worker: [Batch 457] Fetched a batch of 10000 domains.
2026-09-29 17:01:34,258 INFO asdec.enrichers.lexical.worker: [Batch 457] 0/10000 domains enriched succesfully. 10000 errors.
2026-09-29 17:01:37,949 INFO asdec.enrichers.lexical.worker: [Batch 458] Fetched a batch of 10000 domains.
2026-09-29 17:01:38,106 INFO asdec.enrichers.lexical.worker: [Batch 458] 0/10000 domains enriched succesfully. 10000 errors.
2026-09-29 17:01:41,799 INFO asdec.enrichers.lexical.worker: [Batch 459] Fetched a batch of 10000 domains.
2026-09-29 17:01:41,966 INFO asdec.enrichers.lexical.worker: [Batch 459] 0/10000 domains enriched succesfully. 10000 errors.
2026-09-29 17:01:45,608 INFO asdec.enrichers.lexical.worker: [Batch 460] Fetched a batch of 10000 domains.
2026-09-29 17:01:45,867 INFO asdec.enrichers.lexical.worker: [Batch 460] 0/10000 domains enriched succesfully. 10000 errors.
2026-09-29 17:01:49,381 INFO asdec.enrichers.lexical.worker: [Batch 461] Fetched a batch of 10000 domains.
2026-09-29 17:01:49,632 INFO asdec.enrichers.lexical.worker: [Batch 461] 0/10000 domains enriched succesfully. 10000 errors.
2026-09-29 17:01:53,257 INFO asdec.enrichers.lexical.worker: [Batch 462] Fetched a batch of 10000 domains.
2026-09-29 17:01:53,405 INFO asdec.enrichers.lexical.worker: [Batch 462] 0/10000 domains enriched succesfully. 10000 errors.
2026-09-29 17:01:57,046 INFO asdec.enrichers.lexical.worker: [Batch 463] Fetched a batch of 10000 domains.
2026-09-29 17:01:57,196 INFO asdec.enrichers.lexical.worker: [Batch 463] 0/10000 domains enriched succesfully. 10000 errors.
2026-09-29 17:02:00,846 INFO asdec.enrichers.lexical.worker: [Batch 464] Fetched a batch of 10000 domains.
2026-09-29 17:02:00,995 INFO asdec.enrichers.lexical.worker: [Batch 464] 0/10000 domains enriched succesfully. 10000 errors.
2026-09-29 17:02:04,645 INFO asdec.enrichers.lexical.worker: [Batch 465] Fetched a batch of 10000 domains.
2026-09-29 17:02:04,901 INFO asdec.enrichers.lexical.worker: [Batch 465] 0/10000 domains enriched succesfully. 10000 errors.
2026-09-29 17:02:08,447 INFO asdec.enrichers.lexical.worker: [Batch 466] Fetched a batch of 10000 domains.
2026-09-29 17:02:08,703 INFO asdec.enrichers.lexical.worker: [Batch 466] 0/10000 domains enriched succesfully. 10000 errors.
2026-09-29 17:02:12,291 INFO asdec.enrichers.lexical.worker: [Batch 467] Fetched a batch of 10000 domains.
2026-09-29 17:02:12,537 INFO asdec.enrichers.lexical.worker: [Batch 467] 0/10000 domains enriched succesfully. 10000 errors.
2026-09-29 17:02:16,210 INFO asdec.enrichers.lexical.worker: [Batch 468] Fetched a batch of 10000 domains.
2026-09-29 17:02:16,358 INFO asdec.enrichers.lexical.worker: [Batch 468] 0/10000 domains enriched succesfully. 10000 errors.
2026-09-29 17:02:20,026 INFO asdec.enrichers.lexical.worker: [Batch 469] Fetched a batch of 10000 domains.
2026-09-29 17:02:20,179 INFO asdec.enrichers.lexical.worker: [Batch 469] 0/10000 domains enriched succesfully. 10000 errors.
2026-09-29 17:02:23,853 INFO asdec.enrichers.lexical.worker: [Batch 470] Fetched a batch of 10000 domains.
2026-09-29 17:02:24,109 INFO asdec.enrichers.lexical.worker: [Batch 470] 0/10000 domains enriched succesfully. 10000 errors.
2026-09-29 17:02:27,718 INFO asdec.enrichers.lexical.worker: [Batch 471] Fetched a batch of 10000 domains.
2026-09-29 17:02:27,970 INFO asdec.enrichers.lexical.worker: [Batch 471] 0/10000 domains enriched succesfully. 10000 errors.
2026-09-29 17:02:31,684 INFO asdec.enrichers.lexical.worker: [Batch 472] Fetched a batch of 10000 domains.
2026-09-29 17:02:31,835 INFO asdec.enrichers.lexical.worker: [Batch 472] 0/10000 domains enriched succesfully. 10000 errors.
2026-09-29 17:02:35,554 INFO asdec.enrichers.lexical.worker: [Batch 473] Fetched a batch of 10000 domains.
2026-09-29 17:02:35,702 INFO asdec.enrichers.lexical.worker: [Batch 473] 0/10000 domains enriched succesfully. 10000 errors.
2026-09-29 17:02:39,410 INFO asdec.enrichers.lexical.worker: [Batch 474] Fetched a batch of 10000 domains.
2026-09-29 17:02:39,558 INFO asdec.enrichers.lexical.worker: [Batch 474] 0/10000 domains enriched succesfully. 10000 errors.
2026-09-29 17:02:43,297 INFO asdec.enrichers.lexical.worker: [Batch 475] Fetched a batch of 10000 domains.
2026-09-29 17:02:43,555 INFO asdec.enrichers.lexical.worker: [Batch 475] 0/10000 domains enriched succesfully. 10000 errors.
2026-09-29 17:02:47,239 INFO asdec.enrichers.lexical.worker: [Batch 476] Fetched a batch of 10000 domains.
2026-09-29 17:02:47,497 INFO asdec.enrichers.lexical.worker: [Batch 476] 0/10000 domains enriched succesfully. 10000 errors.
2026-09-29 17:02:51,259 INFO asdec.enrichers.lexical.worker: [Batch 477] Fetched a batch of 10000 domains.
2026-09-29 17:02:51,499 INFO asdec.enrichers.lexical.worker: [Batch 477] 0/10000 domains enriched succesfully. 10000 errors.
2026-09-29 17:02:55,287 INFO asdec.enrichers.lexical.worker: [Batch 478] Fetched a batch of 10000 domains.
2026-09-29 17:02:55,492 INFO asdec.enrichers.lexical.worker: [Batch 478] 0/10000 domains enriched succesfully. 10000 errors.
2026-09-29 17:02:59,279 INFO asdec.enrichers.lexical.worker: [Batch 479] Fetched a batch of 10000 domains.
2026-09-29 17:02:59,428 INFO asdec.enrichers.lexical.worker: [Batch 479] 0/10000 domains enriched succesfully. 10000 errors.
2026-09-29 17:03:03,228 INFO asdec.enrichers.lexical.worker: [Batch 480] Fetched a batch of 10000 domains.
2026-09-29 17:03:03,483 INFO asdec.enrichers.lexical.worker: [Batch 480] 0/10000 domains enriched succesfully. 10000 errors.
2026-09-29 17:03:07,181 INFO asdec.enrichers.lexical.worker: [Batch 481] Fetched a batch of 10000 domains.
2026-09-29 17:03:07,436 INFO asdec.enrichers.lexical.worker: [Batch 481] 0/10000 domains enriched succesfully. 10000 errors.
2026-09-29 17:03:11,252 INFO asdec.enrichers.lexical.worker: [Batch 482] Fetched a batch of 10000 domains.
2026-09-29 17:03:11,401 INFO asdec.enrichers.lexical.worker: [Batch 482] 0/10000 domains enriched succesfully. 10000 errors.
2026-09-29 17:03:15,219 INFO asdec.enrichers.lexical.worker: [Batch 483] Fetched a batch of 10000 domains.
2026-09-29 17:03:15,368 INFO asdec.enrichers.lexical.worker: [Batch 483] 0/10000 domains enriched succesfully. 10000 errors.
2026-09-29 17:03:19,168 INFO asdec.enrichers.lexical.worker: [Batch 484] Fetched a batch of 10000 domains.
2026-09-29 17:03:19,319 INFO asdec.enrichers.lexical.worker: [Batch 484] 0/10000 domains enriched succesfully. 10000 errors.
2026-09-29 17:03:23,131 INFO asdec.enrichers.lexical.worker: [Batch 485] Fetched a batch of 10000 domains.
2026-09-29 17:03:23,387 INFO asdec.enrichers.lexical.worker: [Batch 485] 0/10000 domains enriched succesfully. 10000 errors.
2026-09-29 17:03:27,124 INFO asdec.enrichers.lexical.worker: [Batch 486] Fetched a batch of 10000 domains.
2026-09-29 17:03:27,377 INFO asdec.enrichers.lexical.worker: [Batch 486] 0/10000 domains enriched succesfully. 10000 errors.
2026-09-29 17:03:31,229 INFO asdec.enrichers.lexical.worker: [Batch 487] Fetched a batch of 10000 domains.
2026-09-29 17:03:31,379 INFO asdec.enrichers.lexical.worker: [Batch 487] 0/10000 domains enriched succesfully. 10000 errors.
2026-09-29 17:03:35,229 INFO asdec.enrichers.lexical.worker: [Batch 488] Fetched a batch of 10000 domains.
2026-09-29 17:03:35,382 INFO asdec.enrichers.lexical.worker: [Batch 488] 0/10000 domains enriched succesfully. 10000 errors.
2026-09-29 17:03:39,243 INFO asdec.enrichers.lexical.worker: [Batch 489] Fetched a batch of 10000 domains.
2026-09-29 17:03:39,392 INFO asdec.enrichers.lexical.worker: [Batch 489] 0/10000 domains enriched succesfully. 10000 errors.
2026-09-29 17:03:43,224 INFO asdec.enrichers.lexical.worker: [Batch 490] Fetched a batch of 10000 domains.
2026-09-29 17:03:43,485 INFO asdec.enrichers.lexical.worker: [Batch 490] 0/10000 domains enriched succesfully. 10000 errors.
2026-09-29 17:03:47,283 INFO asdec.enrichers.lexical.worker: [Batch 491] Fetched a batch of 10000 domains.
2026-09-29 17:03:47,538 INFO asdec.enrichers.lexical.worker: [Batch 491] 0/10000 domains enriched succesfully. 10000 errors.
2026-09-29 17:03:51,332 INFO asdec.enrichers.lexical.worker: [Batch 492] Fetched a batch of 10000 domains.
2026-09-29 17:03:51,572 INFO asdec.enrichers.lexical.worker: [Batch 492] 0/10000 domains enriched succesfully. 10000 errors.
2026-09-29 17:03:55,502 INFO asdec.enrichers.lexical.worker: [Batch 493] Fetched a batch of 10000 domains.
2026-09-29 17:03:55,652 INFO asdec.enrichers.lexical.worker: [Batch 493] 0/10000 domains enriched succesfully. 10000 errors.
2026-09-29 17:03:59,554 INFO asdec.enrichers.lexical.worker: [Batch 494] Fetched a batch of 10000 domains.
2026-09-29 17:03:59,722 INFO asdec.enrichers.lexical.worker: [Batch 494] 0/10000 domains enriched succesfully. 10000 errors.
2026-09-29 17:04:03,615 INFO asdec.enrichers.lexical.worker: [Batch 495] Fetched a batch of 10000 domains.
2026-09-29 17:04:03,872 INFO asdec.enrichers.lexical.worker: [Batch 495] 0/10000 domains enriched succesfully. 10000 errors.
2026-09-29 17:04:07,712 INFO asdec.enrichers.lexical.worker: [Batch 496] Fetched a batch of 10000 domains.
2026-09-29 17:04:07,964 INFO asdec.enrichers.lexical.worker: [Batch 496] 0/10000 domains enriched succesfully. 10000 errors.
2026-09-29 17:04:11,927 INFO asdec.enrichers.lexical.worker: [Batch 497] Fetched a batch of 10000 domains.
2026-09-29 17:04:12,079 INFO asdec.enrichers.lexical.worker: [Batch 497] 0/10000 domains enriched succesfully. 10000 errors.
2026-09-29 17:04:15,999 INFO asdec.enrichers.lexical.worker: [Batch 498] Fetched a batch of 10000 domains.
2026-09-29 17:04:16,150 INFO asdec.enrichers.lexical.worker: [Batch 498] 0/10000 domains enriched succesfully. 10000 errors.
2026-09-29 17:04:20,085 INFO asdec.enrichers.lexical.worker: [Batch 499] Fetched a batch of 10000 domains.
2026-09-29 17:04:20,234 INFO asdec.enrichers.lexical.worker: [Batch 499] 0/10000 domains enriched succesfully. 10000 errors.
2026-09-29 17:04:24,196 INFO asdec.enrichers.lexical.worker: [Batch 500] Fetched a batch of 10000 domains.
2026-09-29 17:04:24,455 INFO asdec.enrichers.lexical.worker: [Batch 500] 0/10000 domains enriched succesfully. 10000 errors.
2026-09-29 17:04:28,337 INFO asdec.enrichers.lexical.worker: [Batch 501] Fetched a batch of 10000 domains.
2026-09-29 17:04:28,585 INFO asdec.enrichers.lexical.worker: [Batch 501] 0/10000 domains enriched succesfully. 10000 errors.
2026-09-29 17:04:32,471 INFO asdec.enrichers.lexical.worker: [Batch 502] Fetched a batch of 10000 domains.
2026-09-29 17:04:32,711 INFO asdec.enrichers.lexical.worker: [Batch 502] 0/10000 domains enriched succesfully. 10000 errors.
2026-09-29 17:04:36,719 INFO asdec.enrichers.lexical.worker: [Batch 503] Fetched a batch of 10000 domains.
2026-09-29 17:04:36,868 INFO asdec.enrichers.lexical.worker: [Batch 503] 0/10000 domains enriched succesfully. 10000 errors.
2026-09-29 17:04:40,880 INFO asdec.enrichers.lexical.worker: [Batch 504] Fetched a batch of 10000 domains.
2026-09-29 17:04:41,036 INFO asdec.enrichers.lexical.worker: [Batch 504] 0/10000 domains enriched succesfully. 10000 errors.
2026-09-29 17:04:45,024 INFO asdec.enrichers.lexical.worker: [Batch 505] Fetched a batch of 10000 domains.
2026-09-29 17:04:45,294 INFO asdec.enrichers.lexical.worker: [Batch 505] 0/10000 domains enriched succesfully. 10000 errors.
2026-09-29 17:04:49,204 INFO asdec.enrichers.lexical.worker: [Batch 506] Fetched a batch of 10000 domains.
2026-09-29 17:04:49,457 INFO asdec.enrichers.lexical.worker: [Batch 506] 0/10000 domains enriched succesfully. 10000 errors.
2026-09-29 17:04:53,478 INFO asdec.enrichers.lexical.worker: [Batch 507] Fetched a batch of 10000 domains.
2026-09-29 17:04:53,626 INFO asdec.enrichers.lexical.worker: [Batch 507] 0/10000 domains enriched succesfully. 10000 errors.
2026-09-29 17:04:57,650 INFO asdec.enrichers.lexical.worker: [Batch 508] Fetched a batch of 10000 domains.
2026-09-29 17:04:57,800 INFO asdec.enrichers.lexical.worker: [Batch 508] 0/10000 domains enriched succesfully. 10000 errors.
2026-09-29 17:05:01,679 INFO asdec.enrichers.lexical.worker: [Batch 509] Fetched a batch of 3903 domains.
2026-09-29 17:05:01,830 INFO asdec.enrichers.lexical.worker: [Batch 509] 0/3903 domains enriched succesfully. 3903 errors.
2026-09-30 14:56:08,606 INFO asdec.enrichment.service: Rescheduling broken jobs.
2026-09-30 14:58:04,166 INFO asdec.enrichment.service: Rescheduling broken jobs.
2026-09-30 14:59:36,127 INFO asdec.enrichment.service: Rescheduling broken jobs.
2026-09-30 14:59:36,132 INFO asdec.enrichment.repo: Executing the scheduling operation.
2026-09-30 15:08:26,414 INFO asdec.enrichment.service: Rescheduling broken jobs.
2026-09-30 15:08:26,415 INFO asdec.enrichment.repo: Executing the scheduling operation.
2026-09-30 15:09:22,723 INFO asdec.enrichment.service: Rescheduling broken jobs.
2026-09-30 15:09:22,724 INFO asdec.enrichment.repo: Executing the scheduling operation.
2026-09-30 15:09:38,332 INFO asdec.enrichment.service: Rescheduling broken jobs.
2026-09-30 15:09:38,332 INFO asdec.enrichment.repo: Executing the scheduling operation.
2026-09-30 15:09:39,262 INFO asdec.enrichment.repo: 0 domains rescheduled
2026-09-30 15:09:39,262 INFO asdec.enrichment.service: 0 broken jobs rescheduled.
2026-09-30 15:11:36,685 INFO asdec.enrichers.lexical.worker: [Batch 1] Fetched a batch of 10000 domains.
2026-09-30 15:11:37,257 INFO asdec.enrichers.lexical.worker: [Batch 1] 0/10000 domains enriched succesfully. 10000 errors.
2026-09-30 15:11:37,479 INFO asdec.enrichers.lexical.worker: [Batch 2] Fetched a batch of 10000 domains.
2026-09-30 15:11:37,794 INFO asdec.enrichers.lexical.worker: [Batch 2] 0/10000 domains enriched succesfully. 10000 errors.
2026-09-30 15:11:38,129 INFO asdec.enrichers.lexical.worker: [Batch 3] Fetched a batch of 10000 domains.
2026-09-30 15:11:38,305 INFO asdec.enrichers.lexical.worker: [Batch 3] 0/10000 domains enriched succesfully. 10000 errors.
2026-09-30 15:11:38,590 INFO asdec.enrichers.lexical.worker: [Batch 4] Fetched a batch of 10000 domains.
2026-09-30 15:11:38,760 INFO asdec.enrichers.lexical.worker: [Batch 4] 0/10000 domains enriched succesfully. 10000 errors.
2026-09-30 15:11:39,030 INFO asdec.enrichers.lexical.worker: [Batch 5] Fetched a batch of 10000 domains.
2026-09-30 15:11:39,289 INFO asdec.enrichers.lexical.worker: [Batch 5] 0/10000 domains enriched succesfully. 10000 errors.
2026-09-30 15:11:39,488 INFO asdec.enrichers.lexical.worker: [Batch 6] Fetched a batch of 10000 domains.
2026-09-30 15:11:39,727 INFO asdec.enrichers.lexical.worker: [Batch 6] 0/10000 domains enriched succesfully. 10000 errors.
2026-09-30 15:11:40,015 INFO asdec.enrichers.lexical.worker: [Batch 7] Fetched a batch of 10000 domains.
2026-09-30 15:11:40,186 INFO asdec.enrichers.lexical.worker: [Batch 7] 0/10000 domains enriched succesfully. 10000 errors.
2026-09-30 15:11:40,489 INFO asdec.enrichers.lexical.worker: [Batch 8] Fetched a batch of 10000 domains.
2026-09-30 15:11:40,643 INFO asdec.enrichers.lexical.worker: [Batch 8] 0/10000 domains enriched succesfully. 10000 errors.
2026-09-30 15:11:40,937 INFO asdec.enrichers.lexical.worker: [Batch 9] Fetched a batch of 10000 domains.
2026-09-30 15:11:41,096 INFO asdec.enrichers.lexical.worker: [Batch 9] 0/10000 domains enriched succesfully. 10000 errors.
2026-09-30 15:11:41,435 INFO asdec.enrichers.lexical.worker: [Batch 10] Fetched a batch of 10000 domains.
2026-09-30 15:11:41,712 INFO asdec.enrichers.lexical.worker: [Batch 10] 0/10000 domains enriched succesfully. 10000 errors.
2026-09-30 15:11:41,947 INFO asdec.enrichers.lexical.worker: [Batch 11] Fetched a batch of 10000 domains.
2026-09-30 15:11:42,201 INFO asdec.enrichers.lexical.worker: [Batch 11] 0/10000 domains enriched succesfully. 10000 errors.
2026-09-30 15:11:42,535 INFO asdec.enrichers.lexical.worker: [Batch 12] Fetched a batch of 10000 domains.
2026-09-30 15:11:42,688 INFO asdec.enrichers.lexical.worker: [Batch 12] 0/10000 domains enriched succesfully. 10000 errors.
2026-09-30 15:11:43,013 INFO asdec.enrichers.lexical.worker: [Batch 13] Fetched a batch of 10000 domains.
2026-09-30 15:11:43,168 INFO asdec.enrichers.lexical.worker: [Batch 13] 0/10000 domains enriched succesfully. 10000 errors.
2026-09-30 15:11:43,500 INFO asdec.enrichers.lexical.worker: [Batch 14] Fetched a batch of 10000 domains.
2026-09-30 15:11:43,662 INFO asdec.enrichers.lexical.worker: [Batch 14] 0/10000 domains enriched succesfully. 10000 errors.
2026-09-30 15:11:44,000 INFO asdec.enrichers.lexical.worker: [Batch 15] Fetched a batch of 10000 domains.
2026-09-30 15:11:44,253 INFO asdec.enrichers.lexical.worker: [Batch 15] 0/10000 domains enriched succesfully. 10000 errors.
2026-09-30 15:11:44,530 INFO asdec.enrichers.lexical.worker: [Batch 16] Fetched a batch of 10000 domains.
2026-09-30 15:11:44,783 INFO asdec.enrichers.lexical.worker: [Batch 16] 0/10000 domains enriched succesfully. 10000 errors.
2026-09-30 15:11:45,147 INFO asdec.enrichers.lexical.worker: [Batch 17] Fetched a batch of 10000 domains.
2026-09-30 15:11:45,307 INFO asdec.enrichers.lexical.worker: [Batch 17] 0/10000 domains enriched succesfully. 10000 errors.
2026-09-30 15:11:45,669 INFO asdec.enrichers.lexical.worker: [Batch 18] Fetched a batch of 10000 domains.
2026-09-30 15:11:45,825 INFO asdec.enrichers.lexical.worker: [Batch 18] 0/10000 domains enriched succesfully. 10000 errors.
2026-09-30 15:11:46,197 INFO asdec.enrichers.lexical.worker: [Batch 19] Fetched a batch of 10000 domains.
2026-09-30 15:11:46,425 INFO asdec.enrichers.lexical.worker: [Batch 19] 0/10000 domains enriched succesfully. 10000 errors.
2026-09-30 15:11:46,790 INFO asdec.enrichers.lexical.worker: [Batch 20] Fetched a batch of 10000 domains.
2026-09-30 15:11:47,048 INFO asdec.enrichers.lexical.worker: [Batch 20] 0/10000 domains enriched succesfully. 10000 errors.
2026-09-30 15:11:47,355 INFO asdec.enrichers.lexical.worker: [Batch 21] Fetched a batch of 10000 domains.
2026-09-30 15:11:47,604 INFO asdec.enrichers.lexical.worker: [Batch 21] 0/10000 domains enriched succesfully. 10000 errors.
2026-09-30 15:11:47,907 INFO asdec.enrichers.lexical.worker: [Batch 22] Fetched a batch of 10000 domains.
2026-09-30 15:11:48,146 INFO asdec.enrichers.lexical.worker: [Batch 22] 0/10000 domains enriched succesfully. 10000 errors.
2026-09-30 15:11:48,532 INFO asdec.enrichers.lexical.worker: [Batch 23] Fetched a batch of 10000 domains.
2026-09-30 15:11:48,688 INFO asdec.enrichers.lexical.worker: [Batch 23] 0/10000 domains enriched succesfully. 10000 errors.
2026-09-30 15:11:49,095 INFO asdec.enrichers.lexical.worker: [Batch 24] Fetched a batch of 10000 domains.
2026-09-30 15:11:49,276 INFO asdec.enrichers.lexical.worker: [Batch 24] 0/10000 domains enriched succesfully. 10000 errors.
2026-09-30 15:11:49,665 INFO asdec.enrichers.lexical.worker: [Batch 25] Fetched a batch of 10000 domains.
2026-09-30 15:11:49,982 INFO asdec.enrichers.lexical.worker: [Batch 25] 0/10000 domains enriched succesfully. 10000 errors.
2026-09-30 15:11:50,349 INFO asdec.enrichers.lexical.worker: [Batch 26] Fetched a batch of 10000 domains.
2026-09-30 15:11:50,600 INFO asdec.enrichers.lexical.worker: [Batch 26] 0/10000 domains enriched succesfully. 10000 errors.
2026-09-30 15:11:51,022 INFO asdec.enrichers.lexical.worker: [Batch 27] Fetched a batch of 10000 domains.
2026-09-30 15:11:51,251 INFO asdec.enrichers.lexical.worker: [Batch 27] 0/10000 domains enriched succesfully. 10000 errors.
2026-09-30 15:11:51,706 INFO asdec.enrichers.lexical.worker: [Batch 28] Fetched a batch of 10000 domains.
2026-09-30 15:11:51,870 INFO asdec.enrichers.lexical.worker: [Batch 28] 0/10000 domains enriched succesfully. 10000 errors.
2026-09-30 15:11:52,337 INFO asdec.enrichers.lexical.worker: [Batch 29] Fetched a batch of 10000 domains.
2026-09-30 15:11:52,506 INFO asdec.enrichers.lexical.worker: [Batch 29] 0/10000 domains enriched succesfully. 10000 errors.
2026-09-30 15:11:52,932 INFO asdec.enrichers.lexical.worker: [Batch 30] Fetched a batch of 10000 domains.
2026-09-30 15:11:53,182 INFO asdec.enrichers.lexical.worker: [Batch 30] 0/10000 domains enriched succesfully. 10000 errors.
2026-09-30 15:11:53,546 INFO asdec.enrichers.lexical.worker: [Batch 31] Fetched a batch of 10000 domains.
2026-09-30 15:11:53,804 INFO asdec.enrichers.lexical.worker: [Batch 31] 0/10000 domains enriched succesfully. 10000 errors.
2026-09-30 15:11:54,303 INFO asdec.enrichers.lexical.worker: [Batch 32] Fetched a batch of 10000 domains.
2026-09-30 15:11:54,470 INFO asdec.enrichers.lexical.worker: [Batch 32] 0/10000 domains enriched succesfully. 10000 errors.
2026-09-30 15:11:54,953 INFO asdec.enrichers.lexical.worker: [Batch 33] Fetched a batch of 10000 domains.
2026-09-30 15:11:55,111 INFO asdec.enrichers.lexical.worker: [Batch 33] 0/10000 domains enriched succesfully. 10000 errors.
2026-09-30 15:11:55,583 INFO asdec.enrichers.lexical.worker: [Batch 34] Fetched a batch of 10000 domains.
2026-09-30 15:11:55,732 INFO asdec.enrichers.lexical.worker: [Batch 34] 0/10000 domains enriched succesfully. 10000 errors.
2026-09-30 15:11:56,199 INFO asdec.enrichers.lexical.worker: [Batch 35] Fetched a batch of 10000 domains.
2026-09-30 15:11:56,447 INFO asdec.enrichers.lexical.worker: [Batch 35] 0/10000 domains enriched succesfully. 10000 errors.
2026-09-30 15:11:56,836 INFO asdec.enrichers.lexical.worker: [Batch 36] Fetched a batch of 10000 domains.
2026-09-30 15:11:57,096 INFO asdec.enrichers.lexical.worker: [Batch 36] 0/10000 domains enriched succesfully. 10000 errors.
2026-09-30 15:11:57,503 INFO asdec.enrichers.lexical.worker: [Batch 37] Fetched a batch of 10000 domains.
2026-09-30 15:11:57,766 INFO asdec.enrichers.lexical.worker: [Batch 37] 0/10000 domains enriched succesfully. 10000 errors.
2026-09-30 15:11:58,420 INFO asdec.enrichers.lexical.worker: [Batch 38] Fetched a batch of 10000 domains.
2026-09-30 15:11:58,585 INFO asdec.enrichers.lexical.worker: [Batch 38] 0/10000 domains enriched succesfully. 10000 errors.
2026-09-30 15:11:59,122 INFO asdec.enrichers.lexical.worker: [Batch 39] Fetched a batch of 10000 domains.
2026-09-30 15:11:59,281 INFO asdec.enrichers.lexical.worker: [Batch 39] 0/10000 domains enriched succesfully. 10000 errors.
2026-09-30 15:11:59,803 INFO asdec.enrichers.lexical.worker: [Batch 40] Fetched a batch of 10000 domains.
2026-09-30 15:12:00,065 INFO asdec.enrichers.lexical.worker: [Batch 40] 0/10000 domains enriched succesfully. 10000 errors.
2026-09-30 15:12:00,502 INFO asdec.enrichers.lexical.worker: [Batch 41] Fetched a batch of 10000 domains.
2026-09-30 15:12:00,760 INFO asdec.enrichers.lexical.worker: [Batch 41] 0/10000 domains enriched succesfully. 10000 errors.
2026-09-30 15:12:01,198 INFO asdec.enrichers.lexical.worker: [Batch 42] Fetched a batch of 10000 domains.
2026-09-30 15:12:01,453 INFO asdec.enrichers.lexical.worker: [Batch 42] 0/10000 domains enriched succesfully. 10000 errors.
2026-09-30 15:12:02,008 INFO asdec.enrichers.lexical.worker: [Batch 43] Fetched a batch of 10000 domains.
2026-09-30 15:12:02,162 INFO asdec.enrichers.lexical.worker: [Batch 43] 0/10000 domains enriched succesfully. 10000 errors.
2026-09-30 15:12:02,713 INFO asdec.enrichers.lexical.worker: [Batch 44] Fetched a batch of 10000 domains.
2026-09-30 15:12:02,899 INFO asdec.enrichers.lexical.worker: [Batch 44] 0/10000 domains enriched succesfully. 10000 errors.
2026-09-30 15:12:03,441 INFO asdec.enrichers.lexical.worker: [Batch 45] Fetched a batch of 10000 domains.
2026-09-30 15:12:03,690 INFO asdec.enrichers.lexical.worker: [Batch 45] 0/10000 domains enriched succesfully. 10000 errors.
2026-09-30 15:12:04,130 INFO asdec.enrichers.lexical.worker: [Batch 46] Fetched a batch of 10000 domains.
2026-09-30 15:12:04,423 INFO asdec.enrichers.lexical.worker: [Batch 46] 0/10000 domains enriched succesfully. 10000 errors.
2026-09-30 15:12:05,099 INFO asdec.enrichers.lexical.worker: [Batch 47] Fetched a batch of 10000 domains.
2026-09-30 15:12:05,254 INFO asdec.enrichers.lexical.worker: [Batch 47] 0/10000 domains enriched succesfully. 10000 errors.
2026-09-30 15:12:05,866 INFO asdec.enrichers.lexical.worker: [Batch 48] Fetched a batch of 10000 domains.
2026-09-30 15:12:06,034 INFO asdec.enrichers.lexical.worker: [Batch 48] 0/10000 domains enriched succesfully. 10000 errors.
2026-09-30 15:12:06,580 INFO asdec.enrichers.lexical.worker: [Batch 49] Fetched a batch of 10000 domains.
2026-09-30 15:12:06,729 INFO asdec.enrichers.lexical.worker: [Batch 49] 0/10000 domains enriched succesfully. 10000 errors.
2026-09-30 15:12:07,296 INFO asdec.enrichers.lexical.worker: [Batch 50] Fetched a batch of 10000 domains.
2026-09-30 15:12:07,555 INFO asdec.enrichers.lexical.worker: [Batch 50] 0/10000 domains enriched succesfully. 10000 errors.
2026-09-30 15:12:08,054 INFO asdec.enrichers.lexical.worker: [Batch 51] Fetched a batch of 10000 domains.
2026-09-30 15:12:08,377 INFO asdec.enrichers.lexical.worker: [Batch 51] 0/10000 domains enriched succesfully. 10000 errors.
2026-09-30 15:12:08,961 INFO asdec.enrichers.lexical.worker: [Batch 52] Fetched a batch of 10000 domains.
2026-09-30 15:12:09,116 INFO asdec.enrichers.lexical.worker: [Batch 52] 0/10000 domains enriched succesfully. 10000 errors.
2026-09-30 15:12:09,703 INFO asdec.enrichers.lexical.worker: [Batch 53] Fetched a batch of 10000 domains.
2026-09-30 15:12:09,859 INFO asdec.enrichers.lexical.worker: [Batch 53] 0/10000 domains enriched succesfully. 10000 errors.
2026-09-30 15:12:10,465 INFO asdec.enrichers.lexical.worker: [Batch 54] Fetched a batch of 10000 domains.
2026-09-30 15:12:10,630 INFO asdec.enrichers.lexical.worker: [Batch 54] 0/10000 domains enriched succesfully. 10000 errors.
2026-09-30 15:12:11,252 INFO asdec.enrichers.lexical.worker: [Batch 55] Fetched a batch of 10000 domains.
2026-09-30 15:12:11,516 INFO asdec.enrichers.lexical.worker: [Batch 55] 0/10000 domains enriched succesfully. 10000 errors.
2026-09-30 15:12:12,033 INFO asdec.enrichers.lexical.worker: [Batch 56] Fetched a batch of 10000 domains.
2026-09-30 15:12:12,280 INFO asdec.enrichers.lexical.worker: [Batch 56] 0/10000 domains enriched succesfully. 10000 errors.
2026-09-30 15:12:12,925 INFO asdec.enrichers.lexical.worker: [Batch 57] Fetched a batch of 10000 domains.
2026-09-30 15:12:13,093 INFO asdec.enrichers.lexical.worker: [Batch 57] 0/10000 domains enriched succesfully. 10000 errors.
2026-09-30 15:12:13,739 INFO asdec.enrichers.lexical.worker: [Batch 58] Fetched a batch of 10000 domains.
2026-09-30 15:12:13,902 INFO asdec.enrichers.lexical.worker: [Batch 58] 0/10000 domains enriched succesfully. 10000 errors.
2026-09-30 15:12:14,578 INFO asdec.enrichers.lexical.worker: [Batch 59] Fetched a batch of 10000 domains.
2026-09-30 15:12:14,754 INFO asdec.enrichers.lexical.worker: [Batch 59] 0/10000 domains enriched succesfully. 10000 errors.
2026-09-30 15:12:15,400 INFO asdec.enrichers.lexical.worker: [Batch 60] Fetched a batch of 10000 domains.
2026-09-30 15:12:15,669 INFO asdec.enrichers.lexical.worker: [Batch 60] 0/10000 domains enriched succesfully. 10000 errors.
2026-09-30 15:12:16,283 INFO asdec.enrichers.lexical.worker: [Batch 61] Fetched a batch of 10000 domains.
2026-09-30 15:12:16,578 INFO asdec.enrichers.lexical.worker: [Batch 61] 0/10000 domains enriched succesfully. 10000 errors.
2026-09-30 15:12:17,158 INFO asdec.enrichers.lexical.worker: [Batch 62] Fetched a batch of 10000 domains.
2026-09-30 15:12:17,415 INFO asdec.enrichers.lexical.worker: [Batch 62] 0/10000 domains enriched succesfully. 10000 errors.
2026-09-30 15:12:18,116 INFO asdec.enrichers.lexical.worker: [Batch 63] Fetched a batch of 10000 domains.
2026-09-30 15:12:18,283 INFO asdec.enrichers.lexical.worker: [Batch 63] 0/10000 domains enriched succesfully. 10000 errors.
2026-09-30 15:12:18,962 INFO asdec.enrichers.lexical.worker: [Batch 64] Fetched a batch of 10000 domains.
2026-09-30 15:12:19,124 INFO asdec.enrichers.lexical.worker: [Batch 64] 0/10000 domains enriched succesfully. 10000 errors.
2026-09-30 15:12:19,956 INFO asdec.enrichers.lexical.worker: [Batch 65] Fetched a batch of 10000 domains.
2026-09-30 15:12:20,289 INFO asdec.enrichers.lexical.worker: [Batch 65] 0/10000 domains enriched succesfully. 10000 errors.
2026-09-30 15:12:20,882 INFO asdec.enrichers.lexical.worker: [Batch 66] Fetched a batch of 10000 domains.
2026-09-30 15:12:21,124 INFO asdec.enrichers.lexical.worker: [Batch 66] 0/10000 domains enriched succesfully. 10000 errors.
2026-09-30 15:12:21,903 INFO asdec.enrichers.lexical.worker: [Batch 67] Fetched a batch of 10000 domains.
2026-09-30 15:12:22,180 INFO asdec.enrichers.lexical.worker: [Batch 67] 0/10000 domains enriched succesfully. 10000 errors.
2026-09-30 15:12:23,034 INFO asdec.enrichers.lexical.worker: [Batch 68] Fetched a batch of 10000 domains.
2026-09-30 15:12:23,199 INFO asdec.enrichers.lexical.worker: [Batch 68] 0/10000 domains enriched succesfully. 10000 errors.
2026-09-30 15:12:23,905 INFO asdec.enrichers.lexical.worker: [Batch 69] Fetched a batch of 10000 domains.
2026-09-30 15:12:24,063 INFO asdec.enrichers.lexical.worker: [Batch 69] 0/10000 domains enriched succesfully. 10000 errors.
2026-09-30 15:12:24,755 INFO asdec.enrichers.lexical.worker: [Batch 70] Fetched a batch of 10000 domains.
2026-09-30 15:12:25,017 INFO asdec.enrichers.lexical.worker: [Batch 70] 0/10000 domains enriched succesfully. 10000 errors.
2026-09-30 15:12:25,657 INFO asdec.enrichers.lexical.worker: [Batch 71] Fetched a batch of 10000 domains.
2026-09-30 15:12:25,899 INFO asdec.enrichers.lexical.worker: [Batch 71] 0/10000 domains enriched succesfully. 10000 errors.
2026-09-30 15:12:26,637 INFO asdec.enrichers.lexical.worker: [Batch 72] Fetched a batch of 10000 domains.
2026-09-30 15:12:26,790 INFO asdec.enrichers.lexical.worker: [Batch 72] 0/10000 domains enriched succesfully. 10000 errors.
2026-09-30 15:12:27,542 INFO asdec.enrichers.lexical.worker: [Batch 73] Fetched a batch of 10000 domains.
2026-09-30 15:12:27,701 INFO asdec.enrichers.lexical.worker: [Batch 73] 0/10000 domains enriched succesfully. 10000 errors.
2026-09-30 15:12:28,433 INFO asdec.enrichers.lexical.worker: [Batch 74] Fetched a batch of 10000 domains.
2026-09-30 15:12:28,587 INFO asdec.enrichers.lexical.worker: [Batch 74] 0/10000 domains enriched succesfully. 10000 errors.
2026-09-30 15:12:29,316 INFO asdec.enrichers.lexical.worker: [Batch 75] Fetched a batch of 10000 domains.
2026-09-30 15:12:29,639 INFO asdec.enrichers.lexical.worker: [Batch 75] 0/10000 domains enriched succesfully. 10000 errors.
2026-09-30 15:12:30,337 INFO asdec.enrichers.lexical.worker: [Batch 76] Fetched a batch of 10000 domains.
2026-09-30 15:12:30,577 INFO asdec.enrichers.lexical.worker: [Batch 76] 0/10000 domains enriched succesfully. 10000 errors.
2026-09-30 15:12:31,381 INFO asdec.enrichers.lexical.worker: [Batch 77] Fetched a batch of 10000 domains.
2026-09-30 15:12:31,532 INFO asdec.enrichers.lexical.worker: [Batch 77] 0/10000 domains enriched succesfully. 10000 errors.
2026-09-30 15:12:32,303 INFO asdec.enrichers.lexical.worker: [Batch 78] Fetched a batch of 10000 domains.
2026-09-30 15:12:32,461 INFO asdec.enrichers.lexical.worker: [Batch 78] 0/10000 domains enriched succesfully. 10000 errors.
2026-09-30 15:12:33,242 INFO asdec.enrichers.lexical.worker: [Batch 79] Fetched a batch of 10000 domains.
2026-09-30 15:12:33,404 INFO asdec.enrichers.lexical.worker: [Batch 79] 0/10000 domains enriched succesfully. 10000 errors.
2026-09-30 15:12:34,184 INFO asdec.enrichers.lexical.worker: [Batch 80] Fetched a batch of 10000 domains.
2026-09-30 15:12:34,450 INFO asdec.enrichers.lexical.worker: [Batch 80] 0/10000 domains enriched succesfully. 10000 errors.
2026-09-30 15:12:35,146 INFO asdec.enrichers.lexical.worker: [Batch 81] Fetched a batch of 10000 domains.
2026-09-30 15:12:35,395 INFO asdec.enrichers.lexical.worker: [Batch 81] 0/10000 domains enriched succesfully. 10000 errors.
2026-09-30 15:12:36,124 INFO asdec.enrichers.lexical.worker: [Batch 82] Fetched a batch of 10000 domains.
2026-09-30 15:12:36,364 INFO asdec.enrichers.lexical.worker: [Batch 82] 0/10000 domains enriched succesfully. 10000 errors.
2026-09-30 15:12:37,159 INFO asdec.enrichers.lexical.worker: [Batch 83] Fetched a batch of 10000 domains.
2026-09-30 15:12:37,311 INFO asdec.enrichers.lexical.worker: [Batch 83] 0/10000 domains enriched succesfully. 10000 errors.
2026-09-30 15:12:38,174 INFO asdec.enrichers.lexical.worker: [Batch 84] Fetched a batch of 10000 domains.
2026-09-30 15:12:38,328 INFO asdec.enrichers.lexical.worker: [Batch 84] 0/10000 domains enriched succesfully. 10000 errors.
2026-09-30 15:12:39,139 INFO asdec.enrichers.lexical.worker: [Batch 85] Fetched a batch of 10000 domains.
2026-09-30 15:12:39,481 INFO asdec.enrichers.lexical.worker: [Batch 85] 0/10000 domains enriched succesfully. 10000 errors.
2026-09-30 15:12:40,193 INFO asdec.enrichers.lexical.worker: [Batch 86] Fetched a batch of 10000 domains.
2026-09-30 15:12:40,446 INFO asdec.enrichers.lexical.worker: [Batch 86] 0/10000 domains enriched succesfully. 10000 errors.
2026-09-30 15:12:41,285 INFO asdec.enrichers.lexical.worker: [Batch 87] Fetched a batch of 10000 domains.
2026-09-30 15:12:41,441 INFO asdec.enrichers.lexical.worker: [Batch 87] 0/10000 domains enriched succesfully. 10000 errors.
2026-09-30 15:12:42,332 INFO asdec.enrichers.lexical.worker: [Batch 88] Fetched a batch of 10000 domains.
2026-09-30 15:12:42,498 INFO asdec.enrichers.lexical.worker: [Batch 88] 0/10000 domains enriched succesfully. 10000 errors.
2026-09-30 15:12:43,329 INFO asdec.enrichers.lexical.worker: [Batch 89] Fetched a batch of 10000 domains.
2026-09-30 15:12:43,486 INFO asdec.enrichers.lexical.worker: [Batch 89] 0/10000 domains enriched succesfully. 10000 errors.
2026-09-30 15:12:44,360 INFO asdec.enrichers.lexical.worker: [Batch 90] Fetched a batch of 10000 domains.
2026-09-30 15:12:44,622 INFO asdec.enrichers.lexical.worker: [Batch 90] 0/10000 domains enriched succesfully. 10000 errors.
2026-09-30 15:12:45,505 INFO asdec.enrichers.lexical.worker: [Batch 91] Fetched a batch of 10000 domains.
2026-09-30 15:12:45,772 INFO asdec.enrichers.lexical.worker: [Batch 91] 0/10000 domains enriched succesfully. 10000 errors.
2026-09-30 15:12:46,585 INFO asdec.enrichers.lexical.worker: [Batch 92] Fetched a batch of 10000 domains.
2026-09-30 15:12:46,819 INFO asdec.enrichers.lexical.worker: [Batch 92] 0/10000 domains enriched succesfully. 10000 errors.
2026-09-30 15:12:47,766 INFO asdec.enrichers.lexical.worker: [Batch 93] Fetched a batch of 10000 domains.
2026-09-30 15:12:47,925 INFO asdec.enrichers.lexical.worker: [Batch 93] 0/10000 domains enriched succesfully. 10000 errors.
2026-09-30 15:12:48,868 INFO asdec.enrichers.lexical.worker: [Batch 94] Fetched a batch of 10000 domains.
2026-09-30 15:12:49,025 INFO asdec.enrichers.lexical.worker: [Batch 94] 0/10000 domains enriched succesfully. 10000 errors.
2026-09-30 15:12:49,978 INFO asdec.enrichers.lexical.worker: [Batch 95] Fetched a batch of 10000 domains.
2026-09-30 15:12:50,233 INFO asdec.enrichers.lexical.worker: [Batch 95] 0/10000 domains enriched succesfully. 10000 errors.
2026-09-30 15:12:51,125 INFO asdec.enrichers.lexical.worker: [Batch 96] Fetched a batch of 10000 domains.
2026-09-30 15:12:51,372 INFO asdec.enrichers.lexical.worker: [Batch 96] 0/10000 domains enriched succesfully. 10000 errors.
2026-09-30 15:12:52,399 INFO asdec.enrichers.lexical.worker: [Batch 97] Fetched a batch of 10000 domains.
2026-09-30 15:12:52,557 INFO asdec.enrichers.lexical.worker: [Batch 97] 0/10000 domains enriched succesfully. 10000 errors.
2026-09-30 15:12:53,530 INFO asdec.enrichers.lexical.worker: [Batch 98] Fetched a batch of 10000 domains.
2026-09-30 15:12:53,689 INFO asdec.enrichers.lexical.worker: [Batch 98] 0/10000 domains enriched succesfully. 10000 errors.
2026-09-30 15:12:54,647 INFO asdec.enrichers.lexical.worker: [Batch 99] Fetched a batch of 10000 domains.
2026-09-30 15:12:54,805 INFO asdec.enrichers.lexical.worker: [Batch 99] 0/10000 domains enriched succesfully. 10000 errors.
2026-09-30 15:12:55,769 INFO asdec.enrichers.lexical.worker: [Batch 100] Fetched a batch of 10000 domains.
2026-09-30 15:12:56,091 INFO asdec.enrichers.lexical.worker: [Batch 100] 0/10000 domains enriched succesfully. 10000 errors.
2026-09-30 15:12:57,112 INFO asdec.enrichers.lexical.worker: [Batch 101] Fetched a batch of 10000 domains.
2026-09-30 15:12:57,459 INFO asdec.enrichers.lexical.worker: [Batch 101] 0/10000 domains enriched succesfully. 10000 errors.
2026-09-30 15:12:58,352 INFO asdec.enrichers.lexical.worker: [Batch 102] Fetched a batch of 10000 domains.
2026-09-30 15:12:58,610 INFO asdec.enrichers.lexical.worker: [Batch 102] 0/10000 domains enriched succesfully. 10000 errors.
2026-09-30 15:12:59,600 INFO asdec.enrichers.lexical.worker: [Batch 103] Fetched a batch of 10000 domains.
2026-09-30 15:12:59,754 INFO asdec.enrichers.lexical.worker: [Batch 103] 0/10000 domains enriched succesfully. 10000 errors.
2026-09-30 15:13:00,739 INFO asdec.enrichers.lexical.worker: [Batch 104] Fetched a batch of 10000 domains.
2026-09-30 15:13:00,899 INFO asdec.enrichers.lexical.worker: [Batch 104] 0/10000 domains enriched succesfully. 10000 errors.
2026-09-30 15:13:01,890 INFO asdec.enrichers.lexical.worker: [Batch 105] Fetched a batch of 10000 domains.
2026-09-30 15:13:02,156 INFO asdec.enrichers.lexical.worker: [Batch 105] 0/10000 domains enriched succesfully. 10000 errors.
2026-09-30 15:13:03,061 INFO asdec.enrichers.lexical.worker: [Batch 106] Fetched a batch of 10000 domains.
2026-09-30 15:13:03,308 INFO asdec.enrichers.lexical.worker: [Batch 106] 0/10000 domains enriched succesfully. 10000 errors.
2026-09-30 15:13:04,329 INFO asdec.enrichers.lexical.worker: [Batch 107] Fetched a batch of 10000 domains.
2026-09-30 15:13:04,485 INFO asdec.enrichers.lexical.worker: [Batch 107] 0/10000 domains enriched succesfully. 10000 errors.
2026-09-30 15:13:05,498 INFO asdec.enrichers.lexical.worker: [Batch 108] Fetched a batch of 10000 domains.
2026-09-30 15:13:05,649 INFO asdec.enrichers.lexical.worker: [Batch 108] 0/10000 domains enriched succesfully. 10000 errors.
2026-09-30 15:13:06,658 INFO asdec.enrichers.lexical.worker: [Batch 109] Fetched a batch of 10000 domains.
2026-09-30 15:13:06,809 INFO asdec.enrichers.lexical.worker: [Batch 109] 0/10000 domains enriched succesfully. 10000 errors.
2026-09-30 15:13:07,847 INFO asdec.enrichers.lexical.worker: [Batch 110] Fetched a batch of 10000 domains.
2026-09-30 15:13:08,103 INFO asdec.enrichers.lexical.worker: [Batch 110] 0/10000 domains enriched succesfully. 10000 errors.
2026-09-30 15:13:09,085 INFO asdec.enrichers.lexical.worker: [Batch 111] Fetched a batch of 10000 domains.
2026-09-30 15:13:09,338 INFO asdec.enrichers.lexical.worker: [Batch 111] 0/10000 domains enriched succesfully. 10000 errors.
2026-09-30 15:13:10,322 INFO asdec.enrichers.lexical.worker: [Batch 112] Fetched a batch of 10000 domains.
2026-09-30 15:13:10,561 INFO asdec.enrichers.lexical.worker: [Batch 112] 0/10000 domains enriched succesfully. 10000 errors.
2026-09-30 15:13:11,617 INFO asdec.enrichers.lexical.worker: [Batch 113] Fetched a batch of 10000 domains.
2026-09-30 15:13:11,778 INFO asdec.enrichers.lexical.worker: [Batch 113] 0/10000 domains enriched succesfully. 10000 errors.
2026-09-30 15:13:12,875 INFO asdec.enrichers.lexical.worker: [Batch 114] Fetched a batch of 10000 domains.
2026-09-30 15:13:13,029 INFO asdec.enrichers.lexical.worker: [Batch 114] 0/10000 domains enriched succesfully. 10000 errors.
2026-09-30 15:13:14,186 INFO asdec.enrichers.lexical.worker: [Batch 115] Fetched a batch of 10000 domains.
2026-09-30 15:13:14,468 INFO asdec.enrichers.lexical.worker: [Batch 115] 0/10000 domains enriched succesfully. 10000 errors.
2026-09-30 15:13:15,484 INFO asdec.enrichers.lexical.worker: [Batch 116] Fetched a batch of 10000 domains.
2026-09-30 15:13:15,826 INFO asdec.enrichers.lexical.worker: [Batch 116] 0/10000 domains enriched succesfully. 10000 errors.
2026-09-30 15:13:16,872 INFO asdec.enrichers.lexical.worker: [Batch 117] Fetched a batch of 10000 domains.
2026-09-30 15:13:17,110 INFO asdec.enrichers.lexical.worker: [Batch 117] 0/10000 domains enriched succesfully. 10000 errors.
2026-09-30 15:13:18,327 INFO asdec.enrichers.lexical.worker: [Batch 118] Fetched a batch of 10000 domains.
2026-09-30 15:13:18,489 INFO asdec.enrichers.lexical.worker: [Batch 118] 0/10000 domains enriched succesfully. 10000 errors.
2026-09-30 15:13:19,579 INFO asdec.enrichers.lexical.worker: [Batch 119] Fetched a batch of 10000 domains.
2026-09-30 15:13:19,737 INFO asdec.enrichers.lexical.worker: [Batch 119] 0/10000 domains enriched succesfully. 10000 errors.
2026-09-30 15:13:20,849 INFO asdec.enrichers.lexical.worker: [Batch 120] Fetched a batch of 10000 domains.
2026-09-30 15:13:21,119 INFO asdec.enrichers.lexical.worker: [Batch 120] 0/10000 domains enriched succesfully. 10000 errors.
2026-09-30 15:13:22,187 INFO asdec.enrichers.lexical.worker: [Batch 121] Fetched a batch of 10000 domains.
2026-09-30 15:13:22,475 INFO asdec.enrichers.lexical.worker: [Batch 121] 0/10000 domains enriched succesfully. 10000 errors.
2026-09-30 15:13:23,801 INFO asdec.enrichers.lexical.worker: [Batch 122] Fetched a batch of 10000 domains.
2026-09-30 15:13:23,969 INFO asdec.enrichers.lexical.worker: [Batch 122] 0/10000 domains enriched succesfully. 10000 errors.
2026-09-30 15:13:25,127 INFO asdec.enrichers.lexical.worker: [Batch 123] Fetched a batch of 10000 domains.
2026-09-30 15:13:25,292 INFO asdec.enrichers.lexical.worker: [Batch 123] 0/10000 domains enriched succesfully. 10000 errors.
2026-09-30 15:13:26,446 INFO asdec.enrichers.lexical.worker: [Batch 124] Fetched a batch of 10000 domains.
2026-09-30 15:13:26,607 INFO asdec.enrichers.lexical.worker: [Batch 124] 0/10000 domains enriched succesfully. 10000 errors.
2026-09-30 15:13:27,734 INFO asdec.enrichers.lexical.worker: [Batch 125] Fetched a batch of 10000 domains.
2026-09-30 15:13:27,992 INFO asdec.enrichers.lexical.worker: [Batch 125] 0/10000 domains enriched succesfully. 10000 errors.
2026-09-30 15:13:29,095 INFO asdec.enrichers.lexical.worker: [Batch 126] Fetched a batch of 10000 domains.
2026-09-30 15:13:29,350 INFO asdec.enrichers.lexical.worker: [Batch 126] 0/10000 domains enriched succesfully. 10000 errors.
2026-09-30 15:13:30,415 INFO asdec.enrichers.lexical.worker: [Batch 127] Fetched a batch of 10000 domains.
2026-09-30 15:13:30,656 INFO asdec.enrichers.lexical.worker: [Batch 127] 0/10000 domains enriched succesfully. 10000 errors.
2026-09-30 15:13:31,817 INFO asdec.enrichers.lexical.worker: [Batch 128] Fetched a batch of 10000 domains.
2026-09-30 15:13:31,967 INFO asdec.enrichers.lexical.worker: [Batch 128] 0/10000 domains enriched succesfully. 10000 errors.
2026-09-30 15:13:33,117 INFO asdec.enrichers.lexical.worker: [Batch 129] Fetched a batch of 10000 domains.
2026-09-30 15:13:33,269 INFO asdec.enrichers.lexical.worker: [Batch 129] 0/10000 domains enriched succesfully. 10000 errors.
2026-09-30 15:13:34,500 INFO asdec.enrichers.lexical.worker: [Batch 130] Fetched a batch of 10000 domains.
2026-09-30 15:13:34,760 INFO asdec.enrichers.lexical.worker: [Batch 130] 0/10000 domains enriched succesfully. 10000 errors.
2026-09-30 15:13:35,890 INFO asdec.enrichers.lexical.worker: [Batch 131] Fetched a batch of 10000 domains.
2026-09-30 15:13:36,139 INFO asdec.enrichers.lexical.worker: [Batch 131] 0/10000 domains enriched succesfully. 10000 errors.
2026-09-30 15:13:37,272 INFO asdec.enrichers.lexical.worker: [Batch 132] Fetched a batch of 10000 domains.
2026-09-30 15:13:37,525 INFO asdec.enrichers.lexical.worker: [Batch 132] 0/10000 domains enriched succesfully. 10000 errors.
2026-09-30 15:13:38,788 INFO asdec.enrichers.lexical.worker: [Batch 133] Fetched a batch of 10000 domains.
2026-09-30 15:13:38,947 INFO asdec.enrichers.lexical.worker: [Batch 133] 0/10000 domains enriched succesfully. 10000 errors.
2026-09-30 15:13:40,165 INFO asdec.enrichers.lexical.worker: [Batch 134] Fetched a batch of 10000 domains.
2026-09-30 15:13:40,319 INFO asdec.enrichers.lexical.worker: [Batch 134] 0/10000 domains enriched succesfully. 10000 errors.
2026-09-30 15:13:41,539 INFO asdec.enrichers.lexical.worker: [Batch 135] Fetched a batch of 10000 domains.
2026-09-30 15:13:41,794 INFO asdec.enrichers.lexical.worker: [Batch 135] 0/10000 domains enriched succesfully. 10000 errors.
2026-09-30 15:13:42,909 INFO asdec.enrichers.lexical.worker: [Batch 136] Fetched a batch of 10000 domains.
2026-09-30 15:13:43,178 INFO asdec.enrichers.lexical.worker: [Batch 136] 0/10000 domains enriched succesfully. 10000 errors.
2026-09-30 15:13:44,372 INFO asdec.enrichers.lexical.worker: [Batch 137] Fetched a batch of 10000 domains.
2026-09-30 15:13:44,652 INFO asdec.enrichers.lexical.worker: [Batch 137] 0/10000 domains enriched succesfully. 10000 errors.
2026-09-30 15:13:45,898 INFO asdec.enrichers.lexical.worker: [Batch 138] Fetched a batch of 10000 domains.
2026-09-30 15:13:46,102 INFO asdec.enrichers.lexical.worker: [Batch 138] 0/10000 domains enriched succesfully. 10000 errors.
2026-09-30 15:13:47,454 INFO asdec.enrichers.lexical.worker: [Batch 139] Fetched a batch of 10000 domains.
2026-09-30 15:13:47,610 INFO asdec.enrichers.lexical.worker: [Batch 139] 0/10000 domains enriched succesfully. 10000 errors.
2026-09-30 15:13:48,857 INFO asdec.enrichers.lexical.worker: [Batch 140] Fetched a batch of 10000 domains.
2026-09-30 15:13:49,119 INFO asdec.enrichers.lexical.worker: [Batch 140] 0/10000 domains enriched succesfully. 10000 errors.
2026-09-30 15:13:50,308 INFO asdec.enrichers.lexical.worker: [Batch 141] Fetched a batch of 10000 domains.
2026-09-30 15:13:50,562 INFO asdec.enrichers.lexical.worker: [Batch 141] 0/10000 domains enriched succesfully. 10000 errors.
2026-09-30 15:13:51,837 INFO asdec.enrichers.lexical.worker: [Batch 142] Fetched a batch of 10000 domains.
2026-09-30 15:13:51,990 INFO asdec.enrichers.lexical.worker: [Batch 142] 0/10000 domains enriched succesfully. 10000 errors.
2026-09-30 15:13:53,273 INFO asdec.enrichers.lexical.worker: [Batch 143] Fetched a batch of 10000 domains.
2026-09-30 15:13:53,434 INFO asdec.enrichers.lexical.worker: [Batch 143] 0/10000 domains enriched succesfully. 10000 errors.
2026-09-30 15:13:54,703 INFO asdec.enrichers.lexical.worker: [Batch 144] Fetched a batch of 10000 domains.
2026-09-30 15:13:54,854 INFO asdec.enrichers.lexical.worker: [Batch 144] 0/10000 domains enriched succesfully. 10000 errors.
2026-09-30 15:13:56,111 INFO asdec.enrichers.lexical.worker: [Batch 145] Fetched a batch of 10000 domains.
2026-09-30 15:13:56,368 INFO asdec.enrichers.lexical.worker: [Batch 145] 0/10000 domains enriched succesfully. 10000 errors.
2026-09-30 15:13:57,580 INFO asdec.enrichers.lexical.worker: [Batch 146] Fetched a batch of 10000 domains.
2026-09-30 15:13:57,844 INFO asdec.enrichers.lexical.worker: [Batch 146] 0/10000 domains enriched succesfully. 10000 errors.
2026-09-30 15:13:59,091 INFO asdec.enrichers.lexical.worker: [Batch 147] Fetched a batch of 10000 domains.
2026-09-30 15:13:59,353 INFO asdec.enrichers.lexical.worker: [Batch 147] 0/10000 domains enriched succesfully. 10000 errors.
2026-09-30 15:14:00,690 INFO asdec.enrichers.lexical.worker: [Batch 148] Fetched a batch of 10000 domains.
2026-09-30 15:14:00,851 INFO asdec.enrichers.lexical.worker: [Batch 148] 0/10000 domains enriched succesfully. 10000 errors.
2026-09-30 15:14:02,182 INFO asdec.enrichers.lexical.worker: [Batch 149] Fetched a batch of 10000 domains.
2026-09-30 15:14:02,358 INFO asdec.enrichers.lexical.worker: [Batch 149] 0/10000 domains enriched succesfully. 10000 errors.
2026-09-30 15:14:03,744 INFO asdec.enrichers.lexical.worker: [Batch 150] Fetched a batch of 10000 domains.
2026-09-30 15:14:04,095 INFO asdec.enrichers.lexical.worker: [Batch 150] 0/10000 domains enriched succesfully. 10000 errors.
2026-09-30 15:14:05,396 INFO asdec.enrichers.lexical.worker: [Batch 151] Fetched a batch of 10000 domains.
2026-09-30 15:14:05,678 INFO asdec.enrichers.lexical.worker: [Batch 151] 0/10000 domains enriched succesfully. 10000 errors.
2026-09-30 15:14:07,018 INFO asdec.enrichers.lexical.worker: [Batch 152] Fetched a batch of 10000 domains.
2026-09-30 15:14:07,175 INFO asdec.enrichers.lexical.worker: [Batch 152] 0/10000 domains enriched succesfully. 10000 errors.
2026-09-30 15:14:08,490 INFO asdec.enrichers.lexical.worker: [Batch 153] Fetched a batch of 10000 domains.
2026-09-30 15:14:08,653 INFO asdec.enrichers.lexical.worker: [Batch 153] 0/10000 domains enriched succesfully. 10000 errors.
2026-09-30 15:14:09,996 INFO asdec.enrichers.lexical.worker: [Batch 154] Fetched a batch of 10000 domains.
2026-09-30 15:14:10,154 INFO asdec.enrichers.lexical.worker: [Batch 154] 0/10000 domains enriched succesfully. 10000 errors.
2026-09-30 15:14:11,485 INFO asdec.enrichers.lexical.worker: [Batch 155] Fetched a batch of 10000 domains.
2026-09-30 15:14:11,746 INFO asdec.enrichers.lexical.worker: [Batch 155] 0/10000 domains enriched succesfully. 10000 errors.
2026-09-30 15:14:13,002 INFO asdec.enrichers.lexical.worker: [Batch 156] Fetched a batch of 10000 domains.
2026-09-30 15:14:13,254 INFO asdec.enrichers.lexical.worker: [Batch 156] 0/10000 domains enriched succesfully. 10000 errors.
2026-09-30 15:14:14,549 INFO asdec.enrichers.lexical.worker: [Batch 157] Fetched a batch of 10000 domains.
2026-09-30 15:14:14,804 INFO asdec.enrichers.lexical.worker: [Batch 157] 0/10000 domains enriched succesfully. 10000 errors.
2026-09-30 15:14:16,167 INFO asdec.enrichers.lexical.worker: [Batch 158] Fetched a batch of 10000 domains.
2026-09-30 15:14:16,320 INFO asdec.enrichers.lexical.worker: [Batch 158] 0/10000 domains enriched succesfully. 10000 errors.
2026-09-30 15:14:17,695 INFO asdec.enrichers.lexical.worker: [Batch 159] Fetched a batch of 10000 domains.
2026-09-30 15:14:17,846 INFO asdec.enrichers.lexical.worker: [Batch 159] 0/10000 domains enriched succesfully. 10000 errors.
2026-09-30 15:14:19,233 INFO asdec.enrichers.lexical.worker: [Batch 160] Fetched a batch of 10000 domains.
2026-09-30 15:14:19,508 INFO asdec.enrichers.lexical.worker: [Batch 160] 0/10000 domains enriched succesfully. 10000 errors.
2026-09-30 15:14:20,873 INFO asdec.enrichers.lexical.worker: [Batch 161] Fetched a batch of 10000 domains.
2026-09-30 15:14:21,125 INFO asdec.enrichers.lexical.worker: [Batch 161] 0/10000 domains enriched succesfully. 10000 errors.
2026-09-30 15:14:22,523 INFO asdec.enrichers.lexical.worker: [Batch 162] Fetched a batch of 10000 domains.
2026-09-30 15:14:22,683 INFO asdec.enrichers.lexical.worker: [Batch 162] 0/10000 domains enriched succesfully. 10000 errors.
2026-09-30 15:14:24,093 INFO asdec.enrichers.lexical.worker: [Batch 163] Fetched a batch of 10000 domains.
2026-09-30 15:14:24,247 INFO asdec.enrichers.lexical.worker: [Batch 163] 0/10000 domains enriched succesfully. 10000 errors.
2026-09-30 15:14:25,669 INFO asdec.enrichers.lexical.worker: [Batch 164] Fetched a batch of 10000 domains.
2026-09-30 15:14:25,824 INFO asdec.enrichers.lexical.worker: [Batch 164] 0/10000 domains enriched succesfully. 10000 errors.
2026-09-30 15:14:27,224 INFO asdec.enrichers.lexical.worker: [Batch 165] Fetched a batch of 10000 domains.
2026-09-30 15:14:27,486 INFO asdec.enrichers.lexical.worker: [Batch 165] 0/10000 domains enriched succesfully. 10000 errors.
2026-09-30 15:14:28,834 INFO asdec.enrichers.lexical.worker: [Batch 166] Fetched a batch of 10000 domains.
2026-09-30 15:14:29,090 INFO asdec.enrichers.lexical.worker: [Batch 166] 0/10000 domains enriched succesfully. 10000 errors.
2026-09-30 15:14:30,466 INFO asdec.enrichers.lexical.worker: [Batch 167] Fetched a batch of 10000 domains.
2026-09-30 15:14:30,719 INFO asdec.enrichers.lexical.worker: [Batch 167] 0/10000 domains enriched succesfully. 10000 errors.
2026-09-30 15:14:32,173 INFO asdec.enrichers.lexical.worker: [Batch 168] Fetched a batch of 10000 domains.
2026-09-30 15:14:32,332 INFO asdec.enrichers.lexical.worker: [Batch 168] 0/10000 domains enriched succesfully. 10000 errors.
2026-09-30 15:14:33,821 INFO asdec.enrichers.lexical.worker: [Batch 169] Fetched a batch of 10000 domains.
2026-09-30 15:14:33,976 INFO asdec.enrichers.lexical.worker: [Batch 169] 0/10000 domains enriched succesfully. 10000 errors.
2026-09-30 15:14:35,417 INFO asdec.enrichers.lexical.worker: [Batch 170] Fetched a batch of 10000 domains.
2026-09-30 15:14:35,678 INFO asdec.enrichers.lexical.worker: [Batch 170] 0/10000 domains enriched succesfully. 10000 errors.
2026-09-30 15:14:37,046 INFO asdec.enrichers.lexical.worker: [Batch 171] Fetched a batch of 10000 domains.
2026-09-30 15:14:37,304 INFO asdec.enrichers.lexical.worker: [Batch 171] 0/10000 domains enriched succesfully. 10000 errors.
2026-09-30 15:14:38,699 INFO asdec.enrichers.lexical.worker: [Batch 172] Fetched a batch of 10000 domains.
2026-09-30 15:14:38,944 INFO asdec.enrichers.lexical.worker: [Batch 172] 0/10000 domains enriched succesfully. 10000 errors.
2026-09-30 15:14:40,427 INFO asdec.enrichers.lexical.worker: [Batch 173] Fetched a batch of 10000 domains.
2026-09-30 15:14:40,583 INFO asdec.enrichers.lexical.worker: [Batch 173] 0/10000 domains enriched succesfully. 10000 errors.
2026-09-30 15:14:42,073 INFO asdec.enrichers.lexical.worker: [Batch 174] Fetched a batch of 10000 domains.
2026-09-30 15:14:42,234 INFO asdec.enrichers.lexical.worker: [Batch 174] 0/10000 domains enriched succesfully. 10000 errors.
2026-09-30 15:14:43,699 INFO asdec.enrichers.lexical.worker: [Batch 175] Fetched a batch of 10000 domains.
2026-09-30 15:14:43,970 INFO asdec.enrichers.lexical.worker: [Batch 175] 0/10000 domains enriched succesfully. 10000 errors.
2026-09-30 15:14:45,384 INFO asdec.enrichers.lexical.worker: [Batch 176] Fetched a batch of 10000 domains.
2026-09-30 15:14:45,639 INFO asdec.enrichers.lexical.worker: [Batch 176] 0/10000 domains enriched succesfully. 10000 errors.
2026-09-30 15:14:47,170 INFO asdec.enrichers.lexical.worker: [Batch 177] Fetched a batch of 10000 domains.
2026-09-30 15:14:47,322 INFO asdec.enrichers.lexical.worker: [Batch 177] 0/10000 domains enriched succesfully. 10000 errors.
2026-09-30 15:14:48,848 INFO asdec.enrichers.lexical.worker: [Batch 178] Fetched a batch of 10000 domains.
2026-09-30 15:14:49,001 INFO asdec.enrichers.lexical.worker: [Batch 178] 0/10000 domains enriched succesfully. 10000 errors.
2026-09-30 15:14:50,498 INFO asdec.enrichers.lexical.worker: [Batch 179] Fetched a batch of 10000 domains.
2026-09-30 15:14:50,649 INFO asdec.enrichers.lexical.worker: [Batch 179] 0/10000 domains enriched succesfully. 10000 errors.
2026-09-30 15:14:52,147 INFO asdec.enrichers.lexical.worker: [Batch 180] Fetched a batch of 10000 domains.
2026-09-30 15:14:52,406 INFO asdec.enrichers.lexical.worker: [Batch 180] 0/10000 domains enriched succesfully. 10000 errors.
2026-09-30 15:14:53,844 INFO asdec.enrichers.lexical.worker: [Batch 181] Fetched a batch of 10000 domains.
2026-09-30 15:14:54,096 INFO asdec.enrichers.lexical.worker: [Batch 181] 0/10000 domains enriched succesfully. 10000 errors.
2026-09-30 15:14:55,542 INFO asdec.enrichers.lexical.worker: [Batch 182] Fetched a batch of 10000 domains.
2026-09-30 15:14:55,791 INFO asdec.enrichers.lexical.worker: [Batch 182] 0/10000 domains enriched succesfully. 10000 errors.
2026-09-30 15:14:57,352 INFO asdec.enrichers.lexical.worker: [Batch 183] Fetched a batch of 10000 domains.
2026-09-30 15:14:57,507 INFO asdec.enrichers.lexical.worker: [Batch 183] 0/10000 domains enriched succesfully. 10000 errors.
2026-09-30 15:14:59,044 INFO asdec.enrichers.lexical.worker: [Batch 184] Fetched a batch of 10000 domains.
2026-09-30 15:14:59,198 INFO asdec.enrichers.lexical.worker: [Batch 184] 0/10000 domains enriched succesfully. 10000 errors.
2026-09-30 15:15:00,725 INFO asdec.enrichers.lexical.worker: [Batch 185] Fetched a batch of 10000 domains.
2026-09-30 15:15:00,986 INFO asdec.enrichers.lexical.worker: [Batch 185] 0/10000 domains enriched succesfully. 10000 errors.
2026-09-30 15:15:02,445 INFO asdec.enrichers.lexical.worker: [Batch 186] Fetched a batch of 10000 domains.
2026-09-30 15:15:02,698 INFO asdec.enrichers.lexical.worker: [Batch 186] 0/10000 domains enriched succesfully. 10000 errors.
2026-09-30 15:15:04,274 INFO asdec.enrichers.lexical.worker: [Batch 187] Fetched a batch of 10000 domains.
2026-09-30 15:15:04,481 INFO asdec.enrichers.lexical.worker: [Batch 187] 0/10000 domains enriched succesfully. 10000 errors.
2026-09-30 15:15:06,065 INFO asdec.enrichers.lexical.worker: [Batch 188] Fetched a batch of 10000 domains.
2026-09-30 15:15:06,218 INFO asdec.enrichers.lexical.worker: [Batch 188] 0/10000 domains enriched succesfully. 10000 errors.
2026-09-30 15:15:07,773 INFO asdec.enrichers.lexical.worker: [Batch 189] Fetched a batch of 10000 domains.
2026-09-30 15:15:07,927 INFO asdec.enrichers.lexical.worker: [Batch 189] 0/10000 domains enriched succesfully. 10000 errors.
2026-09-30 15:15:09,516 INFO asdec.enrichers.lexical.worker: [Batch 190] Fetched a batch of 10000 domains.
2026-09-30 15:15:09,780 INFO asdec.enrichers.lexical.worker: [Batch 190] 0/10000 domains enriched succesfully. 10000 errors.
2026-09-30 15:15:11,419 INFO asdec.enrichers.lexical.worker: [Batch 191] Fetched a batch of 10000 domains.
2026-09-30 15:15:11,785 INFO asdec.enrichers.lexical.worker: [Batch 191] 0/10000 domains enriched succesfully. 10000 errors.
2026-09-30 15:15:13,540 INFO asdec.enrichers.lexical.worker: [Batch 192] Fetched a batch of 10000 domains.
2026-09-30 15:15:13,742 INFO asdec.enrichers.lexical.worker: [Batch 192] 0/10000 domains enriched succesfully. 10000 errors.
2026-09-30 15:15:15,492 INFO asdec.enrichers.lexical.worker: [Batch 193] Fetched a batch of 10000 domains.
2026-09-30 15:15:15,697 INFO asdec.enrichers.lexical.worker: [Batch 193] 0/10000 domains enriched succesfully. 10000 errors.
2026-09-30 15:15:17,489 INFO asdec.enrichers.lexical.worker: [Batch 194] Fetched a batch of 10000 domains.
2026-09-30 15:15:17,668 INFO asdec.enrichers.lexical.worker: [Batch 194] 0/10000 domains enriched succesfully. 10000 errors.
2026-09-30 15:15:19,520 INFO asdec.enrichers.lexical.worker: [Batch 195] Fetched a batch of 10000 domains.
2026-09-30 15:15:19,846 INFO asdec.enrichers.lexical.worker: [Batch 195] 0/10000 domains enriched succesfully. 10000 errors.
2026-09-30 15:15:21,553 INFO asdec.enrichers.lexical.worker: [Batch 196] Fetched a batch of 10000 domains.
2026-09-30 15:15:21,864 INFO asdec.enrichers.lexical.worker: [Batch 196] 0/10000 domains enriched succesfully. 10000 errors.
2026-09-30 15:15:23,904 INFO asdec.enrichers.lexical.worker: [Batch 197] Fetched a batch of 10000 domains.
2026-09-30 15:15:24,148 INFO asdec.enrichers.lexical.worker: [Batch 197] 0/10000 domains enriched succesfully. 10000 errors.
2026-09-30 15:15:26,207 INFO asdec.enrichers.lexical.worker: [Batch 198] Fetched a batch of 10000 domains.
2026-09-30 15:15:26,385 INFO asdec.enrichers.lexical.worker: [Batch 198] 0/10000 domains enriched succesfully. 10000 errors.
2026-09-30 15:15:28,379 INFO asdec.enrichers.lexical.worker: [Batch 199] Fetched a batch of 10000 domains.
2026-09-30 15:15:28,562 INFO asdec.enrichers.lexical.worker: [Batch 199] 0/10000 domains enriched succesfully. 10000 errors.
2026-09-30 15:15:30,542 INFO asdec.enrichers.lexical.worker: [Batch 200] Fetched a batch of 10000 domains.
2026-09-30 15:15:30,874 INFO asdec.enrichers.lexical.worker: [Batch 200] 0/10000 domains enriched succesfully. 10000 errors.
2026-09-30 15:15:33,007 INFO asdec.enrichers.lexical.worker: [Batch 201] Fetched a batch of 10000 domains.
2026-09-30 15:15:33,303 INFO asdec.enrichers.lexical.worker: [Batch 201] 0/10000 domains enriched succesfully. 10000 errors.
2026-09-30 15:15:35,373 INFO asdec.enrichers.lexical.worker: [Batch 202] Fetched a batch of 10000 domains.
2026-09-30 15:15:35,701 INFO asdec.enrichers.lexical.worker: [Batch 202] 0/10000 domains enriched succesfully. 10000 errors.
2026-09-30 15:15:37,659 INFO asdec.enrichers.lexical.worker: [Batch 203] Fetched a batch of 10000 domains.
2026-09-30 15:15:37,837 INFO asdec.enrichers.lexical.worker: [Batch 203] 0/10000 domains enriched succesfully. 10000 errors.
2026-09-30 15:15:42,474 INFO asdec.enrichers.lexical.worker: [Batch 204] Fetched a batch of 10000 domains.
2026-09-30 15:15:42,654 INFO asdec.enrichers.lexical.worker: [Batch 204] 0/10000 domains enriched succesfully. 10000 errors.
2026-09-30 15:15:44,906 INFO asdec.enrichers.lexical.worker: [Batch 205] Fetched a batch of 10000 domains.
2026-09-30 15:15:45,175 INFO asdec.enrichers.lexical.worker: [Batch 205] 0/10000 domains enriched succesfully. 10000 errors.
2026-09-30 15:15:46,920 INFO asdec.enrichers.lexical.worker: [Batch 206] Fetched a batch of 10000 domains.
2026-09-30 15:15:47,186 INFO asdec.enrichers.lexical.worker: [Batch 206] 0/10000 domains enriched succesfully. 10000 errors.
2026-09-30 15:15:48,861 INFO asdec.enrichers.lexical.worker: [Batch 207] Fetched a batch of 10000 domains.
2026-09-30 15:15:49,119 INFO asdec.enrichers.lexical.worker: [Batch 207] 0/10000 domains enriched succesfully. 10000 errors.
2026-09-30 15:15:50,914 INFO asdec.enrichers.lexical.worker: [Batch 208] Fetched a batch of 10000 domains.
2026-09-30 15:15:51,073 INFO asdec.enrichers.lexical.worker: [Batch 208] 0/10000 domains enriched succesfully. 10000 errors.
2026-09-30 15:15:52,850 INFO asdec.enrichers.lexical.worker: [Batch 209] Fetched a batch of 10000 domains.
2026-09-30 15:15:53,014 INFO asdec.enrichers.lexical.worker: [Batch 209] 0/10000 domains enriched succesfully. 10000 errors.
2026-09-30 15:15:54,786 INFO asdec.enrichers.lexical.worker: [Batch 210] Fetched a batch of 10000 domains.
2026-09-30 15:15:55,058 INFO asdec.enrichers.lexical.worker: [Batch 210] 0/10000 domains enriched succesfully. 10000 errors.
2026-09-30 15:15:58,262 INFO asdec.enrichers.lexical.worker: [Batch 211] Fetched a batch of 10000 domains.
2026-09-30 15:15:58,560 INFO asdec.enrichers.lexical.worker: [Batch 211] 0/10000 domains enriched succesfully. 10000 errors.
2026-09-30 15:16:00,986 INFO asdec.enrichers.lexical.worker: [Batch 212] Fetched a batch of 10000 domains.
2026-09-30 15:16:01,170 INFO asdec.enrichers.lexical.worker: [Batch 212] 0/10000 domains enriched succesfully. 10000 errors.
2026-09-30 15:16:02,906 INFO asdec.enrichers.lexical.worker: [Batch 213] Fetched a batch of 10000 domains.
2026-09-30 15:16:03,064 INFO asdec.enrichers.lexical.worker: [Batch 213] 0/10000 domains enriched succesfully. 10000 errors.
2026-09-30 15:16:04,810 INFO asdec.enrichers.lexical.worker: [Batch 214] Fetched a batch of 10000 domains.
2026-09-30 15:16:05,015 INFO asdec.enrichers.lexical.worker: [Batch 214] 0/10000 domains enriched succesfully. 10000 errors.
2026-09-30 15:16:06,763 INFO asdec.enrichers.lexical.worker: [Batch 215] Fetched a batch of 10000 domains.
2026-09-30 15:16:07,027 INFO asdec.enrichers.lexical.worker: [Batch 215] 0/10000 domains enriched succesfully. 10000 errors.
2026-09-30 15:16:08,696 INFO asdec.enrichers.lexical.worker: [Batch 216] Fetched a batch of 10000 domains.
2026-09-30 15:16:08,954 INFO asdec.enrichers.lexical.worker: [Batch 216] 0/10000 domains enriched succesfully. 10000 errors.
2026-09-30 15:16:10,744 INFO asdec.enrichers.lexical.worker: [Batch 217] Fetched a batch of 10000 domains.
2026-09-30 15:16:10,896 INFO asdec.enrichers.lexical.worker: [Batch 217] 0/10000 domains enriched succesfully. 10000 errors.
2026-09-30 15:16:12,676 INFO asdec.enrichers.lexical.worker: [Batch 218] Fetched a batch of 10000 domains.
2026-09-30 15:16:12,828 INFO asdec.enrichers.lexical.worker: [Batch 218] 0/10000 domains enriched succesfully. 10000 errors.
2026-09-30 15:16:14,597 INFO asdec.enrichers.lexical.worker: [Batch 219] Fetched a batch of 10000 domains.
2026-09-30 15:16:14,748 INFO asdec.enrichers.lexical.worker: [Batch 219] 0/10000 domains enriched succesfully. 10000 errors.
2026-09-30 15:16:16,518 INFO asdec.enrichers.lexical.worker: [Batch 220] Fetched a batch of 10000 domains.
2026-09-30 15:16:16,778 INFO asdec.enrichers.lexical.worker: [Batch 220] 0/10000 domains enriched succesfully. 10000 errors.
2026-09-30 15:16:18,500 INFO asdec.enrichers.lexical.worker: [Batch 221] Fetched a batch of 10000 domains.
2026-09-30 15:16:18,755 INFO asdec.enrichers.lexical.worker: [Batch 221] 0/10000 domains enriched succesfully. 10000 errors.
2026-09-30 15:16:20,581 INFO asdec.enrichers.lexical.worker: [Batch 222] Fetched a batch of 10000 domains.
2026-09-30 15:16:20,735 INFO asdec.enrichers.lexical.worker: [Batch 222] 0/10000 domains enriched succesfully. 10000 errors.
2026-09-30 15:16:22,548 INFO asdec.enrichers.lexical.worker: [Batch 223] Fetched a batch of 10000 domains.
2026-09-30 15:16:22,700 INFO asdec.enrichers.lexical.worker: [Batch 223] 0/10000 domains enriched succesfully. 10000 errors.
2026-09-30 15:16:24,525 INFO asdec.enrichers.lexical.worker: [Batch 224] Fetched a batch of 10000 domains.
2026-09-30 15:16:24,678 INFO asdec.enrichers.lexical.worker: [Batch 224] 0/10000 domains enriched succesfully. 10000 errors.
2026-09-30 15:16:26,492 INFO asdec.enrichers.lexical.worker: [Batch 225] Fetched a batch of 10000 domains.
2026-09-30 15:16:26,754 INFO asdec.enrichers.lexical.worker: [Batch 225] 0/10000 domains enriched succesfully. 10000 errors.
2026-09-30 15:16:28,496 INFO asdec.enrichers.lexical.worker: [Batch 226] Fetched a batch of 10000 domains.
2026-09-30 15:16:28,750 INFO asdec.enrichers.lexical.worker: [Batch 226] 0/10000 domains enriched succesfully. 10000 errors.
2026-09-30 15:16:30,517 INFO asdec.enrichers.lexical.worker: [Batch 227] Fetched a batch of 10000 domains.
2026-09-30 15:16:30,780 INFO asdec.enrichers.lexical.worker: [Batch 227] 0/10000 domains enriched succesfully. 10000 errors.
2026-09-30 15:16:32,618 INFO asdec.enrichers.lexical.worker: [Batch 228] Fetched a batch of 10000 domains.
2026-09-30 15:16:32,769 INFO asdec.enrichers.lexical.worker: [Batch 228] 0/10000 domains enriched succesfully. 10000 errors.
2026-09-30 15:16:34,609 INFO asdec.enrichers.lexical.worker: [Batch 229] Fetched a batch of 10000 domains.
2026-09-30 15:16:34,763 INFO asdec.enrichers.lexical.worker: [Batch 229] 0/10000 domains enriched succesfully. 10000 errors.
2026-09-30 15:16:36,621 INFO asdec.enrichers.lexical.worker: [Batch 230] Fetched a batch of 10000 domains.
2026-09-30 15:16:36,885 INFO asdec.enrichers.lexical.worker: [Batch 230] 0/10000 domains enriched succesfully. 10000 errors.
2026-09-30 15:16:38,675 INFO asdec.enrichers.lexical.worker: [Batch 231] Fetched a batch of 10000 domains.
2026-09-30 15:16:38,934 INFO asdec.enrichers.lexical.worker: [Batch 231] 0/10000 domains enriched succesfully. 10000 errors.
2026-09-30 15:16:40,845 INFO asdec.enrichers.lexical.worker: [Batch 232] Fetched a batch of 10000 domains.
2026-09-30 15:16:40,997 INFO asdec.enrichers.lexical.worker: [Batch 232] 0/10000 domains enriched succesfully. 10000 errors.
2026-09-30 15:16:42,886 INFO asdec.enrichers.lexical.worker: [Batch 233] Fetched a batch of 10000 domains.
2026-09-30 15:16:43,043 INFO asdec.enrichers.lexical.worker: [Batch 233] 0/10000 domains enriched succesfully. 10000 errors.
2026-09-30 15:16:44,920 INFO asdec.enrichers.lexical.worker: [Batch 234] Fetched a batch of 10000 domains.
2026-09-30 15:16:45,078 INFO asdec.enrichers.lexical.worker: [Batch 234] 0/10000 domains enriched succesfully. 10000 errors.
2026-09-30 15:16:46,981 INFO asdec.enrichers.lexical.worker: [Batch 235] Fetched a batch of 10000 domains.
2026-09-30 15:16:47,246 INFO asdec.enrichers.lexical.worker: [Batch 235] 0/10000 domains enriched succesfully. 10000 errors.
2026-09-30 15:16:49,088 INFO asdec.enrichers.lexical.worker: [Batch 236] Fetched a batch of 10000 domains.
2026-09-30 15:16:49,351 INFO asdec.enrichers.lexical.worker: [Batch 236] 0/10000 domains enriched succesfully. 10000 errors.
2026-09-30 15:16:51,192 INFO asdec.enrichers.lexical.worker: [Batch 237] Fetched a batch of 10000 domains.
2026-09-30 15:16:51,441 INFO asdec.enrichers.lexical.worker: [Batch 237] 0/10000 domains enriched succesfully. 10000 errors.
2026-09-30 15:16:53,371 INFO asdec.enrichers.lexical.worker: [Batch 238] Fetched a batch of 10000 domains.
2026-09-30 15:16:53,525 INFO asdec.enrichers.lexical.worker: [Batch 238] 0/10000 domains enriched succesfully. 10000 errors.
2026-09-30 15:16:55,449 INFO asdec.enrichers.lexical.worker: [Batch 239] Fetched a batch of 10000 domains.
2026-09-30 15:16:55,605 INFO asdec.enrichers.lexical.worker: [Batch 239] 0/10000 domains enriched succesfully. 10000 errors.
2026-09-30 15:16:57,523 INFO asdec.enrichers.lexical.worker: [Batch 240] Fetched a batch of 10000 domains.
2026-09-30 15:16:57,785 INFO asdec.enrichers.lexical.worker: [Batch 240] 0/10000 domains enriched succesfully. 10000 errors.
2026-09-30 15:16:59,641 INFO asdec.enrichers.lexical.worker: [Batch 241] Fetched a batch of 10000 domains.
2026-09-30 15:16:59,896 INFO asdec.enrichers.lexical.worker: [Batch 241] 0/10000 domains enriched succesfully. 10000 errors.
2026-09-30 15:17:01,862 INFO asdec.enrichers.lexical.worker: [Batch 242] Fetched a batch of 10000 domains.
2026-09-30 15:17:02,022 INFO asdec.enrichers.lexical.worker: [Batch 242] 0/10000 domains enriched succesfully. 10000 errors.
2026-09-30 15:17:03,977 INFO asdec.enrichers.lexical.worker: [Batch 243] Fetched a batch of 10000 domains.
2026-09-30 15:17:04,134 INFO asdec.enrichers.lexical.worker: [Batch 243] 0/10000 domains enriched succesfully. 10000 errors.
2026-09-30 15:17:06,101 INFO asdec.enrichers.lexical.worker: [Batch 244] Fetched a batch of 10000 domains.
2026-09-30 15:17:06,257 INFO asdec.enrichers.lexical.worker: [Batch 244] 0/10000 domains enriched succesfully. 10000 errors.
2026-09-30 15:17:08,271 INFO asdec.enrichers.lexical.worker: [Batch 245] Fetched a batch of 10000 domains.
2026-09-30 15:17:08,575 INFO asdec.enrichers.lexical.worker: [Batch 245] 0/10000 domains enriched succesfully. 10000 errors.
2026-09-30 15:17:10,486 INFO asdec.enrichers.lexical.worker: [Batch 246] Fetched a batch of 10000 domains.
2026-09-30 15:17:10,745 INFO asdec.enrichers.lexical.worker: [Batch 246] 0/10000 domains enriched succesfully. 10000 errors.
2026-09-30 15:17:12,717 INFO asdec.enrichers.lexical.worker: [Batch 247] Fetched a batch of 10000 domains.
2026-09-30 15:17:12,872 INFO asdec.enrichers.lexical.worker: [Batch 247] 0/10000 domains enriched succesfully. 10000 errors.
2026-09-30 15:17:14,944 INFO asdec.enrichers.lexical.worker: [Batch 248] Fetched a batch of 10000 domains.
2026-09-30 15:17:15,121 INFO asdec.enrichers.lexical.worker: [Batch 248] 0/10000 domains enriched succesfully. 10000 errors.
2026-09-30 15:17:17,129 INFO asdec.enrichers.lexical.worker: [Batch 249] Fetched a batch of 10000 domains.
2026-09-30 15:17:17,286 INFO asdec.enrichers.lexical.worker: [Batch 249] 0/10000 domains enriched succesfully. 10000 errors.
2026-09-30 15:17:19,306 INFO asdec.enrichers.lexical.worker: [Batch 250] Fetched a batch of 10000 domains.
2026-09-30 15:17:19,570 INFO asdec.enrichers.lexical.worker: [Batch 250] 0/10000 domains enriched succesfully. 10000 errors.
2026-09-30 15:17:21,554 INFO asdec.enrichers.lexical.worker: [Batch 251] Fetched a batch of 10000 domains.
2026-09-30 15:17:21,825 INFO asdec.enrichers.lexical.worker: [Batch 251] 0/10000 domains enriched succesfully. 10000 errors.
2026-09-30 15:17:24,000 INFO asdec.enrichers.lexical.worker: [Batch 252] Fetched a batch of 10000 domains.
2026-09-30 15:17:24,161 INFO asdec.enrichers.lexical.worker: [Batch 252] 0/10000 domains enriched succesfully. 10000 errors.
2026-09-30 15:17:26,243 INFO asdec.enrichers.lexical.worker: [Batch 253] Fetched a batch of 10000 domains.
2026-09-30 15:17:26,398 INFO asdec.enrichers.lexical.worker: [Batch 253] 0/10000 domains enriched succesfully. 10000 errors.
2026-09-30 15:17:28,434 INFO asdec.enrichers.lexical.worker: [Batch 254] Fetched a batch of 10000 domains.
2026-09-30 15:17:28,595 INFO asdec.enrichers.lexical.worker: [Batch 254] 0/10000 domains enriched succesfully. 10000 errors.
2026-09-30 15:17:30,677 INFO asdec.enrichers.lexical.worker: [Batch 255] Fetched a batch of 10000 domains.
2026-09-30 15:17:30,959 INFO asdec.enrichers.lexical.worker: [Batch 255] 0/10000 domains enriched succesfully. 10000 errors.
2026-09-30 15:17:32,989 INFO asdec.enrichers.lexical.worker: [Batch 256] Fetched a batch of 10000 domains.
2026-09-30 15:17:33,251 INFO asdec.enrichers.lexical.worker: [Batch 256] 0/10000 domains enriched succesfully. 10000 errors.
2026-09-30 15:17:35,254 INFO asdec.enrichers.lexical.worker: [Batch 257] Fetched a batch of 10000 domains.
2026-09-30 15:17:35,503 INFO asdec.enrichers.lexical.worker: [Batch 257] 0/10000 domains enriched succesfully. 10000 errors.
2026-09-30 15:17:37,595 INFO asdec.enrichers.lexical.worker: [Batch 258] Fetched a batch of 10000 domains.
2026-09-30 15:17:37,756 INFO asdec.enrichers.lexical.worker: [Batch 258] 0/10000 domains enriched succesfully. 10000 errors.
2026-09-30 15:17:39,842 INFO asdec.enrichers.lexical.worker: [Batch 259] Fetched a batch of 10000 domains.
2026-09-30 15:17:40,001 INFO asdec.enrichers.lexical.worker: [Batch 259] 0/10000 domains enriched succesfully. 10000 errors.
2026-09-30 15:17:42,084 INFO asdec.enrichers.lexical.worker: [Batch 260] Fetched a batch of 10000 domains.
2026-09-30 15:17:42,355 INFO asdec.enrichers.lexical.worker: [Batch 260] 0/10000 domains enriched succesfully. 10000 errors.
2026-09-30 15:17:44,356 INFO asdec.enrichers.lexical.worker: [Batch 261] Fetched a batch of 10000 domains.
2026-09-30 15:17:44,682 INFO asdec.enrichers.lexical.worker: [Batch 261] 0/10000 domains enriched succesfully. 10000 errors.
2026-09-30 15:17:46,809 INFO asdec.enrichers.lexical.worker: [Batch 262] Fetched a batch of 10000 domains.
2026-09-30 15:17:46,965 INFO asdec.enrichers.lexical.worker: [Batch 262] 0/10000 domains enriched succesfully. 10000 errors.
2026-09-30 15:17:49,081 INFO asdec.enrichers.lexical.worker: [Batch 263] Fetched a batch of 10000 domains.
2026-09-30 15:17:49,245 INFO asdec.enrichers.lexical.worker: [Batch 263] 0/10000 domains enriched succesfully. 10000 errors.
2026-09-30 15:17:51,399 INFO asdec.enrichers.lexical.worker: [Batch 264] Fetched a batch of 10000 domains.
2026-09-30 15:17:51,552 INFO asdec.enrichers.lexical.worker: [Batch 264] 0/10000 domains enriched succesfully. 10000 errors.
2026-09-30 15:17:53,765 INFO asdec.enrichers.lexical.worker: [Batch 265] Fetched a batch of 10000 domains.
2026-09-30 15:17:54,052 INFO asdec.enrichers.lexical.worker: [Batch 265] 0/10000 domains enriched succesfully. 10000 errors.
2026-09-30 15:17:56,225 INFO asdec.enrichers.lexical.worker: [Batch 266] Fetched a batch of 10000 domains.
2026-09-30 15:17:56,522 INFO asdec.enrichers.lexical.worker: [Batch 266] 0/10000 domains enriched succesfully. 10000 errors.
2026-09-30 15:17:58,571 INFO asdec.enrichers.lexical.worker: [Batch 267] Fetched a batch of 10000 domains.
2026-09-30 15:17:58,817 INFO asdec.enrichers.lexical.worker: [Batch 267] 0/10000 domains enriched succesfully. 10000 errors.
2026-09-30 15:18:00,966 INFO asdec.enrichers.lexical.worker: [Batch 268] Fetched a batch of 10000 domains.
2026-09-30 15:18:01,119 INFO asdec.enrichers.lexical.worker: [Batch 268] 0/10000 domains enriched succesfully. 10000 errors.
2026-09-30 15:18:03,263 INFO asdec.enrichers.lexical.worker: [Batch 269] Fetched a batch of 10000 domains.
2026-09-30 15:18:03,419 INFO asdec.enrichers.lexical.worker: [Batch 269] 0/10000 domains enriched succesfully. 10000 errors.
2026-09-30 15:18:05,555 INFO asdec.enrichers.lexical.worker: [Batch 270] Fetched a batch of 10000 domains.
2026-09-30 15:18:05,820 INFO asdec.enrichers.lexical.worker: [Batch 270] 0/10000 domains enriched succesfully. 10000 errors.
2026-09-30 15:18:07,886 INFO asdec.enrichers.lexical.worker: [Batch 271] Fetched a batch of 10000 domains.
2026-09-30 15:18:08,144 INFO asdec.enrichers.lexical.worker: [Batch 271] 0/10000 domains enriched succesfully. 10000 errors.
2026-09-30 15:18:10,324 INFO asdec.enrichers.lexical.worker: [Batch 272] Fetched a batch of 10000 domains.
2026-09-30 15:18:10,480 INFO asdec.enrichers.lexical.worker: [Batch 272] 0/10000 domains enriched succesfully. 10000 errors.
2026-09-30 15:18:12,716 INFO asdec.enrichers.lexical.worker: [Batch 273] Fetched a batch of 10000 domains.
2026-09-30 15:18:12,878 INFO asdec.enrichers.lexical.worker: [Batch 273] 0/10000 domains enriched succesfully. 10000 errors.
2026-09-30 15:18:15,198 INFO asdec.enrichers.lexical.worker: [Batch 274] Fetched a batch of 10000 domains.
2026-09-30 15:18:15,358 INFO asdec.enrichers.lexical.worker: [Batch 274] 0/10000 domains enriched succesfully. 10000 errors.
2026-09-30 15:18:17,639 INFO asdec.enrichers.lexical.worker: [Batch 275] Fetched a batch of 10000 domains.
2026-09-30 15:18:17,908 INFO asdec.enrichers.lexical.worker: [Batch 275] 0/10000 domains enriched succesfully. 10000 errors.
2026-09-30 15:18:20,254 INFO asdec.enrichers.lexical.worker: [Batch 276] Fetched a batch of 10000 domains.
2026-09-30 15:18:20,579 INFO asdec.enrichers.lexical.worker: [Batch 276] 0/10000 domains enriched succesfully. 10000 errors.
2026-09-30 15:18:23,020 INFO asdec.enrichers.lexical.worker: [Batch 277] Fetched a batch of 10000 domains.
2026-09-30 15:18:23,284 INFO asdec.enrichers.lexical.worker: [Batch 277] 0/10000 domains enriched succesfully. 10000 errors.
2026-09-30 15:18:25,992 INFO asdec.enrichers.lexical.worker: [Batch 278] Fetched a batch of 10000 domains.
2026-09-30 15:18:26,187 INFO asdec.enrichers.lexical.worker: [Batch 278] 0/10000 domains enriched succesfully. 10000 errors.
2026-09-30 15:18:28,963 INFO asdec.enrichers.lexical.worker: [Batch 279] Fetched a batch of 10000 domains.
2026-09-30 15:18:29,143 INFO asdec.enrichers.lexical.worker: [Batch 279] 0/10000 domains enriched succesfully. 10000 errors.
2026-09-30 15:18:31,781 INFO asdec.enrichers.lexical.worker: [Batch 280] Fetched a batch of 10000 domains.
2026-09-30 15:18:32,137 INFO asdec.enrichers.lexical.worker: [Batch 280] 0/10000 domains enriched succesfully. 10000 errors.
2026-09-30 15:18:35,045 INFO asdec.enrichers.lexical.worker: [Batch 281] Fetched a batch of 10000 domains.
2026-09-30 15:18:35,902 INFO asdec.enrichers.lexical.worker: [Batch 281] 0/10000 domains enriched succesfully. 10000 errors.
2026-09-30 15:18:38,482 INFO asdec.enrichers.lexical.worker: [Batch 282] Fetched a batch of 10000 domains.
2026-09-30 15:18:38,653 INFO asdec.enrichers.lexical.worker: [Batch 282] 0/10000 domains enriched succesfully. 10000 errors.
2026-09-30 15:18:41,266 INFO asdec.enrichers.lexical.worker: [Batch 283] Fetched a batch of 10000 domains.
2026-09-30 15:18:41,468 INFO asdec.enrichers.lexical.worker: [Batch 283] 0/10000 domains enriched succesfully. 10000 errors.
2026-09-30 15:18:43,959 INFO asdec.enrichers.lexical.worker: [Batch 284] Fetched a batch of 10000 domains.
2026-09-30 15:18:44,120 INFO asdec.enrichers.lexical.worker: [Batch 284] 0/10000 domains enriched succesfully. 10000 errors.
2026-09-30 15:18:46,653 INFO asdec.enrichers.lexical.worker: [Batch 285] Fetched a batch of 10000 domains.
2026-09-30 15:18:46,954 INFO asdec.enrichers.lexical.worker: [Batch 285] 0/10000 domains enriched succesfully. 10000 errors.
2026-09-30 15:18:49,595 INFO asdec.enrichers.lexical.worker: [Batch 286] Fetched a batch of 10000 domains.
2026-09-30 15:18:49,860 INFO asdec.enrichers.lexical.worker: [Batch 286] 0/10000 domains enriched succesfully. 10000 errors.
2026-09-30 15:18:52,357 INFO asdec.enrichers.lexical.worker: [Batch 287] Fetched a batch of 10000 domains.
2026-09-30 15:18:52,642 INFO asdec.enrichers.lexical.worker: [Batch 287] 0/10000 domains enriched succesfully. 10000 errors.
2026-09-30 15:18:55,140 INFO asdec.enrichers.lexical.worker: [Batch 288] Fetched a batch of 10000 domains.
2026-09-30 15:18:55,325 INFO asdec.enrichers.lexical.worker: [Batch 288] 0/10000 domains enriched succesfully. 10000 errors.
2026-09-30 15:18:57,629 INFO asdec.enrichers.lexical.worker: [Batch 289] Fetched a batch of 10000 domains.
2026-09-30 15:18:57,783 INFO asdec.enrichers.lexical.worker: [Batch 289] 0/10000 domains enriched succesfully. 10000 errors.
2026-09-30 15:19:00,097 INFO asdec.enrichers.lexical.worker: [Batch 290] Fetched a batch of 10000 domains.
2026-09-30 15:19:00,376 INFO asdec.enrichers.lexical.worker: [Batch 290] 0/10000 domains enriched succesfully. 10000 errors.
2026-09-30 15:19:02,611 INFO asdec.enrichers.lexical.worker: [Batch 291] Fetched a batch of 10000 domains.
2026-09-30 15:19:02,871 INFO asdec.enrichers.lexical.worker: [Batch 291] 0/10000 domains enriched succesfully. 10000 errors.
2026-09-30 15:19:05,306 INFO asdec.enrichers.lexical.worker: [Batch 292] Fetched a batch of 10000 domains.
2026-09-30 15:19:05,462 INFO asdec.enrichers.lexical.worker: [Batch 292] 0/10000 domains enriched succesfully. 10000 errors.
2026-09-30 15:19:07,793 INFO asdec.enrichers.lexical.worker: [Batch 293] Fetched a batch of 10000 domains.
2026-09-30 15:19:07,947 INFO asdec.enrichers.lexical.worker: [Batch 293] 0/10000 domains enriched succesfully. 10000 errors.
2026-09-30 15:19:10,380 INFO asdec.enrichers.lexical.worker: [Batch 294] Fetched a batch of 10000 domains.
2026-09-30 15:19:10,537 INFO asdec.enrichers.lexical.worker: [Batch 294] 0/10000 domains enriched succesfully. 10000 errors.
2026-09-30 15:19:12,942 INFO asdec.enrichers.lexical.worker: [Batch 295] Fetched a batch of 10000 domains.
2026-09-30 15:19:13,212 INFO asdec.enrichers.lexical.worker: [Batch 295] 0/10000 domains enriched succesfully. 10000 errors.
2026-09-30 15:19:15,496 INFO asdec.enrichers.lexical.worker: [Batch 296] Fetched a batch of 10000 domains.
2026-09-30 15:19:15,761 INFO asdec.enrichers.lexical.worker: [Batch 296] 0/10000 domains enriched succesfully. 10000 errors.
2026-09-30 15:19:18,007 INFO asdec.enrichers.lexical.worker: [Batch 297] Fetched a batch of 10000 domains.
2026-09-30 15:19:18,246 INFO asdec.enrichers.lexical.worker: [Batch 297] 0/10000 domains enriched succesfully. 10000 errors.
2026-09-30 15:19:20,607 INFO asdec.enrichers.lexical.worker: [Batch 298] Fetched a batch of 10000 domains.
2026-09-30 15:19:20,761 INFO asdec.enrichers.lexical.worker: [Batch 298] 0/10000 domains enriched succesfully. 10000 errors.
2026-09-30 15:19:23,397 INFO asdec.enrichers.lexical.worker: [Batch 299] Fetched a batch of 10000 domains.
2026-09-30 15:19:23,563 INFO asdec.enrichers.lexical.worker: [Batch 299] 0/10000 domains enriched succesfully. 10000 errors.
2026-09-30 15:19:25,950 INFO asdec.enrichers.lexical.worker: [Batch 300] Fetched a batch of 10000 domains.
2026-09-30 15:19:26,220 INFO asdec.enrichers.lexical.worker: [Batch 300] 0/10000 domains enriched succesfully. 10000 errors.
2026-09-30 15:19:28,524 INFO asdec.enrichers.lexical.worker: [Batch 301] Fetched a batch of 10000 domains.
2026-09-30 15:19:28,783 INFO asdec.enrichers.lexical.worker: [Batch 301] 0/10000 domains enriched succesfully. 10000 errors.
2026-09-30 15:19:31,153 INFO asdec.enrichers.lexical.worker: [Batch 302] Fetched a batch of 10000 domains.
2026-09-30 15:19:31,336 INFO asdec.enrichers.lexical.worker: [Batch 302] 0/10000 domains enriched succesfully. 10000 errors.
2026-09-30 15:19:33,708 INFO asdec.enrichers.lexical.worker: [Batch 303] Fetched a batch of 10000 domains.
2026-09-30 15:19:33,861 INFO asdec.enrichers.lexical.worker: [Batch 303] 0/10000 domains enriched succesfully. 10000 errors.
2026-09-30 15:19:36,275 INFO asdec.enrichers.lexical.worker: [Batch 304] Fetched a batch of 10000 domains.
2026-09-30 15:19:36,430 INFO asdec.enrichers.lexical.worker: [Batch 304] 0/10000 domains enriched succesfully. 10000 errors.
2026-09-30 15:19:38,827 INFO asdec.enrichers.lexical.worker: [Batch 305] Fetched a batch of 10000 domains.
2026-09-30 15:19:39,096 INFO asdec.enrichers.lexical.worker: [Batch 305] 0/10000 domains enriched succesfully. 10000 errors.
2026-09-30 15:19:41,409 INFO asdec.enrichers.lexical.worker: [Batch 306] Fetched a batch of 10000 domains.
2026-09-30 15:19:41,689 INFO asdec.enrichers.lexical.worker: [Batch 306] 0/10000 domains enriched succesfully. 10000 errors.
2026-09-30 15:19:44,132 INFO asdec.enrichers.lexical.worker: [Batch 307] Fetched a batch of 10000 domains.
2026-09-30 15:19:44,283 INFO asdec.enrichers.lexical.worker: [Batch 307] 0/10000 domains enriched succesfully. 10000 errors.
2026-09-30 15:19:46,712 INFO asdec.enrichers.lexical.worker: [Batch 308] Fetched a batch of 10000 domains.
2026-09-30 15:19:46,869 INFO asdec.enrichers.lexical.worker: [Batch 308] 0/10000 domains enriched succesfully. 10000 errors.
2026-09-30 15:19:49,301 INFO asdec.enrichers.lexical.worker: [Batch 309] Fetched a batch of 10000 domains.
2026-09-30 15:19:49,455 INFO asdec.enrichers.lexical.worker: [Batch 309] 0/10000 domains enriched succesfully. 10000 errors.
2026-09-30 15:19:51,859 INFO asdec.enrichers.lexical.worker: [Batch 310] Fetched a batch of 10000 domains.
2026-09-30 15:19:52,115 INFO asdec.enrichers.lexical.worker: [Batch 310] 0/10000 domains enriched succesfully. 10000 errors.
2026-09-30 15:19:54,412 INFO asdec.enrichers.lexical.worker: [Batch 311] Fetched a batch of 10000 domains.
2026-09-30 15:19:54,677 INFO asdec.enrichers.lexical.worker: [Batch 311] 0/10000 domains enriched succesfully. 10000 errors.
2026-09-30 15:19:57,234 INFO asdec.enrichers.lexical.worker: [Batch 312] Fetched a batch of 10000 domains.
2026-09-30 15:19:57,386 INFO asdec.enrichers.lexical.worker: [Batch 312] 0/10000 domains enriched succesfully. 10000 errors.
2026-09-30 15:19:59,909 INFO asdec.enrichers.lexical.worker: [Batch 313] Fetched a batch of 10000 domains.
2026-09-30 15:20:00,157 INFO asdec.enrichers.lexical.worker: [Batch 313] 0/10000 domains enriched succesfully. 10000 errors.
2026-09-30 15:20:02,719 INFO asdec.enrichers.lexical.worker: [Batch 314] Fetched a batch of 10000 domains.
2026-09-30 15:20:02,875 INFO asdec.enrichers.lexical.worker: [Batch 314] 0/10000 domains enriched succesfully. 10000 errors.
2026-09-30 15:20:05,412 INFO asdec.enrichers.lexical.worker: [Batch 315] Fetched a batch of 10000 domains.
2026-09-30 15:20:05,756 INFO asdec.enrichers.lexical.worker: [Batch 315] 0/10000 domains enriched succesfully. 10000 errors.
2026-09-30 15:20:08,246 INFO asdec.enrichers.lexical.worker: [Batch 316] Fetched a batch of 10000 domains.
2026-09-30 15:20:08,516 INFO asdec.enrichers.lexical.worker: [Batch 316] 0/10000 domains enriched succesfully. 10000 errors.
2026-09-30 15:20:11,092 INFO asdec.enrichers.lexical.worker: [Batch 317] Fetched a batch of 10000 domains.
2026-09-30 15:20:11,251 INFO asdec.enrichers.lexical.worker: [Batch 317] 0/10000 domains enriched succesfully. 10000 errors.
2026-09-30 15:20:13,950 INFO asdec.enrichers.lexical.worker: [Batch 318] Fetched a batch of 10000 domains.
2026-09-30 15:20:14,115 INFO asdec.enrichers.lexical.worker: [Batch 318] 0/10000 domains enriched succesfully. 10000 errors.
2026-09-30 15:20:16,682 INFO asdec.enrichers.lexical.worker: [Batch 319] Fetched a batch of 10000 domains.
2026-09-30 15:20:16,841 INFO asdec.enrichers.lexical.worker: [Batch 319] 0/10000 domains enriched succesfully. 10000 errors.
2026-09-30 15:20:19,398 INFO asdec.enrichers.lexical.worker: [Batch 320] Fetched a batch of 10000 domains.
2026-09-30 15:20:19,672 INFO asdec.enrichers.lexical.worker: [Batch 320] 0/10000 domains enriched succesfully. 10000 errors.
2026-09-30 15:20:22,181 INFO asdec.enrichers.lexical.worker: [Batch 321] Fetched a batch of 10000 domains.
2026-09-30 15:20:22,445 INFO asdec.enrichers.lexical.worker: [Batch 321] 0/10000 domains enriched succesfully. 10000 errors.
2026-09-30 15:20:24,910 INFO asdec.enrichers.lexical.worker: [Batch 322] Fetched a batch of 10000 domains.
2026-09-30 15:20:25,061 INFO asdec.enrichers.lexical.worker: [Batch 322] 0/10000 domains enriched succesfully. 10000 errors.
2026-09-30 15:20:27,539 INFO asdec.enrichers.lexical.worker: [Batch 323] Fetched a batch of 10000 domains.
2026-09-30 15:20:27,697 INFO asdec.enrichers.lexical.worker: [Batch 323] 0/10000 domains enriched succesfully. 10000 errors.
2026-09-30 15:20:30,180 INFO asdec.enrichers.lexical.worker: [Batch 324] Fetched a batch of 10000 domains.
2026-09-30 15:20:30,333 INFO asdec.enrichers.lexical.worker: [Batch 324] 0/10000 domains enriched succesfully. 10000 errors.
2026-09-30 15:20:32,827 INFO asdec.enrichers.lexical.worker: [Batch 325] Fetched a batch of 10000 domains.
2026-09-30 15:20:33,083 INFO asdec.enrichers.lexical.worker: [Batch 325] 0/10000 domains enriched succesfully. 10000 errors.
2026-09-30 15:20:35,487 INFO asdec.enrichers.lexical.worker: [Batch 326] Fetched a batch of 10000 domains.
2026-09-30 15:20:35,776 INFO asdec.enrichers.lexical.worker: [Batch 326] 0/10000 domains enriched succesfully. 10000 errors.
2026-09-30 15:20:38,292 INFO asdec.enrichers.lexical.worker: [Batch 327] Fetched a batch of 10000 domains.
2026-09-30 15:20:38,443 INFO asdec.enrichers.lexical.worker: [Batch 327] 0/10000 domains enriched succesfully. 10000 errors.
2026-09-30 15:20:40,951 INFO asdec.enrichers.lexical.worker: [Batch 328] Fetched a batch of 10000 domains.
2026-09-30 15:20:41,102 INFO asdec.enrichers.lexical.worker: [Batch 328] 0/10000 domains enriched succesfully. 10000 errors.
2026-09-30 15:20:43,602 INFO asdec.enrichers.lexical.worker: [Batch 329] Fetched a batch of 10000 domains.
2026-09-30 15:20:43,756 INFO asdec.enrichers.lexical.worker: [Batch 329] 0/10000 domains enriched succesfully. 10000 errors.
2026-09-30 15:20:46,257 INFO asdec.enrichers.lexical.worker: [Batch 330] Fetched a batch of 10000 domains.
2026-09-30 15:20:46,518 INFO asdec.enrichers.lexical.worker: [Batch 330] 0/10000 domains enriched succesfully. 10000 errors.
2026-09-30 15:20:48,982 INFO asdec.enrichers.lexical.worker: [Batch 331] Fetched a batch of 10000 domains.
2026-09-30 15:20:49,232 INFO asdec.enrichers.lexical.worker: [Batch 331] 0/10000 domains enriched succesfully. 10000 errors.
2026-09-30 15:20:51,934 INFO asdec.enrichers.lexical.worker: [Batch 332] Fetched a batch of 10000 domains.
2026-09-30 15:20:52,089 INFO asdec.enrichers.lexical.worker: [Batch 332] 0/10000 domains enriched succesfully. 10000 errors.
2026-09-30 15:20:54,896 INFO asdec.enrichers.lexical.worker: [Batch 333] Fetched a batch of 10000 domains.
2026-09-30 15:20:55,057 INFO asdec.enrichers.lexical.worker: [Batch 333] 0/10000 domains enriched succesfully. 10000 errors.
2026-09-30 15:20:57,940 INFO asdec.enrichers.lexical.worker: [Batch 334] Fetched a batch of 10000 domains.
2026-09-30 15:20:58,157 INFO asdec.enrichers.lexical.worker: [Batch 334] 0/10000 domains enriched succesfully. 10000 errors.
2026-09-30 15:21:00,954 INFO asdec.enrichers.lexical.worker: [Batch 335] Fetched a batch of 10000 domains.
2026-09-30 15:21:01,254 INFO asdec.enrichers.lexical.worker: [Batch 335] 0/10000 domains enriched succesfully. 10000 errors.
2026-09-30 15:21:03,846 INFO asdec.enrichers.lexical.worker: [Batch 336] Fetched a batch of 10000 domains.
2026-09-30 15:21:04,109 INFO asdec.enrichers.lexical.worker: [Batch 336] 0/10000 domains enriched succesfully. 10000 errors.
2026-09-30 15:21:06,802 INFO asdec.enrichers.lexical.worker: [Batch 337] Fetched a batch of 10000 domains.
2026-09-30 15:21:06,959 INFO asdec.enrichers.lexical.worker: [Batch 337] 0/10000 domains enriched succesfully. 10000 errors.
2026-09-30 15:21:10,750 INFO asdec.enrichers.lexical.worker: [Batch 338] Fetched a batch of 10000 domains.
2026-09-30 15:21:10,933 INFO asdec.enrichers.lexical.worker: [Batch 338] 0/10000 domains enriched succesfully. 10000 errors.
2026-09-30 15:21:14,312 INFO asdec.enrichers.lexical.worker: [Batch 339] Fetched a batch of 10000 domains.
2026-09-30 15:21:14,495 INFO asdec.enrichers.lexical.worker: [Batch 339] 0/10000 domains enriched succesfully. 10000 errors.
2026-09-30 15:21:17,118 INFO asdec.enrichers.lexical.worker: [Batch 340] Fetched a batch of 10000 domains.
2026-09-30 15:21:17,385 INFO asdec.enrichers.lexical.worker: [Batch 340] 0/10000 domains enriched succesfully. 10000 errors.
2026-09-30 15:21:19,966 INFO asdec.enrichers.lexical.worker: [Batch 341] Fetched a batch of 10000 domains.
2026-09-30 15:21:20,232 INFO asdec.enrichers.lexical.worker: [Batch 341] 0/10000 domains enriched succesfully. 10000 errors.
2026-09-30 15:21:22,794 INFO asdec.enrichers.lexical.worker: [Batch 342] Fetched a batch of 10000 domains.
2026-09-30 15:21:23,056 INFO asdec.enrichers.lexical.worker: [Batch 342] 0/10000 domains enriched succesfully. 10000 errors.
2026-09-30 15:21:25,719 INFO asdec.enrichers.lexical.worker: [Batch 343] Fetched a batch of 10000 domains.
2026-09-30 15:21:25,871 INFO asdec.enrichers.lexical.worker: [Batch 343] 0/10000 domains enriched succesfully. 10000 errors.
2026-09-30 15:21:28,500 INFO asdec.enrichers.lexical.worker: [Batch 344] Fetched a batch of 10000 domains.
2026-09-30 15:21:28,656 INFO asdec.enrichers.lexical.worker: [Batch 344] 0/10000 domains enriched succesfully. 10000 errors.
2026-09-30 15:21:31,562 INFO asdec.enrichers.lexical.worker: [Batch 345] Fetched a batch of 10000 domains.
2026-09-30 15:21:31,873 INFO asdec.enrichers.lexical.worker: [Batch 345] 0/10000 domains enriched succesfully. 10000 errors.
2026-09-30 15:21:34,489 INFO asdec.enrichers.lexical.worker: [Batch 346] Fetched a batch of 10000 domains.
2026-09-30 15:21:34,755 INFO asdec.enrichers.lexical.worker: [Batch 346] 0/10000 domains enriched succesfully. 10000 errors.
2026-09-30 15:21:37,479 INFO asdec.enrichers.lexical.worker: [Batch 347] Fetched a batch of 10000 domains.
2026-09-30 15:21:37,655 INFO asdec.enrichers.lexical.worker: [Batch 347] 0/10000 domains enriched succesfully. 10000 errors.
2026-09-30 15:21:40,400 INFO asdec.enrichers.lexical.worker: [Batch 348] Fetched a batch of 10000 domains.
2026-09-30 15:21:40,555 INFO asdec.enrichers.lexical.worker: [Batch 348] 0/10000 domains enriched succesfully. 10000 errors.
2026-09-30 15:21:43,205 INFO asdec.enrichers.lexical.worker: [Batch 349] Fetched a batch of 10000 domains.
2026-09-30 15:21:43,356 INFO asdec.enrichers.lexical.worker: [Batch 349] 0/10000 domains enriched succesfully. 10000 errors.
2026-09-30 15:21:46,079 INFO asdec.enrichers.lexical.worker: [Batch 350] Fetched a batch of 10000 domains.
2026-09-30 15:21:46,340 INFO asdec.enrichers.lexical.worker: [Batch 350] 0/10000 domains enriched succesfully. 10000 errors.
2026-09-30 15:21:48,955 INFO asdec.enrichers.lexical.worker: [Batch 351] Fetched a batch of 10000 domains.
2026-09-30 15:21:49,206 INFO asdec.enrichers.lexical.worker: [Batch 351] 0/10000 domains enriched succesfully. 10000 errors.
2026-09-30 15:21:51,912 INFO asdec.enrichers.lexical.worker: [Batch 352] Fetched a batch of 10000 domains.
2026-09-30 15:21:52,070 INFO asdec.enrichers.lexical.worker: [Batch 352] 0/10000 domains enriched succesfully. 10000 errors.
2026-09-30 15:21:54,828 INFO asdec.enrichers.lexical.worker: [Batch 353] Fetched a batch of 10000 domains.
2026-09-30 15:21:54,988 INFO asdec.enrichers.lexical.worker: [Batch 353] 0/10000 domains enriched succesfully. 10000 errors.
2026-09-30 15:21:57,692 INFO asdec.enrichers.lexical.worker: [Batch 354] Fetched a batch of 10000 domains.
2026-09-30 15:21:57,841 INFO asdec.enrichers.lexical.worker: [Batch 354] 0/10000 domains enriched succesfully. 10000 errors.
2026-09-30 15:22:00,524 INFO asdec.enrichers.lexical.worker: [Batch 355] Fetched a batch of 10000 domains.
2026-09-30 15:22:00,782 INFO asdec.enrichers.lexical.worker: [Batch 355] 0/10000 domains enriched succesfully. 10000 errors.
2026-09-30 15:22:03,412 INFO asdec.enrichers.lexical.worker: [Batch 356] Fetched a batch of 10000 domains.
2026-09-30 15:22:03,663 INFO asdec.enrichers.lexical.worker: [Batch 356] 0/10000 domains enriched succesfully. 10000 errors.
2026-09-30 15:22:06,329 INFO asdec.enrichers.lexical.worker: [Batch 357] Fetched a batch of 10000 domains.
2026-09-30 15:22:06,572 INFO asdec.enrichers.lexical.worker: [Batch 357] 0/10000 domains enriched succesfully. 10000 errors.
2026-09-30 15:22:09,344 INFO asdec.enrichers.lexical.worker: [Batch 358] Fetched a batch of 10000 domains.
2026-09-30 15:22:09,548 INFO asdec.enrichers.lexical.worker: [Batch 358] 0/10000 domains enriched succesfully. 10000 errors.
2026-09-30 15:22:12,378 INFO asdec.enrichers.lexical.worker: [Batch 359] Fetched a batch of 10000 domains.
2026-09-30 15:22:12,535 INFO asdec.enrichers.lexical.worker: [Batch 359] 0/10000 domains enriched succesfully. 10000 errors.
2026-09-30 15:22:15,269 INFO asdec.enrichers.lexical.worker: [Batch 360] Fetched a batch of 10000 domains.
2026-09-30 15:22:15,541 INFO asdec.enrichers.lexical.worker: [Batch 360] 0/10000 domains enriched succesfully. 10000 errors.
2026-09-30 15:22:18,243 INFO asdec.enrichers.lexical.worker: [Batch 361] Fetched a batch of 10000 domains.
2026-09-30 15:22:18,552 INFO asdec.enrichers.lexical.worker: [Batch 361] 0/10000 domains enriched succesfully. 10000 errors.
2026-09-30 15:22:21,632 INFO asdec.enrichers.lexical.worker: [Batch 362] Fetched a batch of 10000 domains.
2026-09-30 15:22:21,841 INFO asdec.enrichers.lexical.worker: [Batch 362] 0/10000 domains enriched succesfully. 10000 errors.
2026-09-30 15:22:24,999 INFO asdec.enrichers.lexical.worker: [Batch 363] Fetched a batch of 10000 domains.
2026-09-30 15:22:25,154 INFO asdec.enrichers.lexical.worker: [Batch 363] 0/10000 domains enriched succesfully. 10000 errors.
2026-09-30 15:22:27,994 INFO asdec.enrichers.lexical.worker: [Batch 364] Fetched a batch of 10000 domains.
2026-09-30 15:22:28,150 INFO asdec.enrichers.lexical.worker: [Batch 364] 0/10000 domains enriched succesfully. 10000 errors.
2026-09-30 15:22:30,938 INFO asdec.enrichers.lexical.worker: [Batch 365] Fetched a batch of 10000 domains.
2026-09-30 15:22:31,233 INFO asdec.enrichers.lexical.worker: [Batch 365] 0/10000 domains enriched succesfully. 10000 errors.
2026-09-30 15:22:33,958 INFO asdec.enrichers.lexical.worker: [Batch 366] Fetched a batch of 10000 domains.
2026-09-30 15:22:34,221 INFO asdec.enrichers.lexical.worker: [Batch 366] 0/10000 domains enriched succesfully. 10000 errors.
2026-09-30 15:22:37,114 INFO asdec.enrichers.lexical.worker: [Batch 367] Fetched a batch of 10000 domains.
2026-09-30 15:22:37,281 INFO asdec.enrichers.lexical.worker: [Batch 367] 0/10000 domains enriched succesfully. 10000 errors.
2026-09-30 15:22:40,281 INFO asdec.enrichers.lexical.worker: [Batch 368] Fetched a batch of 10000 domains.
2026-09-30 15:22:40,435 INFO asdec.enrichers.lexical.worker: [Batch 368] 0/10000 domains enriched succesfully. 10000 errors.
2026-09-30 15:22:43,396 INFO asdec.enrichers.lexical.worker: [Batch 369] Fetched a batch of 10000 domains.
2026-09-30 15:22:43,562 INFO asdec.enrichers.lexical.worker: [Batch 369] 0/10000 domains enriched succesfully. 10000 errors.
2026-09-30 15:22:46,518 INFO asdec.enrichers.lexical.worker: [Batch 370] Fetched a batch of 10000 domains.
2026-09-30 15:22:46,827 INFO asdec.enrichers.lexical.worker: [Batch 370] 0/10000 domains enriched succesfully. 10000 errors.
2026-09-30 15:22:49,682 INFO asdec.enrichers.lexical.worker: [Batch 371] Fetched a batch of 10000 domains.
2026-09-30 15:22:49,957 INFO asdec.enrichers.lexical.worker: [Batch 371] 0/10000 domains enriched succesfully. 10000 errors.
2026-09-30 15:22:52,694 INFO asdec.enrichers.lexical.worker: [Batch 372] Fetched a batch of 10000 domains.
2026-09-30 15:22:52,939 INFO asdec.enrichers.lexical.worker: [Batch 372] 0/10000 domains enriched succesfully. 10000 errors.
2026-09-30 15:22:55,759 INFO asdec.enrichers.lexical.worker: [Batch 373] Fetched a batch of 10000 domains.
2026-09-30 15:22:55,913 INFO asdec.enrichers.lexical.worker: [Batch 373] 0/10000 domains enriched succesfully. 10000 errors.
2026-09-30 15:22:58,726 INFO asdec.enrichers.lexical.worker: [Batch 374] Fetched a batch of 10000 domains.
2026-09-30 15:22:58,879 INFO asdec.enrichers.lexical.worker: [Batch 374] 0/10000 domains enriched succesfully. 10000 errors.
2026-09-30 15:23:01,716 INFO asdec.enrichers.lexical.worker: [Batch 375] Fetched a batch of 10000 domains.
2026-09-30 15:23:01,977 INFO asdec.enrichers.lexical.worker: [Batch 375] 0/10000 domains enriched succesfully. 10000 errors.
2026-09-30 15:23:04,752 INFO asdec.enrichers.lexical.worker: [Batch 376] Fetched a batch of 10000 domains.
2026-09-30 15:23:05,007 INFO asdec.enrichers.lexical.worker: [Batch 376] 0/10000 domains enriched succesfully. 10000 errors.
2026-09-30 15:23:07,843 INFO asdec.enrichers.lexical.worker: [Batch 377] Fetched a batch of 10000 domains.
2026-09-30 15:23:07,998 INFO asdec.enrichers.lexical.worker: [Batch 377] 0/10000 domains enriched succesfully. 10000 errors.
2026-09-30 15:23:10,835 INFO asdec.enrichers.lexical.worker: [Batch 378] Fetched a batch of 10000 domains.
2026-09-30 15:23:10,984 INFO asdec.enrichers.lexical.worker: [Batch 378] 0/10000 domains enriched succesfully. 10000 errors.
2026-09-30 15:23:13,817 INFO asdec.enrichers.lexical.worker: [Batch 379] Fetched a batch of 10000 domains.
2026-09-30 15:23:13,968 INFO asdec.enrichers.lexical.worker: [Batch 379] 0/10000 domains enriched succesfully. 10000 errors.
2026-09-30 15:23:16,809 INFO asdec.enrichers.lexical.worker: [Batch 380] Fetched a batch of 10000 domains.
2026-09-30 15:23:17,067 INFO asdec.enrichers.lexical.worker: [Batch 380] 0/10000 domains enriched succesfully. 10000 errors.
2026-09-30 15:23:19,835 INFO asdec.enrichers.lexical.worker: [Batch 381] Fetched a batch of 10000 domains.
2026-09-30 15:23:20,089 INFO asdec.enrichers.lexical.worker: [Batch 381] 0/10000 domains enriched succesfully. 10000 errors.
2026-09-30 15:23:22,955 INFO asdec.enrichers.lexical.worker: [Batch 382] Fetched a batch of 10000 domains.
2026-09-30 15:23:23,105 INFO asdec.enrichers.lexical.worker: [Batch 382] 0/10000 domains enriched succesfully. 10000 errors.
2026-09-30 15:23:25,988 INFO asdec.enrichers.lexical.worker: [Batch 383] Fetched a batch of 10000 domains.
2026-09-30 15:23:26,141 INFO asdec.enrichers.lexical.worker: [Batch 383] 0/10000 domains enriched succesfully. 10000 errors.
2026-09-30 15:23:29,010 INFO asdec.enrichers.lexical.worker: [Batch 384] Fetched a batch of 10000 domains.
2026-09-30 15:23:29,160 INFO asdec.enrichers.lexical.worker: [Batch 384] 0/10000 domains enriched succesfully. 10000 errors.
2026-09-30 15:23:32,044 INFO asdec.enrichers.lexical.worker: [Batch 385] Fetched a batch of 10000 domains.
2026-09-30 15:23:32,305 INFO asdec.enrichers.lexical.worker: [Batch 385] 0/10000 domains enriched succesfully. 10000 errors.
2026-09-30 15:23:35,114 INFO asdec.enrichers.lexical.worker: [Batch 386] Fetched a batch of 10000 domains.
2026-09-30 15:23:35,369 INFO asdec.enrichers.lexical.worker: [Batch 386] 0/10000 domains enriched succesfully. 10000 errors.
2026-09-30 15:23:38,185 INFO asdec.enrichers.lexical.worker: [Batch 387] Fetched a batch of 10000 domains.
2026-09-30 15:23:38,427 INFO asdec.enrichers.lexical.worker: [Batch 387] 0/10000 domains enriched succesfully. 10000 errors.
2026-09-30 15:23:41,346 INFO asdec.enrichers.lexical.worker: [Batch 388] Fetched a batch of 10000 domains.
2026-09-30 15:23:41,496 INFO asdec.enrichers.lexical.worker: [Batch 388] 0/10000 domains enriched succesfully. 10000 errors.
2026-09-30 15:23:44,407 INFO asdec.enrichers.lexical.worker: [Batch 389] Fetched a batch of 10000 domains.
2026-09-30 15:23:44,559 INFO asdec.enrichers.lexical.worker: [Batch 389] 0/10000 domains enriched succesfully. 10000 errors.
2026-09-30 15:23:47,487 INFO asdec.enrichers.lexical.worker: [Batch 390] Fetched a batch of 10000 domains.
2026-09-30 15:23:47,746 INFO asdec.enrichers.lexical.worker: [Batch 390] 0/10000 domains enriched succesfully. 10000 errors.
2026-09-30 15:23:50,590 INFO asdec.enrichers.lexical.worker: [Batch 391] Fetched a batch of 10000 domains.
2026-09-30 15:23:50,849 INFO asdec.enrichers.lexical.worker: [Batch 391] 0/10000 domains enriched succesfully. 10000 errors.
2026-09-30 15:23:53,787 INFO asdec.enrichers.lexical.worker: [Batch 392] Fetched a batch of 10000 domains.
2026-09-30 15:23:53,937 INFO asdec.enrichers.lexical.worker: [Batch 392] 0/10000 domains enriched succesfully. 10000 errors.
2026-09-30 15:23:56,880 INFO asdec.enrichers.lexical.worker: [Batch 393] Fetched a batch of 10000 domains.
2026-09-30 15:23:57,032 INFO asdec.enrichers.lexical.worker: [Batch 393] 0/10000 domains enriched succesfully. 10000 errors.
2026-09-30 15:23:59,982 INFO asdec.enrichers.lexical.worker: [Batch 394] Fetched a batch of 10000 domains.
2026-09-30 15:24:00,137 INFO asdec.enrichers.lexical.worker: [Batch 394] 0/10000 domains enriched succesfully. 10000 errors.
2026-09-30 15:24:03,302 INFO asdec.enrichers.lexical.worker: [Batch 395] Fetched a batch of 10000 domains.
2026-09-30 15:24:03,590 INFO asdec.enrichers.lexical.worker: [Batch 395] 0/10000 domains enriched succesfully. 10000 errors.
2026-09-30 15:24:06,832 INFO asdec.enrichers.lexical.worker: [Batch 396] Fetched a batch of 10000 domains.
2026-09-30 15:24:07,102 INFO asdec.enrichers.lexical.worker: [Batch 396] 0/10000 domains enriched succesfully. 10000 errors.
2026-09-30 15:24:10,633 INFO asdec.enrichers.lexical.worker: [Batch 397] Fetched a batch of 10000 domains.
2026-09-30 15:24:11,165 INFO asdec.enrichers.lexical.worker: [Batch 397] 0/10000 domains enriched succesfully. 10000 errors.
2026-09-30 15:24:14,773 INFO asdec.enrichers.lexical.worker: [Batch 398] Fetched a batch of 10000 domains.
2026-09-30 15:24:14,968 INFO asdec.enrichers.lexical.worker: [Batch 398] 0/10000 domains enriched succesfully. 10000 errors.
2026-09-30 15:24:18,738 INFO asdec.enrichers.lexical.worker: [Batch 399] Fetched a batch of 10000 domains.
2026-09-30 15:24:19,062 INFO asdec.enrichers.lexical.worker: [Batch 399] 0/10000 domains enriched succesfully. 10000 errors.
2026-09-30 15:24:22,891 INFO asdec.enrichers.lexical.worker: [Batch 400] Fetched a batch of 10000 domains.
2026-09-30 15:24:23,399 INFO asdec.enrichers.lexical.worker: [Batch 400] 0/10000 domains enriched succesfully. 10000 errors.
2026-09-30 15:24:27,002 INFO asdec.enrichers.lexical.worker: [Batch 401] Fetched a batch of 10000 domains.
2026-09-30 15:24:27,429 INFO asdec.enrichers.lexical.worker: [Batch 401] 0/10000 domains enriched succesfully. 10000 errors.
2026-09-30 15:24:30,847 INFO asdec.enrichers.lexical.worker: [Batch 402] Fetched a batch of 10000 domains.
2026-09-30 15:24:31,013 INFO asdec.enrichers.lexical.worker: [Batch 402] 0/10000 domains enriched succesfully. 10000 errors.
2026-09-30 15:24:34,478 INFO asdec.enrichers.lexical.worker: [Batch 403] Fetched a batch of 10000 domains.
2026-09-30 15:24:34,657 INFO asdec.enrichers.lexical.worker: [Batch 403] 0/10000 domains enriched succesfully. 10000 errors.
2026-09-30 15:24:37,773 INFO asdec.enrichers.lexical.worker: [Batch 404] Fetched a batch of 10000 domains.
2026-09-30 15:24:37,933 INFO asdec.enrichers.lexical.worker: [Batch 404] 0/10000 domains enriched succesfully. 10000 errors.
2026-09-30 15:24:41,053 INFO asdec.enrichers.lexical.worker: [Batch 405] Fetched a batch of 10000 domains.
2026-09-30 15:24:41,320 INFO asdec.enrichers.lexical.worker: [Batch 405] 0/10000 domains enriched succesfully. 10000 errors.
2026-09-30 15:24:44,383 INFO asdec.enrichers.lexical.worker: [Batch 406] Fetched a batch of 10000 domains.
2026-09-30 15:24:44,634 INFO asdec.enrichers.lexical.worker: [Batch 406] 0/10000 domains enriched succesfully. 10000 errors.
2026-09-30 15:24:47,823 INFO asdec.enrichers.lexical.worker: [Batch 407] Fetched a batch of 10000 domains.
2026-09-30 15:24:47,976 INFO asdec.enrichers.lexical.worker: [Batch 407] 0/10000 domains enriched succesfully. 10000 errors.
2026-09-30 15:24:51,177 INFO asdec.enrichers.lexical.worker: [Batch 408] Fetched a batch of 10000 domains.
2026-09-30 15:24:51,331 INFO asdec.enrichers.lexical.worker: [Batch 408] 0/10000 domains enriched succesfully. 10000 errors.
2026-09-30 15:24:54,490 INFO asdec.enrichers.lexical.worker: [Batch 409] Fetched a batch of 10000 domains.
2026-09-30 15:24:54,643 INFO asdec.enrichers.lexical.worker: [Batch 409] 0/10000 domains enriched succesfully. 10000 errors.
2026-09-30 15:24:57,752 INFO asdec.enrichers.lexical.worker: [Batch 410] Fetched a batch of 10000 domains.
2026-09-30 15:24:58,017 INFO asdec.enrichers.lexical.worker: [Batch 410] 0/10000 domains enriched succesfully. 10000 errors.
2026-09-30 15:25:01,036 INFO asdec.enrichers.lexical.worker: [Batch 411] Fetched a batch of 10000 domains.
2026-09-30 15:25:01,309 INFO asdec.enrichers.lexical.worker: [Batch 411] 0/10000 domains enriched succesfully. 10000 errors.
2026-09-30 15:25:04,476 INFO asdec.enrichers.lexical.worker: [Batch 412] Fetched a batch of 10000 domains.
2026-09-30 15:25:04,627 INFO asdec.enrichers.lexical.worker: [Batch 412] 0/10000 domains enriched succesfully. 10000 errors.
2026-09-30 15:25:07,952 INFO asdec.enrichers.lexical.worker: [Batch 413] Fetched a batch of 10000 domains.
2026-09-30 15:25:08,118 INFO asdec.enrichers.lexical.worker: [Batch 413] 0/10000 domains enriched succesfully. 10000 errors.
2026-09-30 15:25:11,320 INFO asdec.enrichers.lexical.worker: [Batch 414] Fetched a batch of 10000 domains.
2026-09-30 15:25:11,495 INFO asdec.enrichers.lexical.worker: [Batch 414] 0/10000 domains enriched succesfully. 10000 errors.
2026-09-30 15:25:14,664 INFO asdec.enrichers.lexical.worker: [Batch 415] Fetched a batch of 10000 domains.
2026-09-30 15:25:14,926 INFO asdec.enrichers.lexical.worker: [Batch 415] 0/10000 domains enriched succesfully. 10000 errors.
2026-09-30 15:25:18,017 INFO asdec.enrichers.lexical.worker: [Batch 416] Fetched a batch of 10000 domains.
2026-09-30 15:25:18,304 INFO asdec.enrichers.lexical.worker: [Batch 416] 0/10000 domains enriched succesfully. 10000 errors.
2026-09-30 15:25:21,611 INFO asdec.enrichers.lexical.worker: [Batch 417] Fetched a batch of 10000 domains.
2026-09-30 15:25:21,915 INFO asdec.enrichers.lexical.worker: [Batch 417] 0/10000 domains enriched succesfully. 10000 errors.
2026-09-30 15:25:25,557 INFO asdec.enrichers.lexical.worker: [Batch 418] Fetched a batch of 10000 domains.
2026-09-30 15:25:25,753 INFO asdec.enrichers.lexical.worker: [Batch 418] 0/10000 domains enriched succesfully. 10000 errors.
2026-09-30 15:25:28,986 INFO asdec.enrichers.lexical.worker: [Batch 419] Fetched a batch of 10000 domains.
2026-09-30 15:25:29,140 INFO asdec.enrichers.lexical.worker: [Batch 419] 0/10000 domains enriched succesfully. 10000 errors.
2026-09-30 15:25:32,511 INFO asdec.enrichers.lexical.worker: [Batch 420] Fetched a batch of 10000 domains.
2026-09-30 15:25:32,781 INFO asdec.enrichers.lexical.worker: [Batch 420] 0/10000 domains enriched succesfully. 10000 errors.
2026-09-30 15:25:36,096 INFO asdec.enrichers.lexical.worker: [Batch 421] Fetched a batch of 10000 domains.
2026-09-30 15:25:36,358 INFO asdec.enrichers.lexical.worker: [Batch 421] 0/10000 domains enriched succesfully. 10000 errors.
2026-09-30 15:25:40,090 INFO asdec.enrichers.lexical.worker: [Batch 422] Fetched a batch of 10000 domains.
2026-09-30 15:25:40,342 INFO asdec.enrichers.lexical.worker: [Batch 422] 0/10000 domains enriched succesfully. 10000 errors.
2026-09-30 15:25:44,005 INFO asdec.enrichers.lexical.worker: [Batch 423] Fetched a batch of 10000 domains.
2026-09-30 15:25:44,192 INFO asdec.enrichers.lexical.worker: [Batch 423] 0/10000 domains enriched succesfully. 10000 errors.
2026-09-30 15:25:47,459 INFO asdec.enrichers.lexical.worker: [Batch 424] Fetched a batch of 10000 domains.
2026-09-30 15:25:47,613 INFO asdec.enrichers.lexical.worker: [Batch 424] 0/10000 domains enriched succesfully. 10000 errors.
2026-09-30 15:25:51,005 INFO asdec.enrichers.lexical.worker: [Batch 425] Fetched a batch of 10000 domains.
2026-09-30 15:25:51,270 INFO asdec.enrichers.lexical.worker: [Batch 425] 0/10000 domains enriched succesfully. 10000 errors.
2026-09-30 15:25:54,454 INFO asdec.enrichers.lexical.worker: [Batch 426] Fetched a batch of 10000 domains.
2026-09-30 15:25:54,709 INFO asdec.enrichers.lexical.worker: [Batch 426] 0/10000 domains enriched succesfully. 10000 errors.
2026-09-30 15:25:58,067 INFO asdec.enrichers.lexical.worker: [Batch 427] Fetched a batch of 10000 domains.
2026-09-30 15:25:58,219 INFO asdec.enrichers.lexical.worker: [Batch 427] 0/10000 domains enriched succesfully. 10000 errors.
2026-09-30 15:26:01,650 INFO asdec.enrichers.lexical.worker: [Batch 428] Fetched a batch of 10000 domains.
2026-09-30 15:26:01,825 INFO asdec.enrichers.lexical.worker: [Batch 428] 0/10000 domains enriched succesfully. 10000 errors.
2026-09-30 15:26:05,356 INFO asdec.enrichers.lexical.worker: [Batch 429] Fetched a batch of 10000 domains.
2026-09-30 15:26:05,523 INFO asdec.enrichers.lexical.worker: [Batch 429] 0/10000 domains enriched succesfully. 10000 errors.
2026-09-30 15:26:08,942 INFO asdec.enrichers.lexical.worker: [Batch 430] Fetched a batch of 10000 domains.
2026-09-30 15:26:09,220 INFO asdec.enrichers.lexical.worker: [Batch 430] 0/10000 domains enriched succesfully. 10000 errors.
2026-09-30 15:26:12,645 INFO asdec.enrichers.lexical.worker: [Batch 431] Fetched a batch of 10000 domains.
2026-09-30 15:26:12,959 INFO asdec.enrichers.lexical.worker: [Batch 431] 0/10000 domains enriched succesfully. 10000 errors.
2026-09-30 15:26:16,302 INFO asdec.enrichers.lexical.worker: [Batch 432] Fetched a batch of 10000 domains.
2026-09-30 15:26:16,460 INFO asdec.enrichers.lexical.worker: [Batch 432] 0/10000 domains enriched succesfully. 10000 errors.
2026-09-30 15:26:19,869 INFO asdec.enrichers.lexical.worker: [Batch 433] Fetched a batch of 10000 domains.
2026-09-30 15:26:20,048 INFO asdec.enrichers.lexical.worker: [Batch 433] 0/10000 domains enriched succesfully. 10000 errors.
2026-09-30 15:26:23,311 INFO asdec.enrichers.lexical.worker: [Batch 434] Fetched a batch of 10000 domains.
2026-09-30 15:26:23,465 INFO asdec.enrichers.lexical.worker: [Batch 434] 0/10000 domains enriched succesfully. 10000 errors.
2026-09-30 15:26:27,149 INFO asdec.enrichers.lexical.worker: [Batch 435] Fetched a batch of 10000 domains.
2026-09-30 15:26:27,476 INFO asdec.enrichers.lexical.worker: [Batch 435] 0/10000 domains enriched succesfully. 10000 errors.
2026-09-30 15:26:31,012 INFO asdec.enrichers.lexical.worker: [Batch 436] Fetched a batch of 10000 domains.
2026-09-30 15:26:31,303 INFO asdec.enrichers.lexical.worker: [Batch 436] 0/10000 domains enriched succesfully. 10000 errors.
2026-09-30 15:26:34,785 INFO asdec.enrichers.lexical.worker: [Batch 437] Fetched a batch of 10000 domains.
2026-09-30 15:26:35,040 INFO asdec.enrichers.lexical.worker: [Batch 437] 0/10000 domains enriched succesfully. 10000 errors.
2026-09-30 15:26:38,487 INFO asdec.enrichers.lexical.worker: [Batch 438] Fetched a batch of 10000 domains.
2026-09-30 15:26:38,642 INFO asdec.enrichers.lexical.worker: [Batch 438] 0/10000 domains enriched succesfully. 10000 errors.
2026-09-30 15:26:41,955 INFO asdec.enrichers.lexical.worker: [Batch 439] Fetched a batch of 10000 domains.
2026-09-30 15:26:42,109 INFO asdec.enrichers.lexical.worker: [Batch 439] 0/10000 domains enriched succesfully. 10000 errors.
2026-09-30 15:26:45,506 INFO asdec.enrichers.lexical.worker: [Batch 440] Fetched a batch of 10000 domains.
2026-09-30 15:26:45,774 INFO asdec.enrichers.lexical.worker: [Batch 440] 0/10000 domains enriched succesfully. 10000 errors.
2026-09-30 15:26:49,126 INFO asdec.enrichers.lexical.worker: [Batch 441] Fetched a batch of 10000 domains.
2026-09-30 15:26:49,385 INFO asdec.enrichers.lexical.worker: [Batch 441] 0/10000 domains enriched succesfully. 10000 errors.
2026-09-30 15:26:52,666 INFO asdec.enrichers.lexical.worker: [Batch 442] Fetched a batch of 10000 domains.
2026-09-30 15:26:52,829 INFO asdec.enrichers.lexical.worker: [Batch 442] 0/10000 domains enriched succesfully. 10000 errors.
2026-09-30 15:26:56,203 INFO asdec.enrichers.lexical.worker: [Batch 443] Fetched a batch of 10000 domains.
2026-09-30 15:26:56,355 INFO asdec.enrichers.lexical.worker: [Batch 443] 0/10000 domains enriched succesfully. 10000 errors.
2026-09-30 15:26:59,768 INFO asdec.enrichers.lexical.worker: [Batch 444] Fetched a batch of 10000 domains.
2026-09-30 15:26:59,968 INFO asdec.enrichers.lexical.worker: [Batch 444] 0/10000 domains enriched succesfully. 10000 errors.
2026-09-30 15:27:03,411 INFO asdec.enrichers.lexical.worker: [Batch 445] Fetched a batch of 10000 domains.
2026-09-30 15:27:03,687 INFO asdec.enrichers.lexical.worker: [Batch 445] 0/10000 domains enriched succesfully. 10000 errors.
2026-09-30 15:27:07,035 INFO asdec.enrichers.lexical.worker: [Batch 446] Fetched a batch of 10000 domains.
2026-09-30 15:27:07,288 INFO asdec.enrichers.lexical.worker: [Batch 446] 0/10000 domains enriched succesfully. 10000 errors.
2026-09-30 15:27:10,604 INFO asdec.enrichers.lexical.worker: [Batch 447] Fetched a batch of 10000 domains.
2026-09-30 15:27:10,849 INFO asdec.enrichers.lexical.worker: [Batch 447] 0/10000 domains enriched succesfully. 10000 errors.
2026-09-30 15:27:14,312 INFO asdec.enrichers.lexical.worker: [Batch 448] Fetched a batch of 10000 domains.
2026-09-30 15:27:14,470 INFO asdec.enrichers.lexical.worker: [Batch 448] 0/10000 domains enriched succesfully. 10000 errors.
2026-09-30 15:27:18,341 INFO asdec.enrichers.lexical.worker: [Batch 449] Fetched a batch of 10000 domains.
2026-09-30 15:27:18,561 INFO asdec.enrichers.lexical.worker: [Batch 449] 0/10000 domains enriched succesfully. 10000 errors.
2026-09-30 15:27:22,722 INFO asdec.enrichers.lexical.worker: [Batch 450] Fetched a batch of 10000 domains.
2026-09-30 15:27:23,098 INFO asdec.enrichers.lexical.worker: [Batch 450] 0/10000 domains enriched succesfully. 10000 errors.
2026-09-30 15:27:26,574 INFO asdec.enrichers.lexical.worker: [Batch 451] Fetched a batch of 10000 domains.
2026-09-30 15:27:26,840 INFO asdec.enrichers.lexical.worker: [Batch 451] 0/10000 domains enriched succesfully. 10000 errors.
2026-09-30 15:27:30,386 INFO asdec.enrichers.lexical.worker: [Batch 452] Fetched a batch of 10000 domains.
2026-09-30 15:27:30,558 INFO asdec.enrichers.lexical.worker: [Batch 452] 0/10000 domains enriched succesfully. 10000 errors.
2026-09-30 15:27:34,168 INFO asdec.enrichers.lexical.worker: [Batch 453] Fetched a batch of 10000 domains.
2026-09-30 15:27:34,336 INFO asdec.enrichers.lexical.worker: [Batch 453] 0/10000 domains enriched succesfully. 10000 errors.
2026-09-30 15:27:37,873 INFO asdec.enrichers.lexical.worker: [Batch 454] Fetched a batch of 10000 domains.
2026-09-30 15:27:38,034 INFO asdec.enrichers.lexical.worker: [Batch 454] 0/10000 domains enriched succesfully. 10000 errors.
2026-09-30 15:27:41,612 INFO asdec.enrichers.lexical.worker: [Batch 455] Fetched a batch of 10000 domains.
2026-09-30 15:27:41,887 INFO asdec.enrichers.lexical.worker: [Batch 455] 0/10000 domains enriched succesfully. 10000 errors.
2026-09-30 15:27:45,378 INFO asdec.enrichers.lexical.worker: [Batch 456] Fetched a batch of 10000 domains.
2026-09-30 15:27:45,655 INFO asdec.enrichers.lexical.worker: [Batch 456] 0/10000 domains enriched succesfully. 10000 errors.
2026-09-30 15:27:49,249 INFO asdec.enrichers.lexical.worker: [Batch 457] Fetched a batch of 10000 domains.
2026-09-30 15:27:49,597 INFO asdec.enrichers.lexical.worker: [Batch 457] 0/10000 domains enriched succesfully. 10000 errors.
2026-09-30 15:27:54,182 INFO asdec.enrichers.lexical.worker: [Batch 458] Fetched a batch of 10000 domains.
2026-09-30 15:27:54,339 INFO asdec.enrichers.lexical.worker: [Batch 458] 0/10000 domains enriched succesfully. 10000 errors.
2026-09-30 15:27:57,894 INFO asdec.enrichers.lexical.worker: [Batch 459] Fetched a batch of 10000 domains.
2026-09-30 15:27:58,068 INFO asdec.enrichers.lexical.worker: [Batch 459] 0/10000 domains enriched succesfully. 10000 errors.
2026-09-30 15:28:01,569 INFO asdec.enrichers.lexical.worker: [Batch 460] Fetched a batch of 10000 domains.
2026-09-30 15:28:01,838 INFO asdec.enrichers.lexical.worker: [Batch 460] 0/10000 domains enriched succesfully. 10000 errors.
2026-09-30 15:28:05,254 INFO asdec.enrichers.lexical.worker: [Batch 461] Fetched a batch of 10000 domains.
2026-09-30 15:28:05,516 INFO asdec.enrichers.lexical.worker: [Batch 461] 0/10000 domains enriched succesfully. 10000 errors.
2026-09-30 15:28:09,029 INFO asdec.enrichers.lexical.worker: [Batch 462] Fetched a batch of 10000 domains.
2026-09-30 15:28:09,183 INFO asdec.enrichers.lexical.worker: [Batch 462] 0/10000 domains enriched succesfully. 10000 errors.
2026-09-30 15:28:12,854 INFO asdec.enrichers.lexical.worker: [Batch 463] Fetched a batch of 10000 domains.
2026-09-30 15:28:13,015 INFO asdec.enrichers.lexical.worker: [Batch 463] 0/10000 domains enriched succesfully. 10000 errors.
2026-09-30 15:28:16,468 INFO asdec.enrichers.lexical.worker: [Batch 464] Fetched a batch of 10000 domains.
2026-09-30 15:28:16,634 INFO asdec.enrichers.lexical.worker: [Batch 464] 0/10000 domains enriched succesfully. 10000 errors.
2026-09-30 15:28:20,487 INFO asdec.enrichers.lexical.worker: [Batch 465] Fetched a batch of 10000 domains.
2026-09-30 15:28:21,028 INFO asdec.enrichers.lexical.worker: [Batch 465] 0/10000 domains enriched succesfully. 10000 errors.
2026-09-30 15:28:25,409 INFO asdec.enrichers.lexical.worker: [Batch 466] Fetched a batch of 10000 domains.
2026-09-30 15:28:25,715 INFO asdec.enrichers.lexical.worker: [Batch 466] 0/10000 domains enriched succesfully. 10000 errors.
2026-09-30 15:28:30,069 INFO asdec.enrichers.lexical.worker: [Batch 467] Fetched a batch of 10000 domains.
2026-09-30 15:28:30,335 INFO asdec.enrichers.lexical.worker: [Batch 467] 0/10000 domains enriched succesfully. 10000 errors.
2026-09-30 15:28:34,600 INFO asdec.enrichers.lexical.worker: [Batch 468] Fetched a batch of 10000 domains.
2026-09-30 15:28:34,843 INFO asdec.enrichers.lexical.worker: [Batch 468] 0/10000 domains enriched succesfully. 10000 errors.
2026-09-30 15:28:39,053 INFO asdec.enrichers.lexical.worker: [Batch 469] Fetched a batch of 10000 domains.
2026-09-30 15:28:39,246 INFO asdec.enrichers.lexical.worker: [Batch 469] 0/10000 domains enriched succesfully. 10000 errors.
2026-09-30 15:28:43,438 INFO asdec.enrichers.lexical.worker: [Batch 470] Fetched a batch of 10000 domains.
2026-09-30 15:28:43,733 INFO asdec.enrichers.lexical.worker: [Batch 470] 0/10000 domains enriched succesfully. 10000 errors.
2026-09-30 15:28:47,447 INFO asdec.enrichers.lexical.worker: [Batch 471] Fetched a batch of 10000 domains.
2026-09-30 15:28:47,776 INFO asdec.enrichers.lexical.worker: [Batch 471] 0/10000 domains enriched succesfully. 10000 errors.
2026-09-30 15:28:51,496 INFO asdec.enrichers.lexical.worker: [Batch 472] Fetched a batch of 10000 domains.
2026-09-30 15:28:51,646 INFO asdec.enrichers.lexical.worker: [Batch 472] 0/10000 domains enriched succesfully. 10000 errors.
2026-09-30 15:28:55,198 INFO asdec.enrichers.lexical.worker: [Batch 473] Fetched a batch of 10000 domains.
2026-09-30 15:28:55,350 INFO asdec.enrichers.lexical.worker: [Batch 473] 0/10000 domains enriched succesfully. 10000 errors.
2026-09-30 15:28:58,894 INFO asdec.enrichers.lexical.worker: [Batch 474] Fetched a batch of 10000 domains.
2026-09-30 15:28:59,050 INFO asdec.enrichers.lexical.worker: [Batch 474] 0/10000 domains enriched succesfully. 10000 errors.
2026-09-30 15:29:02,634 INFO asdec.enrichers.lexical.worker: [Batch 475] Fetched a batch of 10000 domains.
2026-09-30 15:29:02,933 INFO asdec.enrichers.lexical.worker: [Batch 475] 0/10000 domains enriched succesfully. 10000 errors.
2026-09-30 15:29:06,504 INFO asdec.enrichers.lexical.worker: [Batch 476] Fetched a batch of 10000 domains.
2026-09-30 15:29:06,759 INFO asdec.enrichers.lexical.worker: [Batch 476] 0/10000 domains enriched succesfully. 10000 errors.
2026-09-30 15:29:10,301 INFO asdec.enrichers.lexical.worker: [Batch 477] Fetched a batch of 10000 domains.
2026-09-30 15:29:10,452 INFO asdec.enrichers.lexical.worker: [Batch 477] 0/10000 domains enriched succesfully. 10000 errors.
2026-09-30 15:29:13,962 INFO asdec.enrichers.lexical.worker: [Batch 478] Fetched a batch of 10000 domains.
2026-09-30 15:29:14,116 INFO asdec.enrichers.lexical.worker: [Batch 478] 0/10000 domains enriched succesfully. 10000 errors.
2026-09-30 15:29:17,648 INFO asdec.enrichers.lexical.worker: [Batch 479] Fetched a batch of 10000 domains.
2026-09-30 15:29:17,798 INFO asdec.enrichers.lexical.worker: [Batch 479] 0/10000 domains enriched succesfully. 10000 errors.
2026-09-30 15:29:21,456 INFO asdec.enrichers.lexical.worker: [Batch 480] Fetched a batch of 10000 domains.
2026-09-30 15:29:21,718 INFO asdec.enrichers.lexical.worker: [Batch 480] 0/10000 domains enriched succesfully. 10000 errors.
2026-09-30 15:29:25,255 INFO asdec.enrichers.lexical.worker: [Batch 481] Fetched a batch of 10000 domains.
2026-09-30 15:29:25,518 INFO asdec.enrichers.lexical.worker: [Batch 481] 0/10000 domains enriched succesfully. 10000 errors.
2026-09-30 15:29:29,142 INFO asdec.enrichers.lexical.worker: [Batch 482] Fetched a batch of 10000 domains.
2026-09-30 15:29:29,293 INFO asdec.enrichers.lexical.worker: [Batch 482] 0/10000 domains enriched succesfully. 10000 errors.
2026-09-30 15:29:32,898 INFO asdec.enrichers.lexical.worker: [Batch 483] Fetched a batch of 10000 domains.
2026-09-30 15:29:33,048 INFO asdec.enrichers.lexical.worker: [Batch 483] 0/10000 domains enriched succesfully. 10000 errors.
2026-09-30 15:29:36,624 INFO asdec.enrichers.lexical.worker: [Batch 484] Fetched a batch of 10000 domains.
2026-09-30 15:29:36,777 INFO asdec.enrichers.lexical.worker: [Batch 484] 0/10000 domains enriched succesfully. 10000 errors.
2026-09-30 15:29:40,347 INFO asdec.enrichers.lexical.worker: [Batch 485] Fetched a batch of 10000 domains.
2026-09-30 15:29:40,612 INFO asdec.enrichers.lexical.worker: [Batch 485] 0/10000 domains enriched succesfully. 10000 errors.
2026-09-30 15:29:44,113 INFO asdec.enrichers.lexical.worker: [Batch 486] Fetched a batch of 10000 domains.
2026-09-30 15:29:44,370 INFO asdec.enrichers.lexical.worker: [Batch 486] 0/10000 domains enriched succesfully. 10000 errors.
2026-09-30 15:29:47,990 INFO asdec.enrichers.lexical.worker: [Batch 487] Fetched a batch of 10000 domains.
2026-09-30 15:29:48,143 INFO asdec.enrichers.lexical.worker: [Batch 487] 0/10000 domains enriched succesfully. 10000 errors.
2026-09-30 15:29:51,790 INFO asdec.enrichers.lexical.worker: [Batch 488] Fetched a batch of 10000 domains.
2026-09-30 15:29:51,941 INFO asdec.enrichers.lexical.worker: [Batch 488] 0/10000 domains enriched succesfully. 10000 errors.
2026-09-30 15:29:55,601 INFO asdec.enrichers.lexical.worker: [Batch 489] Fetched a batch of 10000 domains.
2026-09-30 15:29:55,755 INFO asdec.enrichers.lexical.worker: [Batch 489] 0/10000 domains enriched succesfully. 10000 errors.
2026-09-30 15:29:59,837 INFO asdec.enrichers.lexical.worker: [Batch 490] Fetched a batch of 10000 domains.
2026-09-30 15:30:00,109 INFO asdec.enrichers.lexical.worker: [Batch 490] 0/10000 domains enriched succesfully. 10000 errors.
2026-09-30 15:30:03,758 INFO asdec.enrichers.lexical.worker: [Batch 491] Fetched a batch of 10000 domains.
2026-09-30 15:30:04,009 INFO asdec.enrichers.lexical.worker: [Batch 491] 0/10000 domains enriched succesfully. 10000 errors.
2026-09-30 15:30:07,825 INFO asdec.enrichers.lexical.worker: [Batch 492] Fetched a batch of 10000 domains.
2026-09-30 15:30:07,980 INFO asdec.enrichers.lexical.worker: [Batch 492] 0/10000 domains enriched succesfully. 10000 errors.
2026-09-30 15:30:11,642 INFO asdec.enrichers.lexical.worker: [Batch 493] Fetched a batch of 10000 domains.
2026-09-30 15:30:11,795 INFO asdec.enrichers.lexical.worker: [Batch 493] 0/10000 domains enriched succesfully. 10000 errors.
2026-09-30 15:30:15,443 INFO asdec.enrichers.lexical.worker: [Batch 494] Fetched a batch of 10000 domains.
2026-09-30 15:30:15,598 INFO asdec.enrichers.lexical.worker: [Batch 494] 0/10000 domains enriched succesfully. 10000 errors.
2026-09-30 15:30:19,233 INFO asdec.enrichers.lexical.worker: [Batch 495] Fetched a batch of 10000 domains.
2026-09-30 15:30:19,497 INFO asdec.enrichers.lexical.worker: [Batch 495] 0/10000 domains enriched succesfully. 10000 errors.
2026-09-30 15:30:23,512 INFO asdec.enrichers.lexical.worker: [Batch 496] Fetched a batch of 10000 domains.
2026-09-30 15:30:24,086 INFO asdec.enrichers.lexical.worker: [Batch 496] 0/10000 domains enriched succesfully. 10000 errors.
2026-09-30 15:30:27,934 INFO asdec.enrichers.lexical.worker: [Batch 497] Fetched a batch of 10000 domains.
2026-09-30 15:30:28,178 INFO asdec.enrichers.lexical.worker: [Batch 497] 0/10000 domains enriched succesfully. 10000 errors.
2026-09-30 15:30:31,907 INFO asdec.enrichers.lexical.worker: [Batch 498] Fetched a batch of 10000 domains.
2026-09-30 15:30:32,063 INFO asdec.enrichers.lexical.worker: [Batch 498] 0/10000 domains enriched succesfully. 10000 errors.
2026-09-30 15:30:35,759 INFO asdec.enrichers.lexical.worker: [Batch 499] Fetched a batch of 10000 domains.
2026-09-30 15:30:35,911 INFO asdec.enrichers.lexical.worker: [Batch 499] 0/10000 domains enriched succesfully. 10000 errors.
2026-09-30 15:30:39,947 INFO asdec.enrichers.lexical.worker: [Batch 500] Fetched a batch of 10000 domains.
2026-09-30 15:30:40,206 INFO asdec.enrichers.lexical.worker: [Batch 500] 0/10000 domains enriched succesfully. 10000 errors.
2026-09-30 15:30:44,470 INFO asdec.enrichers.lexical.worker: [Batch 501] Fetched a batch of 10000 domains.
2026-09-30 15:30:44,810 INFO asdec.enrichers.lexical.worker: [Batch 501] 0/10000 domains enriched succesfully. 10000 errors.
2026-09-30 15:30:49,236 INFO asdec.enrichers.lexical.worker: [Batch 502] Fetched a batch of 10000 domains.
2026-09-30 15:30:49,610 INFO asdec.enrichers.lexical.worker: [Batch 502] 0/10000 domains enriched succesfully. 10000 errors.
2026-09-30 15:30:53,577 INFO asdec.enrichers.lexical.worker: [Batch 503] Fetched a batch of 10000 domains.
2026-09-30 15:30:53,738 INFO asdec.enrichers.lexical.worker: [Batch 503] 0/10000 domains enriched succesfully. 10000 errors.
2026-09-30 15:30:57,459 INFO asdec.enrichers.lexical.worker: [Batch 504] Fetched a batch of 10000 domains.
2026-09-30 15:30:57,613 INFO asdec.enrichers.lexical.worker: [Batch 504] 0/10000 domains enriched succesfully. 10000 errors.
2026-09-30 15:31:01,355 INFO asdec.enrichers.lexical.worker: [Batch 505] Fetched a batch of 10000 domains.
2026-09-30 15:31:01,616 INFO asdec.enrichers.lexical.worker: [Batch 505] 0/10000 domains enriched succesfully. 10000 errors.
2026-09-30 15:31:05,256 INFO asdec.enrichers.lexical.worker: [Batch 506] Fetched a batch of 10000 domains.
2026-09-30 15:31:05,514 INFO asdec.enrichers.lexical.worker: [Batch 506] 0/10000 domains enriched succesfully. 10000 errors.
2026-09-30 15:31:09,273 INFO asdec.enrichers.lexical.worker: [Batch 507] Fetched a batch of 10000 domains.
2026-09-30 15:31:09,426 INFO asdec.enrichers.lexical.worker: [Batch 507] 0/10000 domains enriched succesfully. 10000 errors.
2026-09-30 15:31:13,170 INFO asdec.enrichers.lexical.worker: [Batch 508] Fetched a batch of 10000 domains.
2026-09-30 15:31:13,323 INFO asdec.enrichers.lexical.worker: [Batch 508] 0/10000 domains enriched succesfully. 10000 errors.
2026-09-30 15:31:16,887 INFO asdec.enrichers.lexical.worker: [Batch 509] Fetched a batch of 3903 domains.
2026-09-30 15:31:17,041 INFO asdec.enrichers.lexical.worker: [Batch 509] 0/3903 domains enriched succesfully. 3903 errors.
2026-09-30 15:38:38,529 INFO asdec.enrichment.service: Rescheduling broken jobs.
2026-09-30 15:38:38,535 INFO asdec.enrichment.repo: Executing the scheduling operation.
2026-09-30 15:39:17,061 INFO asdec.enrichment.repo: 5083903 domains rescheduled
2026-09-30 15:39:17,062 INFO asdec.enrichment.service: 5083903 broken jobs rescheduled.
2026-09-30 15:45:10,123 INFO asdec.enrichment.service: Rescheduling broken jobs.
2026-09-30 15:45:11,162 INFO asdec.enrichment.repo: 0 domains rescheduled
2026-09-30 15:45:11,162 INFO asdec.enrichment.service: 0 broken jobs rescheduled.
2026-09-30 15:52:27,154 INFO asdec.enrichment.service: Rescheduling broken jobs.
2026-09-30 15:52:28,045 INFO asdec.enrichment.repo: 0 domains rescheduled
2026-09-30 15:52:28,045 INFO asdec.enrichment.service: 0 broken jobs rescheduled.
2026-09-30 15:52:45,359 INFO asdec.enrichers.lexical.worker: [Batch 1] Fetched a batch of 10000 domains.
2026-09-30 15:56:12,675 INFO asdec.enrichment.service: Rescheduling broken jobs.
2026-09-30 15:56:13,680 INFO asdec.enrichment.repo: 10000 domains rescheduled
2026-09-30 15:56:13,681 INFO asdec.enrichment.service: 10000 broken jobs rescheduled.
2026-09-30 15:56:21,211 INFO asdec.enrichers.lexical.worker: [Batch 1] Fetched a batch of 10000 domains.
2026-09-30 16:00:33,342 INFO asdec.enrichment.service: Rescheduling broken jobs.
2026-09-30 16:00:34,017 INFO asdec.enrichment.repo: 10000 domains rescheduled
2026-09-30 16:00:34,017 INFO asdec.enrichment.service: 10000 broken jobs rescheduled.
2026-09-30 16:00:37,350 INFO asdec.enrichers.lexical.worker: [Batch 1] Fetched a batch of 10000 domains.
2026-10-01 09:43:50,523 INFO asdec.enrichment.service: Rescheduling broken jobs.
2026-10-01 09:43:52,110 INFO asdec.enrichment.repo: 10000 domains rescheduled
2026-10-01 09:43:52,111 INFO asdec.enrichment.service: 10000 broken jobs rescheduled.
2026-10-01 09:43:57,672 INFO asdec.enrichers.lexical.worker: [Batch 1] Fetched a batch of 10000 domains.
2026-10-01 09:49:07,718 INFO asdec.enrichment.service: Rescheduling broken jobs.
2026-10-01 09:49:08,858 INFO asdec.enrichment.repo: 10000 domains rescheduled
2026-10-01 09:49:08,859 INFO asdec.enrichment.service: 10000 broken jobs rescheduled.
2026-10-01 09:49:11,053 INFO asdec.enrichers.lexical.worker: [Batch 1] Fetched a batch of 10000 domains.
2026-10-01 09:52:16,649 INFO asdec.enrichment.service: Rescheduling broken jobs.
2026-10-01 09:52:17,728 INFO asdec.enrichment.repo: 10000 domains rescheduled
2026-10-01 09:52:17,728 INFO asdec.enrichment.service: 10000 broken jobs rescheduled.
2026-10-01 09:52:20,583 INFO asdec.enrichers.lexical.worker: [Batch 1] Fetched a batch of 10000 domains.
2026-10-01 09:57:58,037 INFO asdec.enrichment.service: Rescheduling broken jobs.
2026-10-01 09:57:58,808 INFO asdec.enrichment.repo: 10000 domains rescheduled
2026-10-01 09:57:58,808 INFO asdec.enrichment.service: 10000 broken jobs rescheduled.
2026-10-01 09:58:11,336 INFO asdec.enrichers.lexical.worker: [Batch 1] Fetched a batch of 10000 domains.
2026-10-01 09:58:53,646 INFO asdec.enrichment.service: Rescheduling broken jobs.
2026-10-01 09:58:54,722 INFO asdec.enrichment.repo: 10000 domains rescheduled
2026-10-01 09:58:54,722 INFO asdec.enrichment.service: 10000 broken jobs rescheduled.
2026-10-01 09:58:56,689 INFO asdec.enrichers.lexical.worker: [Batch 1] Fetched a batch of 10000 domains.
2026-10-01 10:02:37,903 INFO asdec.enrichment.service: Rescheduling broken jobs.
2026-10-01 10:02:39,168 INFO asdec.enrichment.repo: 10000 domains rescheduled
2026-10-01 10:02:39,168 INFO asdec.enrichment.service: 10000 broken jobs rescheduled.
2026-10-01 10:02:51,283 INFO asdec.enrichers.lexical.worker: [Batch 1] Fetched a batch of 10000 domains.
2026-10-01 10:03:37,630 INFO asdec.enrichment.service: Rescheduling broken jobs.
2026-10-01 10:03:38,789 INFO asdec.enrichment.repo: 10000 domains rescheduled
2026-10-01 10:03:38,789 INFO asdec.enrichment.service: 10000 broken jobs rescheduled.
2026-10-01 10:03:42,435 INFO asdec.enrichers.lexical.worker: [Batch 1] Fetched a batch of 10000 domains.
2026-10-01 10:04:52,597 INFO asdec.enrichment.service: Rescheduling broken jobs.
2026-10-01 10:04:52,639 INFO asdec.enrichment.repo: 0 domains rescheduled
2026-10-01 10:04:52,639 INFO asdec.enrichment.service: 0 broken jobs rescheduled.
2026-10-01 10:05:03,519 INFO asdec.enrichers.lists.service: Adding domains from the Majestic_Million feed.
2026-10-01 10:05:53,873 INFO asdec.enrichers.lists.service: Adding domains from the DNSBunker-Malware feed.
2026-10-01 10:05:55,555 INFO asdec.enrichers.lists.service: Finished adding domains from the DNSBunker-Malware feed.
2026-10-01 10:05:55,702 INFO asdec.enrichers.lists.service: Feed DNSBunker-Malware had 699 new domains added to the database!
2026-10-01 10:05:55,702 INFO asdec.enrichers.lists.service: Adding domains from the NoTrack feed.
2026-10-01 10:05:56,676 INFO asdec.enrichers.lists.service: Finished adding domains from the NoTrack feed.
2026-10-01 10:05:56,704 INFO asdec.enrichers.lists.service: Feed NoTrack had 119 new domains added to the database!
2026-10-01 10:05:56,704 INFO asdec.enrichers.lists.service: Adding domains from the Spyware_Filters feed.
2026-10-01 10:05:57,703 INFO asdec.enrichers.lists.service: Finished adding domains from the Spyware_Filters feed.
2026-10-01 10:05:57,923 INFO asdec.enrichers.lists.service: Feed Spyware_Filters had 1149 new domains added to the database!
2026-10-01 10:05:57,923 INFO asdec.enrichers.lists.service: Adding domains from the Stalkerware_Indicators-1 feed.
2026-10-01 10:05:58,689 INFO asdec.enrichers.lists.service: Finished adding domains from the Stalkerware_Indicators-1 feed.
2026-10-01 10:05:58,850 INFO asdec.enrichers.lists.service: Feed Stalkerware_Indicators-1 had 925 new domains added to the database!
2026-10-01 10:05:58,850 INFO asdec.enrichers.lists.service: Adding domains from the Stalkerware_Indicators-2 feed.
2026-10-01 10:05:59,851 INFO asdec.enrichers.lists.service: Finished adding domains from the Stalkerware_Indicators-2 feed.
2026-10-01 10:05:59,882 INFO asdec.enrichers.lists.service: Feed Stalkerware_Indicators-2 had 32 new domains added to the database!
2026-10-01 10:05:59,882 INFO asdec.enrichers.lists.service: Adding domains from the Anti-Malware_Domains-1 feed.
2026-10-01 10:06:04,017 INFO asdec.enrichers.lists.service: Finished adding domains from the Anti-Malware_Domains-1 feed.
2026-10-01 10:06:06,288 INFO asdec.enrichers.lists.service: Feed Anti-Malware_Domains-1 had 11747 new domains added to the database!
2026-10-01 10:06:06,289 INFO asdec.enrichers.lists.service: Adding domains from the Anti-Malware_Domains-2 feed.
2026-10-01 10:06:08,988 INFO asdec.enrichers.lists.service: Finished adding domains from the Anti-Malware_Domains-2 feed.
2026-10-01 10:06:10,184 INFO asdec.enrichers.lists.service: Feed Anti-Malware_Domains-2 had 6395 new domains added to the database!
2026-10-01 10:06:10,185 INFO asdec.enrichers.lists.service: Adding domains from the Malware_Domains-1 feed.
2026-10-01 10:06:11,282 INFO asdec.enrichers.lists.service: Finished adding domains from the Malware_Domains-1 feed.
2026-10-01 10:06:11,539 INFO asdec.enrichers.lists.service: Feed Malware_Domains-1 had 1389 new domains added to the database!
2026-10-01 10:06:11,540 INFO asdec.enrichers.lists.service: Adding domains from the Maltrail_Malware_Domains feed.
2026-10-01 10:06:22,063 INFO asdec.enrichers.lists.service: Adding domains from the uBlockFilters feed.
2026-10-01 10:06:23,516 INFO asdec.enrichers.lists.service: Finished adding domains from the uBlockFilters feed.
2026-10-01 10:06:24,140 INFO asdec.enrichers.lists.service: Feed uBlockFilters had 2821 new domains added to the database!
2026-10-01 10:06:24,141 INFO asdec.enrichers.lists.service: Adding domains from the Miguel_de_Moura_Malware_List feed.
2026-10-01 10:07:07,605 INFO asdec.enrichers.lists.service: Finished adding domains from the Miguel_de_Moura_Malware_List feed.
2026-10-01 10:07:37,536 INFO asdec.enrichers.lists.service: Feed Miguel_de_Moura_Malware_List had 154063 new domains added to the database!
2026-10-01 10:07:37,541 INFO asdec.enrichers.lists.service: Adding domains from the ShadowWhisperer_Blocklist-malware feed.
2026-10-01 10:07:50,211 INFO asdec.enrichers.lists.service: Finished adding domains from the ShadowWhisperer_Blocklist-malware feed.
2026-10-01 10:07:58,020 INFO asdec.enrichers.lists.service: Feed ShadowWhisperer_Blocklist-malware had 40480 new domains added to the database!
2026-10-01 10:07:58,021 INFO asdec.enrichers.lists.service: Adding domains from the Pegasus-Related_Domains feed.
2026-10-01 10:07:59,144 INFO asdec.enrichers.lists.service: Finished adding domains from the Pegasus-Related_Domains feed.
2026-10-01 10:07:59,410 INFO asdec.enrichers.lists.service: Feed Pegasus-Related_Domains had 1438 new domains added to the database!
2026-10-01 10:07:59,410 INFO asdec.enrichers.lists.service: Adding domains from the Indian-Made_Spyware feed.
2026-10-01 10:08:00,160 INFO asdec.enrichers.lists.service: Finished adding domains from the Indian-Made_Spyware feed.
2026-10-01 10:08:00,175 INFO asdec.enrichers.lists.service: Feed Indian-Made_Spyware had 29 new domains added to the database!
2026-10-01 10:08:00,175 INFO asdec.enrichers.lists.service: Adding domains from the Wintego_Helios_Spyware_Domains feed.
2026-10-01 10:08:00,967 INFO asdec.enrichers.lists.service: Finished adding domains from the Wintego_Helios_Spyware_Domains feed.
2026-10-01 10:08:01,017 INFO asdec.enrichers.lists.service: Feed Wintego_Helios_Spyware_Domains had 175 new domains added to the database!
2026-10-01 10:08:01,017 INFO asdec.enrichers.lists.service: Adding domains from the Cytrox_Spyware_Domains feed.
2026-10-01 10:08:01,848 INFO asdec.enrichers.lists.service: Finished adding domains from the Cytrox_Spyware_Domains feed.
2026-10-01 10:08:01,911 INFO asdec.enrichers.lists.service: Feed Cytrox_Spyware_Domains had 334 new domains added to the database!
2026-10-01 10:08:01,911 INFO asdec.enrichers.lists.service: Adding domains from the FinSpy_Domains feed.
2026-10-01 10:08:02,617 INFO asdec.enrichers.lists.service: Finished adding domains from the FinSpy_Domains feed.
2026-10-01 10:08:02,630 INFO asdec.enrichers.lists.service: Feed FinSpy_Domains had 4 new domains added to the database!
2026-10-01 10:08:02,631 INFO asdec.enrichers.lists.service: Adding domains from the Android_Hacking_Campaign_Linked_to_Mercenary_Spyware_Company feed.
2026-10-01 10:08:03,921 INFO asdec.enrichers.lists.service: Finished adding domains from the Android_Hacking_Campaign_Linked_to_Mercenary_Spyware_Company feed.
2026-10-01 10:08:04,369 INFO asdec.enrichers.lists.service: Feed Android_Hacking_Campaign_Linked_to_Mercenary_Spyware_Company had 2182 new domains added to the database!
2026-10-01 10:08:04,370 INFO asdec.enrichers.lists.service: Adding domains from the Malware_Domains-2 feed.
2026-10-01 10:09:09,766 INFO asdec.enrichers.lists.service: Finished adding domains from the Malware_Domains-2 feed.
2026-10-01 10:09:53,879 INFO asdec.enrichers.lists.service: Feed Malware_Domains-2 had 242812 new domains added to the database!
2026-10-01 10:09:53,880 INFO asdec.enrichers.lists.service: Adding domains from the Stalkerware_Domains feed.
2026-10-01 10:09:54,999 INFO asdec.enrichers.lists.service: Finished adding domains from the Stalkerware_Domains feed.
2026-10-01 10:09:55,014 INFO asdec.enrichers.lists.service: Feed Stalkerware_Domains had 15 new domains added to the database!
2026-10-01 10:09:55,014 INFO asdec.enrichers.lists.service: Adding domains from the Dandelion_Sprout's_Anti-Malware_List feed.
2026-10-01 10:09:58,869 INFO asdec.enrichers.lists.service: Finished adding domains from the Dandelion_Sprout's_Anti-Malware_List feed.
2026-10-01 10:09:58,890 INFO asdec.enrichers.lists.service: Feed Dandelion_Sprout's_Anti-Malware_List had 85 new domains added to the database!
2026-10-01 10:09:58,890 INFO asdec.enrichers.lists.service: Adding domains from the Malware_List feed.
2026-10-01 10:11:57,246 INFO asdec.enrichers.lists.service: Finished adding domains from the Malware_List feed.
2026-10-01 10:13:16,089 INFO asdec.enrichers.lists.service: Feed Malware_List had 430489 new domains added to the database!
2026-10-01 10:13:16,093 INFO asdec.enrichers.lists.service: Adding domains from the Ransomware_List feed.
2026-10-01 10:13:18,138 INFO asdec.enrichers.lists.service: Finished adding domains from the Ransomware_List feed.
2026-10-01 10:13:18,156 INFO asdec.enrichers.lists.service: Feed Ransomware_List had 3 new domains added to the database!
2026-10-01 10:13:18,156 INFO asdec.enrichers.lists.service: Adding domains from the Malware_Domains-3 feed.
2026-10-01 10:13:19,388 INFO asdec.enrichers.lists.service: Feed Malware_Domains-3 had 0 new domains added to the database!
2026-10-01 10:13:19,388 INFO asdec.enrichers.lists.service: Adding domains from the Badware_List feed.
2026-10-01 10:13:21,276 INFO asdec.enrichers.lists.service: Feed Badware_List had 0 new domains added to the database!
2026-10-01 10:13:21,276 INFO asdec.enrichers.lists.service: Adding domains from the Kushari feed.
2026-10-01 10:13:22,317 INFO asdec.enrichers.lists.service: Finished adding domains from the Kushari feed.
2026-10-01 10:13:22,345 INFO asdec.enrichers.lists.service: Feed Kushari had 124 new domains added to the database!
2026-10-01 10:13:22,345 INFO asdec.enrichers.lists.service: Adding domains from the DNSBunker-Phishing feed.
2026-10-01 10:13:23,592 INFO asdec.enrichers.lists.service: Finished adding domains from the DNSBunker-Phishing feed.
2026-10-01 10:13:23,601 INFO asdec.enrichers.lists.service: Feed DNSBunker-Phishing had 14 new domains added to the database!
2026-10-01 10:13:23,601 INFO asdec.enrichers.lists.service: Adding domains from the DNSBunker-Fake feed.
2026-10-01 10:13:24,929 INFO asdec.enrichers.lists.service: Finished adding domains from the DNSBunker-Fake feed.
2026-10-01 10:13:25,022 INFO asdec.enrichers.lists.service: Feed DNSBunker-Fake had 490 new domains added to the database!
2026-10-01 10:13:25,023 INFO asdec.enrichers.lists.service: Adding domains from the DNSBunker-Scam feed.
2026-10-01 10:13:26,195 INFO asdec.enrichers.lists.service: Finished adding domains from the DNSBunker-Scam feed.
2026-10-01 10:13:26,215 INFO asdec.enrichers.lists.service: Feed DNSBunker-Scam had 80 new domains added to the database!
2026-10-01 10:13:26,215 INFO asdec.enrichers.lists.service: Adding domains from the Phishing_Database feed.
2026-10-01 10:13:27,970 INFO asdec.enrichers.lists.service: Finished adding domains from the Phishing_Database feed.
2026-10-01 10:13:28,560 INFO asdec.enrichers.lists.service: Feed Phishing_Database had 3346 new domains added to the database!
2026-10-01 10:13:28,560 INFO asdec.enrichers.lists.service: Adding domains from the Phishing_Database-Active feed.
2026-10-01 10:15:20,995 INFO asdec.enrichers.lists.service: Finished adding domains from the Phishing_Database-Active feed.
2026-10-01 10:16:32,629 INFO asdec.enrichers.lists.service: Feed Phishing_Database-Active had 376914 new domains added to the database!
2026-10-01 10:16:32,631 INFO asdec.enrichers.lists.service: Adding domains from the Phishing_Database-Wildcards feed.
2026-10-01 10:16:35,610 INFO asdec.enrichers.lists.service: Finished adding domains from the Phishing_Database-Wildcards feed.
2026-10-01 10:16:35,973 INFO asdec.enrichers.lists.service: Feed Phishing_Database-Wildcards had 1881 new domains added to the database!
2026-10-01 10:16:35,973 INFO asdec.enrichers.lists.service: Adding domains from the Phishing_Army feed.
2026-10-01 10:17:17,356 INFO asdec.enrichers.lists.service: Finished adding domains from the Phishing_Army feed.
2026-10-01 10:17:24,767 INFO asdec.enrichers.lists.service: Feed Phishing_Army had 39386 new domains added to the database!
2026-10-01 10:17:24,767 INFO asdec.enrichers.lists.service: Adding domains from the Phishing_Hosts feed.
2026-10-01 10:17:37,038 INFO asdec.enrichers.lists.service: Finished adding domains from the Phishing_Hosts feed.
2026-10-01 10:17:40,016 INFO asdec.enrichers.lists.service: Feed Phishing_Hosts had 16790 new domains added to the database!
2026-10-01 10:17:40,016 INFO asdec.enrichers.lists.service: Adding domains from the SinkingYachts feed.
2026-10-01 10:17:53,976 INFO asdec.enrichers.lists.service: Finished adding domains from the SinkingYachts feed.
2026-10-01 10:18:01,705 INFO asdec.enrichers.lists.service: Feed SinkingYachts had 41460 new domains added to the database!
2026-10-01 10:18:01,705 INFO asdec.enrichers.lists.service: Adding domains from the Phishing_Blocklist feed.
2026-10-01 10:18:02,824 INFO asdec.enrichers.lists.service: Finished adding domains from the Phishing_Blocklist feed.
2026-10-01 10:18:03,056 INFO asdec.enrichers.lists.service: Feed Phishing_Blocklist had 1260 new domains added to the database!
2026-10-01 10:18:03,056 INFO asdec.enrichers.lists.service: Adding domains from the eth-phishing-detect feed.
2026-10-01 10:18:04,059 INFO asdec.enrichers.lists.service: Finished adding domains from the eth-phishing-detect feed.
2026-10-01 10:18:04,257 INFO asdec.enrichers.lists.service: Feed eth-phishing-detect had 1057 new domains added to the database!
2026-10-01 10:18:04,257 INFO asdec.enrichers.lists.service: Adding domains from the Valdini_Phish_Feed feed.
2026-10-01 10:18:31,724 INFO asdec.enrichers.lists.service: Finished adding domains from the Valdini_Phish_Feed feed.
2026-10-01 10:18:47,688 INFO asdec.enrichers.lists.service: Feed Valdini_Phish_Feed had 83406 new domains added to the database!
2026-10-01 10:18:47,688 INFO asdec.enrichers.lists.service: Adding domains from the Valdini_Phish_feed-1 feed.
2026-10-01 10:19:23,127 INFO asdec.enrichers.lists.service: Finished adding domains from the Valdini_Phish_feed-1 feed.
2026-10-01 10:19:43,376 INFO asdec.enrichers.lists.service: Feed Valdini_Phish_feed-1 had 105439 new domains added to the database!
2026-10-01 10:19:43,376 INFO asdec.enrichers.lists.service: Adding domains from the Valdini_Phish_feed-2 feed.
2026-10-01 10:20:17,089 INFO asdec.enrichers.lists.service: Finished adding domains from the Valdini_Phish_feed-2 feed.
2026-10-01 10:20:34,144 INFO asdec.enrichers.lists.service: Feed Valdini_Phish_feed-2 had 87482 new domains added to the database!
2026-10-01 10:20:34,145 INFO asdec.enrichers.lists.service: Adding domains from the Valdini_Phish_feed-3 feed.
2026-10-01 10:21:12,979 INFO asdec.enrichers.lists.service: Finished adding domains from the Valdini_Phish_feed-3 feed.
2026-10-01 10:21:38,998 INFO asdec.enrichers.lists.service: Feed Valdini_Phish_feed-3 had 116375 new domains added to the database!
2026-10-01 10:21:38,998 INFO asdec.enrichers.lists.service: Adding domains from the Valdini_Phish_feed-4 feed.
2026-10-01 10:22:24,825 INFO asdec.enrichers.lists.service: Finished adding domains from the Valdini_Phish_feed-4 feed.
2026-10-01 10:22:53,772 INFO asdec.enrichers.lists.service: Feed Valdini_Phish_feed-4 had 123026 new domains added to the database!
2026-10-01 10:22:53,774 INFO asdec.enrichers.lists.service: Adding domains from the Valdini_Phish_feed-5 feed.
2026-10-01 10:23:44,639 INFO asdec.enrichers.lists.service: Finished adding domains from the Valdini_Phish_feed-5 feed.
2026-10-01 10:24:14,840 INFO asdec.enrichers.lists.service: Feed Valdini_Phish_feed-5 had 128026 new domains added to the database!
2026-10-01 10:24:14,841 INFO asdec.enrichers.lists.service: Adding domains from the Valdini_Phish_feed-6 feed.
2026-10-01 10:24:58,995 INFO asdec.enrichers.lists.service: Finished adding domains from the Valdini_Phish_feed-6 feed.
2026-10-01 10:25:23,474 INFO asdec.enrichers.lists.service: Feed Valdini_Phish_feed-6 had 115919 new domains added to the database!
2026-10-01 10:25:23,475 INFO asdec.enrichers.lists.service: Adding domains from the OpenPhish_Community_Phishing_Feed feed.
2026-10-01 10:25:24,403 INFO asdec.enrichers.lists.service: Finished adding domains from the OpenPhish_Community_Phishing_Feed feed.
2026-10-01 10:25:24,450 INFO asdec.enrichers.lists.service: Feed OpenPhish_Community_Phishing_Feed had 194 new domains added to the database!
2026-10-01 10:25:24,450 INFO asdec.enrichers.lists.service: Adding domains from the Destroylist:Phishing feed.
2026-10-01 10:26:39,208 INFO asdec.enrichers.lists.service: Finished adding domains from the Destroylist:Phishing feed.
2026-10-01 10:27:17,453 INFO asdec.enrichers.lists.service: Feed Destroylist:Phishing had 187393 new domains added to the database!
2026-10-01 10:27:17,454 INFO asdec.enrichers.lists.service: Adding domains from the ScamSniffer feed.
2026-10-01 10:29:18,942 INFO asdec.enrichers.lists.service: Finished adding domains from the ScamSniffer feed.
2026-10-01 10:30:25,914 INFO asdec.enrichers.lists.service: Feed ScamSniffer had 325078 new domains added to the database!
2026-10-01 10:30:25,936 INFO asdec.enrichers.lists.service: Adding domains from the Scam_Blocklist feed.
2026-10-01 10:30:28,352 INFO asdec.enrichers.lists.service: Finished adding domains from the Scam_Blocklist feed.
2026-10-01 10:30:28,741 INFO asdec.enrichers.lists.service: Feed Scam_Blocklist had 1750 new domains added to the database!
2026-10-01 10:30:28,742 INFO asdec.enrichers.lists.service: Adding domains from the Globa_Anti-Scam_Organization_Blocklist feed.
2026-10-01 10:30:34,190 INFO asdec.enrichers.lists.service: Finished adding domains from the Globa_Anti-Scam_Organization_Blocklist feed.
2026-10-01 10:30:36,230 INFO asdec.enrichers.lists.service: Feed Globa_Anti-Scam_Organization_Blocklist had 11051 new domains added to the database!
2026-10-01 10:30:36,230 INFO asdec.enrichers.lists.service: Adding domains from the ShadowWhisperer_Blocklist-phishing feed.
2026-10-01 10:30:40,453 INFO asdec.enrichers.lists.service: Finished adding domains from the ShadowWhisperer_Blocklist-phishing feed.
2026-10-01 10:30:41,740 INFO asdec.enrichers.lists.service: Feed ShadowWhisperer_Blocklist-phishing had 7272 new domains added to the database!
2026-10-01 10:30:41,740 INFO asdec.enrichers.lists.service: Adding domains from the Liste_Fake_shops feed.
2026-10-01 10:30:56,458 INFO asdec.enrichers.lists.service: Finished adding domains from the Liste_Fake_shops feed.
2026-10-01 10:31:03,085 INFO asdec.enrichers.lists.service: Feed Liste_Fake_shops had 35560 new domains added to the database!
2026-10-01 10:31:03,085 INFO asdec.enrichers.lists.service: Adding domains from the IOC_Repository-1 feed.
2026-10-01 10:31:05,073 INFO asdec.enrichers.lists.service: Finished adding domains from the IOC_Repository-1 feed.
2026-10-01 10:31:05,829 INFO asdec.enrichers.lists.service: Feed IOC_Repository-1 had 3752 new domains added to the database!
2026-10-01 10:31:05,829 INFO asdec.enrichers.lists.service: Adding domains from the IOC_Repository-2 feed.
2026-10-01 10:31:06,609 INFO asdec.enrichers.lists.service: Finished adding domains from the IOC_Repository-2 feed.
2026-10-01 10:31:06,627 INFO asdec.enrichers.lists.service: Feed IOC_Repository-2 had 63 new domains added to the database!
2026-10-01 10:31:06,627 INFO asdec.enrichers.lists.service: Adding domains from the IOC_Repository-3 feed.
2026-10-01 10:31:07,560 INFO asdec.enrichers.lists.service: Finished adding domains from the IOC_Repository-3 feed.
2026-10-01 10:31:07,637 INFO asdec.enrichers.lists.service: Feed IOC_Repository-3 had 421 new domains added to the database!
2026-10-01 10:31:07,637 INFO asdec.enrichers.lists.service: Adding domains from the Phishing_Domains feed.
2026-10-01 10:32:18,048 INFO asdec.enrichers.lists.service: Finished adding domains from the Phishing_Domains feed.
2026-10-01 10:32:18,171 INFO asdec.enrichers.lists.service: Feed Phishing_Domains had 647 new domains added to the database!
2026-10-01 10:32:18,171 INFO asdec.enrichers.lists.service: Adding domains from the Scam_List feed.
2026-10-01 10:32:19,011 INFO asdec.enrichers.lists.service: Finished adding domains from the Scam_List feed.
2026-10-01 10:32:19,055 INFO asdec.enrichers.lists.service: Feed Scam_List had 224 new domains added to the database!
2026-10-01 10:32:19,055 INFO asdec.enrichers.lists.service: Adding domains from the Phishing_List feed.
2026-10-01 10:33:16,395 INFO asdec.enrichers.lists.service: Finished adding domains from the Phishing_List feed.
2026-10-01 10:33:49,819 INFO asdec.enrichers.lists.service: Feed Phishing_List had 178695 new domains added to the database!
2026-10-01 10:33:49,819 INFO asdec.enrichers.lists.service: Adding domains from the Fraud_List feed.
2026-10-01 10:34:54,016 INFO asdec.enrichers.lists.service: Finished adding domains from the Fraud_List feed.
2026-10-01 10:35:33,226 INFO asdec.enrichers.lists.service: Feed Fraud_List had 194205 new domains added to the database!
2026-10-01 10:35:33,226 INFO asdec.enrichers.lists.service: Adding domains from the Fake_Shop_Blocklist feed.
2026-10-01 10:35:36,422 INFO asdec.enrichers.lists.service: Finished adding domains from the Fake_Shop_Blocklist feed.
2026-10-01 10:35:37,026 INFO asdec.enrichers.lists.service: Feed Fake_Shop_Blocklist had 2328 new domains added to the database!
2026-10-01 10:35:37,027 INFO asdec.enrichers.lists.service: Adding domains from the Crypto_Scam_and_Crypto_Phishing_Threat_Intel_Feed feed.
2026-10-01 10:35:38,827 INFO asdec.enrichers.lists.service: Finished adding domains from the Crypto_Scam_and_Crypto_Phishing_Threat_Intel_Feed feed.
2026-10-01 10:35:39,071 INFO asdec.enrichers.lists.service: Feed Crypto_Scam_and_Crypto_Phishing_Threat_Intel_Feed had 804 new domains added to the database!
2026-10-01 10:35:39,071 INFO asdec.enrichers.lists.service: Adding domains from the Antispam-It feed.
2026-10-01 10:35:40,462 INFO asdec.enrichers.lists.service: Finished adding domains from the Antispam-It feed.
2026-10-01 10:35:40,811 INFO asdec.enrichers.lists.service: Feed Antispam-It had 1594 new domains added to the database!
2026-10-01 10:35:40,811 INFO asdec.enrichers.lists.service: Adding domains from the Spam_List-1 feed.
2026-10-01 10:35:41,633 INFO asdec.enrichers.lists.service: Finished adding domains from the Spam_List-1 feed.
2026-10-01 10:35:41,682 INFO asdec.enrichers.lists.service: Feed Spam_List-1 had 218 new domains added to the database!
2026-10-01 10:35:41,682 INFO asdec.enrichers.lists.service: Adding domains from the Stop_Forum_Spam feed.
2026-10-01 10:36:10,602 INFO asdec.enrichers.lists.service: Finished adding domains from the Stop_Forum_Spam feed.
2026-10-01 10:36:27,353 INFO asdec.enrichers.lists.service: Feed Stop_Forum_Spam had 75813 new domains added to the database!
2026-10-01 10:36:27,354 INFO asdec.enrichers.lists.service: Adding domains from the Spam_List-2 feed.
2026-10-01 10:36:28,870 INFO asdec.enrichers.lists.service: Finished adding domains from the Spam_List-2 feed.
2026-10-01 10:36:29,093 INFO asdec.enrichers.lists.service: Feed Spam_List-2 had 1075 new domains added to the database!
2026-10-01 10:46:31,400 INFO asdec.enrichers.lists.service: Adding domains from the Majestic_Million feed.
2026-10-01 10:47:47,906 INFO asdec.enrichment.service: Rescheduling broken jobs.
2026-10-01 10:47:48,721 INFO asdec.enrichment.repo: 0 domains rescheduled
2026-10-01 10:47:48,721 INFO asdec.enrichment.service: 0 broken jobs rescheduled.
2026-10-01 10:52:02,345 INFO asdec.enrichment.service: Rescheduling broken jobs.
2026-10-01 10:52:02,810 INFO asdec.enrichment.repo: 0 domains rescheduled
2026-10-01 10:52:02,810 INFO asdec.enrichment.service: 0 broken jobs rescheduled.
2026-10-01 10:53:48,163 INFO asdec.enrichment.service: Rescheduling broken jobs.
2026-10-01 10:53:48,594 INFO asdec.enrichment.repo: 0 domains rescheduled
2026-10-01 10:53:48,594 INFO asdec.enrichment.service: 0 broken jobs rescheduled.
2026-10-01 10:53:50,661 INFO asdec.enrichers.lexical.worker: [Batch 1] Fetched a batch of 16000 domains.
2026-10-01 10:55:11,276 INFO asdec.enrichment.service: Rescheduling broken jobs.
2026-10-01 10:55:11,667 INFO asdec.enrichment.repo: 0 domains rescheduled
2026-10-01 10:55:11,667 INFO asdec.enrichment.service: 0 broken jobs rescheduled.
2026-10-01 10:55:15,882 INFO asdec.enrichers.lexical.worker: [Batch 1] Fetched a batch of 16000 domains.
2026-10-01 10:55:27,648 INFO asdec.enrichers.lexical.worker: [Batch 1] 16000/16000 domains enriched succesfully. 0 errors.
2026-10-01 10:55:28,192 INFO asdec.enrichers.lexical.worker: [Batch 2] Fetched a batch of 16000 domains.
2026-10-01 10:55:39,710 INFO asdec.enrichers.lexical.worker: [Batch 2] 16000/16000 domains enriched succesfully. 0 errors.
2026-10-01 10:55:40,356 INFO asdec.enrichers.lexical.worker: [Batch 3] Fetched a batch of 16000 domains.
2026-10-01 10:55:51,902 INFO asdec.enrichers.lexical.worker: [Batch 3] 16000/16000 domains enriched succesfully. 0 errors.
2026-10-01 10:55:52,577 INFO asdec.enrichers.lexical.worker: [Batch 4] Fetched a batch of 16000 domains.
2026-10-01 10:56:04,086 INFO asdec.enrichers.lexical.worker: [Batch 4] 16000/16000 domains enriched succesfully. 0 errors.
2026-10-01 10:56:04,667 INFO asdec.enrichers.lexical.worker: [Batch 5] Fetched a batch of 16000 domains.
2026-10-01 10:56:16,190 INFO asdec.enrichers.lexical.worker: [Batch 5] 16000/16000 domains enriched succesfully. 0 errors.
2026-10-01 10:56:16,892 INFO asdec.enrichers.lexical.worker: [Batch 6] Fetched a batch of 16000 domains.
2026-10-01 10:56:28,411 INFO asdec.enrichers.lexical.worker: [Batch 6] 16000/16000 domains enriched succesfully. 0 errors.
2026-10-01 10:56:29,140 INFO asdec.enrichers.lexical.worker: [Batch 7] Fetched a batch of 16000 domains.
2026-10-01 10:56:40,682 INFO asdec.enrichers.lexical.worker: [Batch 7] 16000/16000 domains enriched succesfully. 0 errors.
2026-10-01 10:56:41,411 INFO asdec.enrichers.lexical.worker: [Batch 8] Fetched a batch of 16000 domains.
2026-10-01 10:56:52,854 INFO asdec.enrichers.lexical.worker: [Batch 8] 16000/16000 domains enriched succesfully. 0 errors.
2026-10-01 10:56:53,502 INFO asdec.enrichers.lexical.worker: [Batch 9] Fetched a batch of 16000 domains.
2026-10-01 10:57:05,012 INFO asdec.enrichers.lexical.worker: [Batch 9] 16000/16000 domains enriched succesfully. 0 errors.
2026-10-01 10:57:05,757 INFO asdec.enrichers.lexical.worker: [Batch 10] Fetched a batch of 16000 domains.
2026-10-01 10:57:17,233 INFO asdec.enrichers.lexical.worker: [Batch 10] 16000/16000 domains enriched succesfully. 0 errors.
2026-10-01 10:57:18,006 INFO asdec.enrichers.lexical.worker: [Batch 11] Fetched a batch of 16000 domains.
2026-10-01 10:57:29,452 INFO asdec.enrichers.lexical.worker: [Batch 11] 16000/16000 domains enriched succesfully. 0 errors.
2026-10-01 10:57:30,233 INFO asdec.enrichers.lexical.worker: [Batch 12] Fetched a batch of 16000 domains.
2026-10-01 10:57:41,611 INFO asdec.enrichers.lexical.worker: [Batch 12] 16000/16000 domains enriched succesfully. 0 errors.
2026-10-01 10:57:42,288 INFO asdec.enrichers.lexical.worker: [Batch 13] Fetched a batch of 16000 domains.
2026-10-01 10:57:53,723 INFO asdec.enrichers.lexical.worker: [Batch 13] 16000/16000 domains enriched succesfully. 0 errors.
2026-10-01 10:57:54,503 INFO asdec.enrichers.lexical.worker: [Batch 14] Fetched a batch of 16000 domains.
2026-10-01 10:58:05,955 INFO asdec.enrichers.lexical.worker: [Batch 14] 16000/16000 domains enriched succesfully. 0 errors.
2026-10-01 10:58:06,770 INFO asdec.enrichers.lexical.worker: [Batch 15] Fetched a batch of 16000 domains.
2026-10-01 10:58:18,322 INFO asdec.enrichers.lexical.worker: [Batch 15] 16000/16000 domains enriched succesfully. 0 errors.
2026-10-01 10:58:19,022 INFO asdec.enrichers.lexical.worker: [Batch 16] Fetched a batch of 16000 domains.
2026-10-01 10:58:30,627 INFO asdec.enrichers.lexical.worker: [Batch 16] 16000/16000 domains enriched succesfully. 0 errors.
2026-10-01 10:58:31,332 INFO asdec.enrichers.lexical.worker: [Batch 17] Fetched a batch of 16000 domains.
2026-10-01 10:58:42,744 INFO asdec.enrichers.lexical.worker: [Batch 17] 16000/16000 domains enriched succesfully. 0 errors.
2026-10-01 10:58:43,559 INFO asdec.enrichers.lexical.worker: [Batch 18] Fetched a batch of 16000 domains.
2026-10-01 10:58:54,966 INFO asdec.enrichers.lexical.worker: [Batch 18] 16000/16000 domains enriched succesfully. 0 errors.
2026-10-01 10:58:55,813 INFO asdec.enrichers.lexical.worker: [Batch 19] Fetched a batch of 16000 domains.
2026-10-01 10:59:07,214 INFO asdec.enrichers.lexical.worker: [Batch 19] 16000/16000 domains enriched succesfully. 0 errors.
2026-10-01 10:59:07,971 INFO asdec.enrichers.lexical.worker: [Batch 20] Fetched a batch of 16000 domains.
2026-10-01 10:59:19,498 INFO asdec.enrichers.lexical.worker: [Batch 20] 16000/16000 domains enriched succesfully. 0 errors.
2026-10-01 10:59:20,245 INFO asdec.enrichers.lexical.worker: [Batch 21] Fetched a batch of 16000 domains.
2026-10-01 10:59:31,697 INFO asdec.enrichers.lexical.worker: [Batch 21] 16000/16000 domains enriched succesfully. 0 errors.
2026-10-01 10:59:32,567 INFO asdec.enrichers.lexical.worker: [Batch 22] Fetched a batch of 16000 domains.
2026-10-01 10:59:44,009 INFO asdec.enrichers.lexical.worker: [Batch 22] 16000/16000 domains enriched succesfully. 0 errors.
2026-10-01 10:59:44,889 INFO asdec.enrichers.lexical.worker: [Batch 23] Fetched a batch of 16000 domains.
2026-10-01 10:59:56,330 INFO asdec.enrichers.lexical.worker: [Batch 23] 16000/16000 domains enriched succesfully. 0 errors.
2026-10-01 10:59:57,130 INFO asdec.enrichers.lexical.worker: [Batch 24] Fetched a batch of 16000 domains.
2026-10-01 11:00:08,641 INFO asdec.enrichers.lexical.worker: [Batch 24] 16000/16000 domains enriched succesfully. 0 errors.
2026-10-01 11:00:09,444 INFO asdec.enrichers.lexical.worker: [Batch 25] Fetched a batch of 16000 domains.
2026-10-01 11:00:20,958 INFO asdec.enrichers.lexical.worker: [Batch 25] 16000/16000 domains enriched succesfully. 0 errors.
2026-10-01 11:00:21,859 INFO asdec.enrichers.lexical.worker: [Batch 26] Fetched a batch of 16000 domains.
2026-10-01 11:00:33,259 INFO asdec.enrichers.lexical.worker: [Batch 26] 16000/16000 domains enriched succesfully. 0 errors.
2026-10-01 11:00:34,175 INFO asdec.enrichers.lexical.worker: [Batch 27] Fetched a batch of 16000 domains.
2026-10-01 11:00:45,557 INFO asdec.enrichers.lexical.worker: [Batch 27] 16000/16000 domains enriched succesfully. 0 errors.
2026-10-01 11:00:46,372 INFO asdec.enrichers.lexical.worker: [Batch 28] Fetched a batch of 16000 domains.
2026-10-01 11:00:57,941 INFO asdec.enrichers.lexical.worker: [Batch 28] 16000/16000 domains enriched succesfully. 0 errors.
2026-10-01 11:00:58,771 INFO asdec.enrichers.lexical.worker: [Batch 29] Fetched a batch of 16000 domains.
2026-10-01 11:01:10,336 INFO asdec.enrichers.lexical.worker: [Batch 29] 16000/16000 domains enriched succesfully. 0 errors.
2026-10-01 11:01:11,287 INFO asdec.enrichers.lexical.worker: [Batch 30] Fetched a batch of 16000 domains.
2026-10-01 11:01:22,872 INFO asdec.enrichers.lexical.worker: [Batch 30] 16000/16000 domains enriched succesfully. 0 errors.
2026-10-01 11:01:23,838 INFO asdec.enrichers.lexical.worker: [Batch 31] Fetched a batch of 16000 domains.
2026-10-01 11:01:35,249 INFO asdec.enrichers.lexical.worker: [Batch 31] 16000/16000 domains enriched succesfully. 0 errors.
2026-10-01 11:01:36,103 INFO asdec.enrichers.lexical.worker: [Batch 32] Fetched a batch of 16000 domains.
2026-10-01 11:01:47,785 INFO asdec.enrichers.lexical.worker: [Batch 32] 16000/16000 domains enriched succesfully. 0 errors.
2026-10-01 11:01:48,668 INFO asdec.enrichers.lexical.worker: [Batch 33] Fetched a batch of 16000 domains.
2026-10-01 11:02:00,186 INFO asdec.enrichers.lexical.worker: [Batch 33] 16000/16000 domains enriched succesfully. 0 errors.
2026-10-01 11:02:01,197 INFO asdec.enrichers.lexical.worker: [Batch 34] Fetched a batch of 16000 domains.
2026-10-01 11:02:12,638 INFO asdec.enrichers.lexical.worker: [Batch 34] 16000/16000 domains enriched succesfully. 0 errors.
2026-10-01 11:02:13,660 INFO asdec.enrichers.lexical.worker: [Batch 35] Fetched a batch of 16000 domains.
2026-10-01 11:02:25,416 INFO asdec.enrichers.lexical.worker: [Batch 35] 16000/16000 domains enriched succesfully. 0 errors.
2026-10-01 11:02:26,399 INFO asdec.enrichers.lexical.worker: [Batch 36] Fetched a batch of 16000 domains.
2026-10-01 11:02:37,977 INFO asdec.enrichers.lexical.worker: [Batch 36] 16000/16000 domains enriched succesfully. 0 errors.
2026-10-01 11:02:38,889 INFO asdec.enrichers.lexical.worker: [Batch 37] Fetched a batch of 16000 domains.
2026-10-01 11:02:50,379 INFO asdec.enrichers.lexical.worker: [Batch 37] 16000/16000 domains enriched succesfully. 0 errors.
2026-10-01 11:02:51,450 INFO asdec.enrichers.lexical.worker: [Batch 38] Fetched a batch of 16000 domains.
2026-10-01 11:03:02,943 INFO asdec.enrichers.lexical.worker: [Batch 38] 16000/16000 domains enriched succesfully. 0 errors.
2026-10-01 11:03:04,008 INFO asdec.enrichers.lexical.worker: [Batch 39] Fetched a batch of 16000 domains.
2026-10-01 11:03:15,425 INFO asdec.enrichers.lexical.worker: [Batch 39] 16000/16000 domains enriched succesfully. 0 errors.
2026-10-01 11:03:16,468 INFO asdec.enrichers.lexical.worker: [Batch 40] Fetched a batch of 16000 domains.
2026-10-01 11:03:27,952 INFO asdec.enrichers.lexical.worker: [Batch 40] 16000/16000 domains enriched succesfully. 0 errors.
2026-10-01 11:03:29,035 INFO asdec.enrichers.lexical.worker: [Batch 41] Fetched a batch of 16000 domains.
2026-10-01 11:03:40,569 INFO asdec.enrichers.lexical.worker: [Batch 41] 16000/16000 domains enriched succesfully. 0 errors.
2026-10-01 11:03:41,702 INFO asdec.enrichers.lexical.worker: [Batch 42] Fetched a batch of 16000 domains.
2026-10-01 11:03:53,193 INFO asdec.enrichers.lexical.worker: [Batch 42] 16000/16000 domains enriched succesfully. 0 errors.
2026-10-01 11:03:54,232 INFO asdec.enrichers.lexical.worker: [Batch 43] Fetched a batch of 16000 domains.
2026-10-01 11:04:05,840 INFO asdec.enrichers.lexical.worker: [Batch 43] 16000/16000 domains enriched succesfully. 0 errors.
2026-10-01 11:04:06,896 INFO asdec.enrichers.lexical.worker: [Batch 44] Fetched a batch of 16000 domains.
2026-10-01 11:04:18,312 INFO asdec.enrichers.lexical.worker: [Batch 44] 16000/16000 domains enriched succesfully. 0 errors.
2026-10-01 11:04:19,493 INFO asdec.enrichers.lexical.worker: [Batch 45] Fetched a batch of 16000 domains.
2026-10-01 11:04:30,989 INFO asdec.enrichers.lexical.worker: [Batch 45] 16000/16000 domains enriched succesfully. 0 errors.
2026-10-01 11:04:32,225 INFO asdec.enrichers.lexical.worker: [Batch 46] Fetched a batch of 16000 domains.
2026-10-01 11:04:43,671 INFO asdec.enrichers.lexical.worker: [Batch 46] 16000/16000 domains enriched succesfully. 0 errors.
2026-10-01 11:04:44,812 INFO asdec.enrichers.lexical.worker: [Batch 47] Fetched a batch of 16000 domains.
2026-10-01 11:04:56,414 INFO asdec.enrichers.lexical.worker: [Batch 47] 16000/16000 domains enriched succesfully. 0 errors.
2026-10-01 11:04:57,586 INFO asdec.enrichers.lexical.worker: [Batch 48] Fetched a batch of 16000 domains.
2026-10-01 11:05:09,056 INFO asdec.enrichers.lexical.worker: [Batch 48] 16000/16000 domains enriched succesfully. 0 errors.
2026-10-01 11:05:10,292 INFO asdec.enrichers.lexical.worker: [Batch 49] Fetched a batch of 16000 domains.
2026-10-01 11:05:21,850 INFO asdec.enrichers.lexical.worker: [Batch 49] 16000/16000 domains enriched succesfully. 0 errors.
2026-10-01 11:05:23,130 INFO asdec.enrichers.lexical.worker: [Batch 50] Fetched a batch of 16000 domains.
2026-10-01 11:05:34,550 INFO asdec.enrichers.lexical.worker: [Batch 50] 16000/16000 domains enriched succesfully. 0 errors.
2026-10-01 11:05:35,697 INFO asdec.enrichers.lexical.worker: [Batch 51] Fetched a batch of 16000 domains.
2026-10-01 11:05:47,335 INFO asdec.enrichers.lexical.worker: [Batch 51] 16000/16000 domains enriched succesfully. 0 errors.
2026-10-01 11:05:48,569 INFO asdec.enrichers.lexical.worker: [Batch 52] Fetched a batch of 16000 domains.
2026-10-01 11:06:00,074 INFO asdec.enrichers.lexical.worker: [Batch 52] 16000/16000 domains enriched succesfully. 0 errors.
2026-10-01 11:06:01,406 INFO asdec.enrichers.lexical.worker: [Batch 53] Fetched a batch of 16000 domains.
2026-10-01 11:06:12,922 INFO asdec.enrichers.lexical.worker: [Batch 53] 16000/16000 domains enriched succesfully. 0 errors.
2026-10-01 11:06:14,268 INFO asdec.enrichers.lexical.worker: [Batch 54] Fetched a batch of 16000 domains.
2026-10-01 11:06:25,895 INFO asdec.enrichers.lexical.worker: [Batch 54] 16000/16000 domains enriched succesfully. 0 errors.
2026-10-01 11:06:27,112 INFO asdec.enrichers.lexical.worker: [Batch 55] Fetched a batch of 16000 domains.
2026-10-01 11:06:38,756 INFO asdec.enrichers.lexical.worker: [Batch 55] 16000/16000 domains enriched succesfully. 0 errors.
2026-10-01 11:06:39,991 INFO asdec.enrichers.lexical.worker: [Batch 56] Fetched a batch of 16000 domains.
2026-10-01 11:06:51,517 INFO asdec.enrichers.lexical.worker: [Batch 56] 16000/16000 domains enriched succesfully. 0 errors.
2026-10-01 11:06:52,852 INFO asdec.enrichers.lexical.worker: [Batch 57] Fetched a batch of 16000 domains.
2026-10-01 11:07:04,397 INFO asdec.enrichers.lexical.worker: [Batch 57] 16000/16000 domains enriched succesfully. 0 errors.
2026-10-01 11:07:05,788 INFO asdec.enrichers.lexical.worker: [Batch 58] Fetched a batch of 16000 domains.
2026-10-01 11:07:17,321 INFO asdec.enrichers.lexical.worker: [Batch 58] 16000/16000 domains enriched succesfully. 0 errors.
2026-10-01 11:07:18,606 INFO asdec.enrichers.lexical.worker: [Batch 59] Fetched a batch of 16000 domains.
2026-10-01 11:07:30,241 INFO asdec.enrichers.lexical.worker: [Batch 59] 16000/16000 domains enriched succesfully. 0 errors.
2026-10-01 11:07:31,541 INFO asdec.enrichers.lexical.worker: [Batch 60] Fetched a batch of 16000 domains.
2026-10-01 11:07:43,066 INFO asdec.enrichers.lexical.worker: [Batch 60] 16000/16000 domains enriched succesfully. 0 errors.
2026-10-01 11:07:44,490 INFO asdec.enrichers.lexical.worker: [Batch 61] Fetched a batch of 16000 domains.
2026-10-01 11:07:56,117 INFO asdec.enrichers.lexical.worker: [Batch 61] 16000/16000 domains enriched succesfully. 0 errors.
2026-10-01 11:07:57,538 INFO asdec.enrichers.lexical.worker: [Batch 62] Fetched a batch of 16000 domains.
2026-10-01 11:08:09,373 INFO asdec.enrichers.lexical.worker: [Batch 62] 16000/16000 domains enriched succesfully. 0 errors.
2026-10-01 11:08:10,686 INFO asdec.enrichers.lexical.worker: [Batch 63] Fetched a batch of 16000 domains.
2026-10-01 11:08:22,435 INFO asdec.enrichers.lexical.worker: [Batch 63] 16000/16000 domains enriched succesfully. 0 errors.
2026-10-01 11:08:23,810 INFO asdec.enrichers.lexical.worker: [Batch 64] Fetched a batch of 16000 domains.
2026-10-01 11:08:35,391 INFO asdec.enrichers.lexical.worker: [Batch 64] 16000/16000 domains enriched succesfully. 0 errors.
2026-10-01 11:08:36,850 INFO asdec.enrichers.lexical.worker: [Batch 65] Fetched a batch of 16000 domains.
2026-10-01 11:08:48,463 INFO asdec.enrichers.lexical.worker: [Batch 65] 16000/16000 domains enriched succesfully. 0 errors.
2026-10-01 11:08:49,929 INFO asdec.enrichers.lexical.worker: [Batch 66] Fetched a batch of 16000 domains.
2026-10-01 11:09:01,424 INFO asdec.enrichers.lexical.worker: [Batch 66] 16000/16000 domains enriched succesfully. 0 errors.
2026-10-01 11:09:02,792 INFO asdec.enrichers.lexical.worker: [Batch 67] Fetched a batch of 16000 domains.
2026-10-01 11:09:14,845 INFO asdec.enrichers.lexical.worker: [Batch 67] 16000/16000 domains enriched succesfully. 0 errors.
2026-10-01 11:09:16,605 INFO asdec.enrichers.lexical.worker: [Batch 68] Fetched a batch of 16000 domains.
2026-10-01 11:09:30,625 INFO asdec.enrichers.lexical.worker: [Batch 68] 16000/16000 domains enriched succesfully. 0 errors.
2026-10-01 11:09:32,249 INFO asdec.enrichers.lexical.worker: [Batch 69] Fetched a batch of 16000 domains.
2026-10-01 11:09:44,560 INFO asdec.enrichers.lexical.worker: [Batch 69] 16000/16000 domains enriched succesfully. 0 errors.
2026-10-01 11:09:46,130 INFO asdec.enrichers.lexical.worker: [Batch 70] Fetched a batch of 16000 domains.
2026-10-01 11:09:58,048 INFO asdec.enrichers.lexical.worker: [Batch 70] 16000/16000 domains enriched succesfully. 0 errors.
2026-10-01 11:09:59,518 INFO asdec.enrichers.lexical.worker: [Batch 71] Fetched a batch of 16000 domains.
2026-10-01 11:10:11,364 INFO asdec.enrichers.lexical.worker: [Batch 71] 16000/16000 domains enriched succesfully. 0 errors.
2026-10-01 11:10:12,930 INFO asdec.enrichers.lexical.worker: [Batch 72] Fetched a batch of 16000 domains.
2026-10-01 11:10:24,937 INFO asdec.enrichers.lexical.worker: [Batch 72] 16000/16000 domains enriched succesfully. 0 errors.
2026-10-01 11:10:26,584 INFO asdec.enrichers.lexical.worker: [Batch 73] Fetched a batch of 16000 domains.
2026-10-01 11:10:38,398 INFO asdec.enrichers.lexical.worker: [Batch 73] 16000/16000 domains enriched succesfully. 0 errors.
2026-10-01 11:10:39,923 INFO asdec.enrichers.lexical.worker: [Batch 74] Fetched a batch of 16000 domains.
2026-10-01 11:10:52,204 INFO asdec.enrichers.lexical.worker: [Batch 74] 16000/16000 domains enriched succesfully. 0 errors.
2026-10-01 11:10:53,732 INFO asdec.enrichers.lexical.worker: [Batch 75] Fetched a batch of 16000 domains.
2026-10-01 11:11:05,651 INFO asdec.enrichers.lexical.worker: [Batch 75] 16000/16000 domains enriched succesfully. 0 errors.
2026-10-01 11:11:07,271 INFO asdec.enrichers.lexical.worker: [Batch 76] Fetched a batch of 16000 domains.
2026-10-01 11:11:20,921 INFO asdec.enrichers.lexical.worker: [Batch 76] 16000/16000 domains enriched succesfully. 0 errors.
2026-10-01 11:11:22,684 INFO asdec.enrichers.lexical.worker: [Batch 77] Fetched a batch of 16000 domains.
2026-10-01 11:11:34,689 INFO asdec.enrichers.lexical.worker: [Batch 77] 16000/16000 domains enriched succesfully. 0 errors.
2026-10-01 11:11:36,386 INFO asdec.enrichers.lexical.worker: [Batch 78] Fetched a batch of 16000 domains.
2026-10-01 11:11:48,269 INFO asdec.enrichers.lexical.worker: [Batch 78] 16000/16000 domains enriched succesfully. 0 errors.
2026-10-01 11:11:49,788 INFO asdec.enrichers.lexical.worker: [Batch 79] Fetched a batch of 16000 domains.
2026-10-01 11:12:02,072 INFO asdec.enrichers.lexical.worker: [Batch 79] 16000/16000 domains enriched succesfully. 0 errors.
2026-10-01 11:12:03,821 INFO asdec.enrichers.lexical.worker: [Batch 80] Fetched a batch of 16000 domains.
2026-10-01 11:12:16,899 INFO asdec.enrichers.lexical.worker: [Batch 80] 16000/16000 domains enriched succesfully. 0 errors.
2026-10-01 11:12:18,548 INFO asdec.enrichers.lexical.worker: [Batch 81] Fetched a batch of 16000 domains.
2026-10-01 11:12:30,439 INFO asdec.enrichers.lexical.worker: [Batch 81] 16000/16000 domains enriched succesfully. 0 errors.
2026-10-01 11:12:32,079 INFO asdec.enrichers.lexical.worker: [Batch 82] Fetched a batch of 16000 domains.
2026-10-01 11:12:44,004 INFO asdec.enrichers.lexical.worker: [Batch 82] 16000/16000 domains enriched succesfully. 0 errors.
2026-10-01 11:12:45,564 INFO asdec.enrichers.lexical.worker: [Batch 83] Fetched a batch of 16000 domains.
2026-10-01 11:12:57,377 INFO asdec.enrichers.lexical.worker: [Batch 83] 16000/16000 domains enriched succesfully. 0 errors.
2026-10-01 11:12:59,059 INFO asdec.enrichers.lexical.worker: [Batch 84] Fetched a batch of 16000 domains.
2026-10-01 11:13:10,824 INFO asdec.enrichers.lexical.worker: [Batch 84] 16000/16000 domains enriched succesfully. 0 errors.
2026-10-01 11:13:12,540 INFO asdec.enrichers.lexical.worker: [Batch 85] Fetched a batch of 16000 domains.
2026-10-01 11:13:24,380 INFO asdec.enrichers.lexical.worker: [Batch 85] 16000/16000 domains enriched succesfully. 0 errors.
2026-10-01 11:13:26,086 INFO asdec.enrichers.lexical.worker: [Batch 86] Fetched a batch of 16000 domains.
2026-10-01 11:13:37,859 INFO asdec.enrichers.lexical.worker: [Batch 86] 16000/16000 domains enriched succesfully. 0 errors.
2026-10-01 11:13:39,460 INFO asdec.enrichers.lexical.worker: [Batch 87] Fetched a batch of 16000 domains.
2026-10-01 11:13:51,330 INFO asdec.enrichers.lexical.worker: [Batch 87] 16000/16000 domains enriched succesfully. 0 errors.
2026-10-01 11:13:53,047 INFO asdec.enrichers.lexical.worker: [Batch 88] Fetched a batch of 16000 domains.
2026-10-01 11:14:05,998 INFO asdec.enrichers.lexical.worker: [Batch 88] 16000/16000 domains enriched succesfully. 0 errors.
2026-10-01 11:14:08,326 INFO asdec.enrichers.lexical.worker: [Batch 89] Fetched a batch of 16000 domains.
2026-10-01 11:14:24,513 INFO asdec.enrichers.lexical.worker: [Batch 89] 16000/16000 domains enriched succesfully. 0 errors.
2026-10-01 11:14:28,032 INFO asdec.enrichers.lexical.worker: [Batch 90] Fetched a batch of 16000 domains.
2026-10-01 11:14:40,426 INFO asdec.enrichers.lexical.worker: [Batch 90] 16000/16000 domains enriched succesfully. 0 errors.
2026-10-01 11:14:42,234 INFO asdec.enrichers.lexical.worker: [Batch 91] Fetched a batch of 16000 domains.
2026-10-01 11:14:54,972 INFO asdec.enrichers.lexical.worker: [Batch 91] 16000/16000 domains enriched succesfully. 0 errors.
2026-10-01 11:14:56,967 INFO asdec.enrichers.lexical.worker: [Batch 92] Fetched a batch of 16000 domains.
2026-10-01 11:15:08,938 INFO asdec.enrichers.lexical.worker: [Batch 92] 16000/16000 domains enriched succesfully. 0 errors.
2026-10-01 11:15:10,884 INFO asdec.enrichers.lexical.worker: [Batch 93] Fetched a batch of 16000 domains.
2026-10-01 11:15:23,321 INFO asdec.enrichers.lexical.worker: [Batch 93] 16000/16000 domains enriched succesfully. 0 errors.
2026-10-01 11:15:25,135 INFO asdec.enrichers.lexical.worker: [Batch 94] Fetched a batch of 16000 domains.
2026-10-01 11:15:37,298 INFO asdec.enrichers.lexical.worker: [Batch 94] 16000/16000 domains enriched succesfully. 0 errors.
2026-10-01 11:15:39,064 INFO asdec.enrichers.lexical.worker: [Batch 95] Fetched a batch of 16000 domains.
2026-10-01 11:15:50,912 INFO asdec.enrichers.lexical.worker: [Batch 95] 16000/16000 domains enriched succesfully. 0 errors.
2026-10-01 11:15:52,818 INFO asdec.enrichers.lexical.worker: [Batch 96] Fetched a batch of 16000 domains.
2026-10-01 11:16:04,708 INFO asdec.enrichers.lexical.worker: [Batch 96] 16000/16000 domains enriched succesfully. 0 errors.
2026-10-01 11:16:06,629 INFO asdec.enrichers.lexical.worker: [Batch 97] Fetched a batch of 16000 domains.
2026-10-01 11:16:18,649 INFO asdec.enrichers.lexical.worker: [Batch 97] 16000/16000 domains enriched succesfully. 0 errors.
2026-10-01 11:16:20,657 INFO asdec.enrichers.lexical.worker: [Batch 98] Fetched a batch of 16000 domains.
2026-10-01 11:16:32,311 INFO asdec.enrichers.lexical.worker: [Batch 98] 16000/16000 domains enriched succesfully. 0 errors.
2026-10-01 11:16:34,063 INFO asdec.enrichers.lexical.worker: [Batch 99] Fetched a batch of 16000 domains.
2026-10-01 11:16:46,231 INFO asdec.enrichers.lexical.worker: [Batch 99] 16000/16000 domains enriched succesfully. 0 errors.
2026-10-01 11:16:48,108 INFO asdec.enrichers.lexical.worker: [Batch 100] Fetched a batch of 16000 domains.
2026-10-01 11:16:59,697 INFO asdec.enrichers.lexical.worker: [Batch 100] 16000/16000 domains enriched succesfully. 0 errors.
2026-10-01 11:17:01,659 INFO asdec.enrichers.lexical.worker: [Batch 101] Fetched a batch of 16000 domains.
2026-10-01 11:17:13,412 INFO asdec.enrichers.lexical.worker: [Batch 101] 16000/16000 domains enriched succesfully. 0 errors.
2026-10-01 11:17:15,335 INFO asdec.enrichers.lexical.worker: [Batch 102] Fetched a batch of 16000 domains.
2026-10-01 11:17:26,805 INFO asdec.enrichers.lexical.worker: [Batch 102] 16000/16000 domains enriched succesfully. 0 errors.
2026-10-01 11:17:28,607 INFO asdec.enrichers.lexical.worker: [Batch 103] Fetched a batch of 16000 domains.
2026-10-01 11:17:40,071 INFO asdec.enrichers.lexical.worker: [Batch 103] 16000/16000 domains enriched succesfully. 0 errors.
2026-10-01 11:17:42,017 INFO asdec.enrichers.lexical.worker: [Batch 104] Fetched a batch of 16000 domains.
2026-10-01 11:17:53,622 INFO asdec.enrichers.lexical.worker: [Batch 104] 16000/16000 domains enriched succesfully. 0 errors.
2026-10-01 11:17:55,705 INFO asdec.enrichers.lexical.worker: [Batch 105] Fetched a batch of 16000 domains.
2026-10-01 11:18:07,678 INFO asdec.enrichers.lexical.worker: [Batch 105] 16000/16000 domains enriched succesfully. 0 errors.
2026-10-01 11:18:09,732 INFO asdec.enrichers.lexical.worker: [Batch 106] Fetched a batch of 16000 domains.
2026-10-01 11:18:21,445 INFO asdec.enrichers.lexical.worker: [Batch 106] 16000/16000 domains enriched succesfully. 0 errors.
2026-10-01 11:18:23,316 INFO asdec.enrichers.lexical.worker: [Batch 107] Fetched a batch of 16000 domains.
2026-10-01 11:18:34,787 INFO asdec.enrichers.lexical.worker: [Batch 107] 16000/16000 domains enriched succesfully. 0 errors.
2026-10-01 11:18:36,812 INFO asdec.enrichers.lexical.worker: [Batch 108] Fetched a batch of 16000 domains.
2026-10-01 11:18:48,407 INFO asdec.enrichers.lexical.worker: [Batch 108] 16000/16000 domains enriched succesfully. 0 errors.
2026-10-01 11:18:50,522 INFO asdec.enrichers.lexical.worker: [Batch 109] Fetched a batch of 16000 domains.
2026-10-01 11:19:02,412 INFO asdec.enrichers.lexical.worker: [Batch 109] 16000/16000 domains enriched succesfully. 0 errors.
2026-10-01 11:19:04,525 INFO asdec.enrichers.lexical.worker: [Batch 110] Fetched a batch of 16000 domains.
2026-10-01 11:19:16,375 INFO asdec.enrichers.lexical.worker: [Batch 110] 16000/16000 domains enriched succesfully. 0 errors.
2026-10-01 11:19:18,386 INFO asdec.enrichers.lexical.worker: [Batch 111] Fetched a batch of 16000 domains.
2026-10-01 11:19:30,208 INFO asdec.enrichers.lexical.worker: [Batch 111] 16000/16000 domains enriched succesfully. 0 errors.
2026-10-01 11:19:32,366 INFO asdec.enrichers.lexical.worker: [Batch 112] Fetched a batch of 16000 domains.
2026-10-01 11:19:44,271 INFO asdec.enrichers.lexical.worker: [Batch 112] 16000/16000 domains enriched succesfully. 0 errors.
2026-10-01 11:19:46,441 INFO asdec.enrichers.lexical.worker: [Batch 113] Fetched a batch of 16000 domains.
2026-10-01 11:19:58,214 INFO asdec.enrichers.lexical.worker: [Batch 113] 16000/16000 domains enriched succesfully. 0 errors.
2026-10-01 11:20:00,403 INFO asdec.enrichers.lexical.worker: [Batch 114] Fetched a batch of 16000 domains.
2026-10-01 11:20:12,081 INFO asdec.enrichers.lexical.worker: [Batch 114] 16000/16000 domains enriched succesfully. 0 errors.
2026-10-01 11:20:14,152 INFO asdec.enrichers.lexical.worker: [Batch 115] Fetched a batch of 16000 domains.
2026-10-01 11:20:26,666 INFO asdec.enrichers.lexical.worker: [Batch 115] 16000/16000 domains enriched succesfully. 0 errors.
2026-10-01 11:20:29,054 INFO asdec.enrichers.lexical.worker: [Batch 116] Fetched a batch of 16000 domains.
2026-10-01 11:20:40,963 INFO asdec.enrichers.lexical.worker: [Batch 116] 16000/16000 domains enriched succesfully. 0 errors.
2026-10-01 11:20:43,160 INFO asdec.enrichers.lexical.worker: [Batch 117] Fetched a batch of 16000 domains.
2026-10-01 11:20:55,147 INFO asdec.enrichers.lexical.worker: [Batch 117] 16000/16000 domains enriched succesfully. 0 errors.
2026-10-01 11:20:57,377 INFO asdec.enrichers.lexical.worker: [Batch 118] Fetched a batch of 16000 domains.
2026-10-01 11:21:09,307 INFO asdec.enrichers.lexical.worker: [Batch 118] 16000/16000 domains enriched succesfully. 0 errors.
2026-10-01 11:21:11,566 INFO asdec.enrichers.lexical.worker: [Batch 119] Fetched a batch of 16000 domains.
2026-10-01 11:21:25,490 INFO asdec.enrichers.lexical.worker: [Batch 119] 16000/16000 domains enriched succesfully. 0 errors.
2026-10-01 11:21:30,630 INFO asdec.enrichers.lexical.worker: [Batch 120] Fetched a batch of 16000 domains.
2026-10-01 11:21:42,185 INFO asdec.enrichers.lexical.worker: [Batch 120] 16000/16000 domains enriched succesfully. 0 errors.
2026-10-01 11:21:45,598 INFO asdec.enrichers.lexical.worker: [Batch 121] Fetched a batch of 16000 domains.
2026-10-01 11:21:57,092 INFO asdec.enrichers.lexical.worker: [Batch 121] 16000/16000 domains enriched succesfully. 0 errors.
2026-10-01 11:21:59,171 INFO asdec.enrichers.lexical.worker: [Batch 122] Fetched a batch of 16000 domains.
2026-10-01 11:22:10,639 INFO asdec.enrichers.lexical.worker: [Batch 122] 16000/16000 domains enriched succesfully. 0 errors.
2026-10-01 11:22:12,643 INFO asdec.enrichers.lexical.worker: [Batch 123] Fetched a batch of 16000 domains.
2026-10-01 11:22:24,369 INFO asdec.enrichers.lexical.worker: [Batch 123] 16000/16000 domains enriched succesfully. 0 errors.
2026-10-01 11:22:26,459 INFO asdec.enrichers.lexical.worker: [Batch 124] Fetched a batch of 16000 domains.
2026-10-01 11:22:39,215 INFO asdec.enrichers.lexical.worker: [Batch 124] 16000/16000 domains enriched succesfully. 0 errors.
2026-10-01 11:22:41,467 INFO asdec.enrichers.lexical.worker: [Batch 125] Fetched a batch of 16000 domains.
2026-10-01 11:22:53,666 INFO asdec.enrichers.lexical.worker: [Batch 125] 16000/16000 domains enriched succesfully. 0 errors.
2026-10-01 11:22:55,999 INFO asdec.enrichers.lexical.worker: [Batch 126] Fetched a batch of 16000 domains.
2026-10-01 11:23:08,672 INFO asdec.enrichers.lexical.worker: [Batch 126] 16000/16000 domains enriched succesfully. 0 errors.
2026-10-01 11:23:10,909 INFO asdec.enrichers.lexical.worker: [Batch 127] Fetched a batch of 16000 domains.
2026-10-01 11:23:23,423 INFO asdec.enrichers.lexical.worker: [Batch 127] 16000/16000 domains enriched succesfully. 0 errors.
2026-10-01 11:23:25,879 INFO asdec.enrichers.lexical.worker: [Batch 128] Fetched a batch of 16000 domains.
2026-10-01 11:23:37,609 INFO asdec.enrichers.lexical.worker: [Batch 128] 16000/16000 domains enriched succesfully. 0 errors.
2026-10-01 11:23:39,878 INFO asdec.enrichers.lexical.worker: [Batch 129] Fetched a batch of 16000 domains.
2026-10-01 11:23:51,595 INFO asdec.enrichers.lexical.worker: [Batch 129] 16000/16000 domains enriched succesfully. 0 errors.
2026-10-01 11:23:53,685 INFO asdec.enrichers.lexical.worker: [Batch 130] Fetched a batch of 16000 domains.
2026-10-01 11:24:06,000 INFO asdec.enrichers.lexical.worker: [Batch 130] 16000/16000 domains enriched succesfully. 0 errors.
2026-10-01 11:24:08,149 INFO asdec.enrichers.lexical.worker: [Batch 131] Fetched a batch of 16000 domains.
2026-10-01 11:24:20,072 INFO asdec.enrichers.lexical.worker: [Batch 131] 16000/16000 domains enriched succesfully. 0 errors.
2026-10-01 11:24:22,385 INFO asdec.enrichers.lexical.worker: [Batch 132] Fetched a batch of 16000 domains.
2026-10-01 11:24:34,293 INFO asdec.enrichers.lexical.worker: [Batch 132] 16000/16000 domains enriched succesfully. 0 errors.
2026-10-01 11:24:36,603 INFO asdec.enrichers.lexical.worker: [Batch 133] Fetched a batch of 16000 domains.
2026-10-01 11:24:48,367 INFO asdec.enrichers.lexical.worker: [Batch 133] 16000/16000 domains enriched succesfully. 0 errors.
2026-10-01 11:24:50,552 INFO asdec.enrichers.lexical.worker: [Batch 134] Fetched a batch of 16000 domains.
2026-10-01 11:25:02,672 INFO asdec.enrichers.lexical.worker: [Batch 134] 16000/16000 domains enriched succesfully. 0 errors.
2026-10-01 11:25:04,924 INFO asdec.enrichers.lexical.worker: [Batch 135] Fetched a batch of 16000 domains.
2026-10-01 11:25:16,808 INFO asdec.enrichers.lexical.worker: [Batch 135] 16000/16000 domains enriched succesfully. 0 errors.
2026-10-01 11:25:19,166 INFO asdec.enrichers.lexical.worker: [Batch 136] Fetched a batch of 16000 domains.
2026-10-01 11:25:30,752 INFO asdec.enrichers.lexical.worker: [Batch 136] 16000/16000 domains enriched succesfully. 0 errors.
2026-10-01 11:25:33,109 INFO asdec.enrichers.lexical.worker: [Batch 137] Fetched a batch of 16000 domains.
2026-10-01 11:25:44,824 INFO asdec.enrichers.lexical.worker: [Batch 137] 16000/16000 domains enriched succesfully. 0 errors.
2026-10-01 11:25:47,172 INFO asdec.enrichers.lexical.worker: [Batch 138] Fetched a batch of 16000 domains.
2026-10-01 11:25:59,155 INFO asdec.enrichers.lexical.worker: [Batch 138] 16000/16000 domains enriched succesfully. 0 errors.
2026-10-01 11:26:01,435 INFO asdec.enrichers.lexical.worker: [Batch 139] Fetched a batch of 16000 domains.
2026-10-01 11:26:13,266 INFO asdec.enrichers.lexical.worker: [Batch 139] 16000/16000 domains enriched succesfully. 0 errors.
2026-10-01 11:26:15,671 INFO asdec.enrichers.lexical.worker: [Batch 140] Fetched a batch of 16000 domains.
2026-10-01 11:26:27,964 INFO asdec.enrichers.lexical.worker: [Batch 140] 16000/16000 domains enriched succesfully. 0 errors.
2026-10-01 11:26:30,675 INFO asdec.enrichers.lexical.worker: [Batch 141] Fetched a batch of 16000 domains.
2026-10-01 11:26:42,718 INFO asdec.enrichers.lexical.worker: [Batch 141] 16000/16000 domains enriched succesfully. 0 errors.
2026-10-01 11:26:45,164 INFO asdec.enrichers.lexical.worker: [Batch 142] Fetched a batch of 16000 domains.
2026-10-01 11:26:57,156 INFO asdec.enrichers.lexical.worker: [Batch 142] 16000/16000 domains enriched succesfully. 0 errors.
2026-10-01 11:26:59,471 INFO asdec.enrichers.lexical.worker: [Batch 143] Fetched a batch of 16000 domains.
2026-10-01 11:27:11,956 INFO asdec.enrichers.lexical.worker: [Batch 143] 16000/16000 domains enriched succesfully. 0 errors.
2026-10-01 11:27:14,534 INFO asdec.enrichers.lexical.worker: [Batch 144] Fetched a batch of 16000 domains.
2026-10-01 11:27:26,352 INFO asdec.enrichers.lexical.worker: [Batch 144] 16000/16000 domains enriched succesfully. 0 errors.
2026-10-01 11:27:28,904 INFO asdec.enrichers.lexical.worker: [Batch 145] Fetched a batch of 16000 domains.
2026-10-01 11:27:42,716 INFO asdec.enrichers.lexical.worker: [Batch 145] 16000/16000 domains enriched succesfully. 0 errors.
2026-10-01 11:27:45,514 INFO asdec.enrichers.lexical.worker: [Batch 146] Fetched a batch of 16000 domains.
2026-10-01 11:27:58,481 INFO asdec.enrichers.lexical.worker: [Batch 146] 16000/16000 domains enriched succesfully. 0 errors.
2026-10-01 11:28:01,288 INFO asdec.enrichers.lexical.worker: [Batch 147] Fetched a batch of 16000 domains.
2026-10-01 11:28:13,093 INFO asdec.enrichers.lexical.worker: [Batch 147] 16000/16000 domains enriched succesfully. 0 errors.
2026-10-01 11:28:15,555 INFO asdec.enrichers.lexical.worker: [Batch 148] Fetched a batch of 16000 domains.
2026-10-01 11:28:27,927 INFO asdec.enrichers.lexical.worker: [Batch 148] 16000/16000 domains enriched succesfully. 0 errors.
2026-10-01 11:28:30,511 INFO asdec.enrichers.lexical.worker: [Batch 149] Fetched a batch of 16000 domains.
2026-10-01 11:28:42,352 INFO asdec.enrichers.lexical.worker: [Batch 149] 16000/16000 domains enriched succesfully. 0 errors.
2026-10-01 11:28:44,778 INFO asdec.enrichers.lexical.worker: [Batch 150] Fetched a batch of 16000 domains.
2026-10-01 11:28:56,879 INFO asdec.enrichers.lexical.worker: [Batch 150] 16000/16000 domains enriched succesfully. 0 errors.
2026-10-01 11:28:59,503 INFO asdec.enrichers.lexical.worker: [Batch 151] Fetched a batch of 16000 domains.
2026-10-01 11:29:11,563 INFO asdec.enrichers.lexical.worker: [Batch 151] 16000/16000 domains enriched succesfully. 0 errors.
2026-10-01 11:29:14,475 INFO asdec.enrichers.lexical.worker: [Batch 152] Fetched a batch of 16000 domains.
2026-10-01 11:29:27,527 INFO asdec.enrichers.lexical.worker: [Batch 152] 16000/16000 domains enriched succesfully. 0 errors.
2026-10-01 11:29:30,345 INFO asdec.enrichers.lexical.worker: [Batch 153] Fetched a batch of 16000 domains.
2026-10-01 11:29:42,391 INFO asdec.enrichers.lexical.worker: [Batch 153] 16000/16000 domains enriched succesfully. 0 errors.
2026-10-01 11:29:44,974 INFO asdec.enrichers.lexical.worker: [Batch 154] Fetched a batch of 16000 domains.
2026-10-01 11:29:57,038 INFO asdec.enrichers.lexical.worker: [Batch 154] 16000/16000 domains enriched succesfully. 0 errors.
2026-10-01 11:29:59,739 INFO asdec.enrichers.lexical.worker: [Batch 155] Fetched a batch of 16000 domains.
2026-10-01 11:30:11,644 INFO asdec.enrichers.lexical.worker: [Batch 155] 16000/16000 domains enriched succesfully. 0 errors.
2026-10-01 11:30:14,342 INFO asdec.enrichers.lexical.worker: [Batch 156] Fetched a batch of 16000 domains.
2026-10-01 11:30:26,303 INFO asdec.enrichers.lexical.worker: [Batch 156] 16000/16000 domains enriched succesfully. 0 errors.
2026-10-01 11:30:28,949 INFO asdec.enrichers.lexical.worker: [Batch 157] Fetched a batch of 16000 domains.
2026-10-01 11:30:40,966 INFO asdec.enrichers.lexical.worker: [Batch 157] 16000/16000 domains enriched succesfully. 0 errors.
2026-10-01 11:30:43,574 INFO asdec.enrichers.lexical.worker: [Batch 158] Fetched a batch of 16000 domains.
2026-10-01 11:30:55,447 INFO asdec.enrichers.lexical.worker: [Batch 158] 16000/16000 domains enriched succesfully. 0 errors.
2026-10-01 11:31:00,046 INFO asdec.enrichers.lexical.worker: [Batch 159] Fetched a batch of 16000 domains.
2026-10-01 11:31:12,254 INFO asdec.enrichers.lexical.worker: [Batch 159] 16000/16000 domains enriched succesfully. 0 errors.
2026-10-01 11:31:15,060 INFO asdec.enrichers.lexical.worker: [Batch 160] Fetched a batch of 16000 domains.
2026-10-01 11:31:27,780 INFO asdec.enrichers.lexical.worker: [Batch 160] 16000/16000 domains enriched succesfully. 0 errors.
2026-10-01 11:31:31,752 INFO asdec.enrichers.lexical.worker: [Batch 161] Fetched a batch of 16000 domains.
2026-10-01 11:31:44,102 INFO asdec.enrichers.lexical.worker: [Batch 161] 16000/16000 domains enriched succesfully. 0 errors.
2026-10-01 11:31:46,617 INFO asdec.enrichers.lexical.worker: [Batch 162] Fetched a batch of 16000 domains.
2026-10-01 11:31:58,509 INFO asdec.enrichers.lexical.worker: [Batch 162] 16000/16000 domains enriched succesfully. 0 errors.
2026-10-01 11:32:01,208 INFO asdec.enrichers.lexical.worker: [Batch 163] Fetched a batch of 16000 domains.
2026-10-01 11:32:13,117 INFO asdec.enrichers.lexical.worker: [Batch 163] 16000/16000 domains enriched succesfully. 0 errors.
2026-10-01 11:32:15,779 INFO asdec.enrichers.lexical.worker: [Batch 164] Fetched a batch of 16000 domains.
2026-10-01 11:32:27,876 INFO asdec.enrichers.lexical.worker: [Batch 164] 16000/16000 domains enriched succesfully. 0 errors.
2026-10-01 11:32:30,458 INFO asdec.enrichers.lexical.worker: [Batch 165] Fetched a batch of 16000 domains.
2026-10-01 11:32:42,605 INFO asdec.enrichers.lexical.worker: [Batch 165] 16000/16000 domains enriched succesfully. 0 errors.
2026-10-01 11:32:45,119 INFO asdec.enrichers.lexical.worker: [Batch 166] Fetched a batch of 16000 domains.
2026-10-01 11:32:56,871 INFO asdec.enrichers.lexical.worker: [Batch 166] 16000/16000 domains enriched succesfully. 0 errors.
2026-10-01 11:32:59,538 INFO asdec.enrichers.lexical.worker: [Batch 167] Fetched a batch of 16000 domains.
2026-10-01 11:33:11,743 INFO asdec.enrichers.lexical.worker: [Batch 167] 16000/16000 domains enriched succesfully. 0 errors.
2026-10-01 11:33:14,545 INFO asdec.enrichers.lexical.worker: [Batch 168] Fetched a batch of 16000 domains.
2026-10-01 11:33:26,481 INFO asdec.enrichers.lexical.worker: [Batch 168] 16000/16000 domains enriched succesfully. 0 errors.
2026-10-01 11:33:28,982 INFO asdec.enrichers.lexical.worker: [Batch 169] Fetched a batch of 16000 domains.
2026-10-01 11:33:42,549 INFO asdec.enrichers.lexical.worker: [Batch 169] 16000/16000 domains enriched succesfully. 0 errors.
2026-10-01 11:33:45,157 INFO asdec.enrichers.lexical.worker: [Batch 170] Fetched a batch of 16000 domains.
2026-10-01 11:33:57,219 INFO asdec.enrichers.lexical.worker: [Batch 170] 16000/16000 domains enriched succesfully. 0 errors.
2026-10-01 11:34:00,022 INFO asdec.enrichers.lexical.worker: [Batch 171] Fetched a batch of 16000 domains.
2026-10-01 11:34:12,000 INFO asdec.enrichers.lexical.worker: [Batch 171] 16000/16000 domains enriched succesfully. 0 errors.
2026-10-01 11:34:15,020 INFO asdec.enrichers.lexical.worker: [Batch 172] Fetched a batch of 16000 domains.
2026-10-01 11:34:27,085 INFO asdec.enrichers.lexical.worker: [Batch 172] 16000/16000 domains enriched succesfully. 0 errors.
2026-10-01 11:34:29,918 INFO asdec.enrichers.lexical.worker: [Batch 173] Fetched a batch of 16000 domains.
2026-10-01 11:34:42,095 INFO asdec.enrichers.lexical.worker: [Batch 173] 16000/16000 domains enriched succesfully. 0 errors.
2026-10-01 11:34:45,177 INFO asdec.enrichers.lexical.worker: [Batch 174] Fetched a batch of 16000 domains.
2026-10-01 11:34:58,412 INFO asdec.enrichers.lexical.worker: [Batch 174] 16000/16000 domains enriched succesfully. 0 errors.
2026-10-01 11:35:01,512 INFO asdec.enrichers.lexical.worker: [Batch 175] Fetched a batch of 16000 domains.
2026-10-01 11:35:13,459 INFO asdec.enrichers.lexical.worker: [Batch 175] 16000/16000 domains enriched succesfully. 0 errors.
2026-10-01 11:35:16,200 INFO asdec.enrichers.lexical.worker: [Batch 176] Fetched a batch of 16000 domains.
2026-10-01 11:35:29,490 INFO asdec.enrichers.lexical.worker: [Batch 176] 16000/16000 domains enriched succesfully. 0 errors.
2026-10-01 11:35:32,455 INFO asdec.enrichers.lexical.worker: [Batch 177] Fetched a batch of 16000 domains.
2026-10-01 11:35:44,620 INFO asdec.enrichers.lexical.worker: [Batch 177] 16000/16000 domains enriched succesfully. 0 errors.
2026-10-01 11:35:47,509 INFO asdec.enrichers.lexical.worker: [Batch 178] Fetched a batch of 16000 domains.
2026-10-01 11:35:59,462 INFO asdec.enrichers.lexical.worker: [Batch 178] 16000/16000 domains enriched succesfully. 0 errors.
2026-10-01 11:36:02,321 INFO asdec.enrichers.lexical.worker: [Batch 179] Fetched a batch of 16000 domains.
2026-10-01 11:36:14,425 INFO asdec.enrichers.lexical.worker: [Batch 179] 16000/16000 domains enriched succesfully. 0 errors.
2026-10-01 11:36:17,357 INFO asdec.enrichers.lexical.worker: [Batch 180] Fetched a batch of 16000 domains.
2026-10-01 11:36:29,331 INFO asdec.enrichers.lexical.worker: [Batch 180] 16000/16000 domains enriched succesfully. 0 errors.
2026-10-01 11:36:32,048 INFO asdec.enrichers.lexical.worker: [Batch 181] Fetched a batch of 16000 domains.
2026-10-01 11:36:43,798 INFO asdec.enrichers.lexical.worker: [Batch 181] 16000/16000 domains enriched succesfully. 0 errors.
2026-10-01 11:36:46,684 INFO asdec.enrichers.lexical.worker: [Batch 182] Fetched a batch of 16000 domains.
2026-10-01 11:36:58,670 INFO asdec.enrichers.lexical.worker: [Batch 182] 16000/16000 domains enriched succesfully. 0 errors.
2026-10-01 11:37:01,699 INFO asdec.enrichers.lexical.worker: [Batch 183] Fetched a batch of 16000 domains.
2026-10-01 11:37:13,658 INFO asdec.enrichers.lexical.worker: [Batch 183] 16000/16000 domains enriched succesfully. 0 errors.
2026-10-01 11:37:16,695 INFO asdec.enrichers.lexical.worker: [Batch 184] Fetched a batch of 16000 domains.
2026-10-01 11:37:28,934 INFO asdec.enrichers.lexical.worker: [Batch 184] 16000/16000 domains enriched succesfully. 0 errors.
2026-10-01 11:37:31,814 INFO asdec.enrichers.lexical.worker: [Batch 185] Fetched a batch of 16000 domains.
2026-10-01 11:37:43,827 INFO asdec.enrichers.lexical.worker: [Batch 185] 16000/16000 domains enriched succesfully. 0 errors.
2026-10-01 11:37:46,820 INFO asdec.enrichers.lexical.worker: [Batch 186] Fetched a batch of 16000 domains.
2026-10-01 11:37:58,810 INFO asdec.enrichers.lexical.worker: [Batch 186] 16000/16000 domains enriched succesfully. 0 errors.
2026-10-01 11:38:01,861 INFO asdec.enrichers.lexical.worker: [Batch 187] Fetched a batch of 16000 domains.
2026-10-01 11:38:13,822 INFO asdec.enrichers.lexical.worker: [Batch 187] 16000/16000 domains enriched succesfully. 0 errors.
2026-10-01 11:38:16,605 INFO asdec.enrichers.lexical.worker: [Batch 188] Fetched a batch of 16000 domains.
2026-10-01 11:38:28,546 INFO asdec.enrichers.lexical.worker: [Batch 188] 16000/16000 domains enriched succesfully. 0 errors.
2026-10-01 11:38:31,380 INFO asdec.enrichers.lexical.worker: [Batch 189] Fetched a batch of 16000 domains.
2026-10-01 11:38:43,537 INFO asdec.enrichers.lexical.worker: [Batch 189] 16000/16000 domains enriched succesfully. 0 errors.
2026-10-01 11:38:46,659 INFO asdec.enrichers.lexical.worker: [Batch 190] Fetched a batch of 16000 domains.
2026-10-01 11:38:58,777 INFO asdec.enrichers.lexical.worker: [Batch 190] 16000/16000 domains enriched succesfully. 0 errors.
2026-10-01 11:39:01,984 INFO asdec.enrichers.lexical.worker: [Batch 191] Fetched a batch of 16000 domains.
2026-10-01 11:39:14,077 INFO asdec.enrichers.lexical.worker: [Batch 191] 16000/16000 domains enriched succesfully. 0 errors.
2026-10-01 11:39:17,356 INFO asdec.enrichers.lexical.worker: [Batch 192] Fetched a batch of 16000 domains.
2026-10-01 11:39:29,611 INFO asdec.enrichers.lexical.worker: [Batch 192] 16000/16000 domains enriched succesfully. 0 errors.
2026-10-01 11:39:32,765 INFO asdec.enrichers.lexical.worker: [Batch 193] Fetched a batch of 16000 domains.
2026-10-01 11:39:45,498 INFO asdec.enrichers.lexical.worker: [Batch 193] 16000/16000 domains enriched succesfully. 0 errors.
2026-10-01 11:39:48,561 INFO asdec.enrichers.lexical.worker: [Batch 194] Fetched a batch of 16000 domains.
2026-10-01 11:40:00,078 INFO asdec.enrichers.lexical.worker: [Batch 194] 16000/16000 domains enriched succesfully. 0 errors.
2026-10-01 11:40:03,396 INFO asdec.enrichers.lexical.worker: [Batch 195] Fetched a batch of 16000 domains.
2026-10-01 11:40:15,050 INFO asdec.enrichers.lexical.worker: [Batch 195] 16000/16000 domains enriched succesfully. 0 errors.
2026-10-01 11:40:18,063 INFO asdec.enrichers.lexical.worker: [Batch 196] Fetched a batch of 16000 domains.
2026-10-01 11:40:29,917 INFO asdec.enrichers.lexical.worker: [Batch 196] 16000/16000 domains enriched succesfully. 0 errors.
2026-10-01 11:40:33,056 INFO asdec.enrichers.lexical.worker: [Batch 197] Fetched a batch of 15997 domains.
2026-10-01 11:40:44,602 INFO asdec.enrichers.lexical.worker: [Batch 197] 15997/15997 domains enriched succesfully. 0 errors.
